1.000000000000e+00 0.000000000000e+00 0.000000000000e+00 0.000000000000e+00 0.000000000000e+00 1.000000000000e+00 0.000000000000e+00 0.000000000000e+00 0.000000000000e+00 0.000000000000e+00 1.000000000000e+00 0.000000000000e+00
9.999963969236e-01 -2.302529500303e-03 -1.380035423781e-03 -4.548436029013e-03 2.306525437868e-03 9.999931321351e-01 2.900969330126e-03 -1.800049440129e-02 1.373346378422e-03 -2.904141964522e-03 9.999948399263e-01 1.534024032078e+00
9.999916282709e-01 -2.843956370387e-03 -2.941989181040e-03 -1.527128357627e-02 2.854864725778e-03 9.999890417040e-01 3.710285619946e-03 -3.553437804915e-02 2.931405051427e-03 -3.718653539576e-03 9.999887891773e-01 3.060574858493e+00
9.999889636462e-01 -1.766837367542e-03 -4.353259871122e-03 -3.415056118107e-02 1.782207954885e-03 9.999921832340e-01 3.529476685029e-03 -5.522592487361e-02 4.346989831413e-03 -3.537196146847e-03 9.999842958381e-01 4.589148786468e+00
9.999820337904e-01 -1.364782267448e-03 -5.836905488177e-03 -5.555992756340e-02 1.384111361999e-03 9.999935681020e-01 3.308774743026e-03 -6.923664088941e-02 5.832352188701e-03 -3.316794224090e-03 9.999774910187e-01 6.085793100477e+00
9.999734078951e-01 -1.466341478846e-03 -7.143762681096e-03 -7.484056561104e-02 1.492152446928e-03 9.999923739519e-01 3.609088396261e-03 -8.287116567947e-02 7.138416046402e-03 -3.619652005969e-03 9.999679700549e-01 7.573480266562e+00
9.999603882619e-01 -1.571282696463e-03 -8.760877686380e-03 -1.040877582712e-01 1.606465464173e-03 9.999906683159e-01 4.010305450315e-03 -9.983625425355e-02 8.754494609076e-03 -4.024220642584e-03 9.999535811588e-01 9.084648926565e+00
9.999382913938e-01 -3.522611481148e-03 -1.053587266239e-02 -1.302300074645e-01 3.556182772388e-03 9.999886543453e-01 3.169344539504e-03 -1.136746789545e-01 1.052458875656e-02 -3.206616452524e-03 9.999394734895e-01 1.059147974194e+01
9.999175202781e-01 -4.815163331952e-03 -1.190658821886e-02 -1.584470985573e-01 4.857168831134e-03 9.999820734608e-01 3.501523668660e-03 -1.276209879852e-01 1.188951436656e-02 -3.559067173144e-03 9.999229832787e-01 1.208826185381e+01
9.999021245525e-01 -4.571818552960e-03 -1.322269981937e-02 -1.872908876020e-01 4.617033578864e-03 9.999835919327e-01 3.390997829159e-03 -1.423628668819e-01 1.320697983363e-02 -3.451715582799e-03 9.999068263309e-01 1.359983514208e+01
9.998843455335e-01 -4.202333604143e-03 -1.461629054438e-02 -2.004856906568e-01 4.253088288549e-03 9.999850279535e-01 3.443124856461e-03 -1.588819309188e-01 1.460160254931e-02 -3.504891017830e-03 9.998872481145e-01 1.508601989801e+01
9.998804763408e-01 -2.397423903024e-03 -1.527368295686e-02 -2.308127340635e-01 2.459184636753e-03 9.999888713744e-01 4.026107075105e-03 -1.790264319411e-01 1.526386069642e-02 -4.063186666530e-03 9.998752447534e-01 1.654676724677e+01
9.998748779463e-01 -1.220407124853e-03 -1.577146341463e-02 -2.741398360331e-01 1.295756556171e-03 9.999877923527e-01 4.768245020728e-03 -1.898532893991e-01 1.576545168197e-02 -4.788084385239e-03 9.998642531770e-01 1.802254391109e+01
9.998658784600e-01 -4.147022134331e-04 -1.637232767675e-02 -3.084210441880e-01 5.071536818732e-04 9.999839491791e-01 5.643064709082e-03 -2.068823675835e-01 1.636972469602e-02 -5.650611138814e-03 9.998500401096e-01 1.948985376903e+01
9.998556209413e-01 -5.882272633881e-04 -1.698208646895e-02 -3.422962061239e-01 6.823802091990e-04 9.999844268595e-01 5.538988693548e-03 -2.167728882101e-01 1.697856382037e-02 -5.549777219291e-03 9.998404514438e-01 2.097649286855e+01
9.998370768966e-01 4.940086899738e-05 -1.805040781757e-02 -3.491944934977e-01 5.254922071201e-05 9.999840510316e-01 5.647558845466e-03 -2.284067220961e-01 1.805039892650e-02 -5.647587262517e-03 9.998211279307e-01 2.241776380595e+01
9.998327054415e-01 6.207807675357e-04 -1.828047484946e-02 -3.860476435458e-01 -5.075157642886e-04 9.999806513819e-01 6.199942701503e-03 -2.418624733014e-01 1.828396995272e-02 -6.189627855662e-03 9.998136751164e-01 2.388695764806e+01
9.998371665372e-01 1.663112893313e-03 -1.796870797469e-02 -4.198701369414e-01 -1.528383540101e-03 9.999706380621e-01 7.509131606363e-03 -2.545808997736e-01 1.798066891219e-02 -7.480445790956e-03 9.998103512548e-01 2.532686075260e+01
9.998360835340e-01 1.864800137210e-03 -1.800912501491e-02 -4.577189707051e-01 -1.752325218162e-03 9.999788756467e-01 6.259202555108e-03 -2.697143942929e-01 1.802041674557e-02 -6.226618724825e-03 9.998182303797e-01 2.678287003255e+01
9.998379507767e-01 2.256158468344e-03 -1.786006538564e-02 -5.016887534131e-01 -2.181336865525e-03 9.999887684639e-01 4.207697173282e-03 -2.789261466490e-01 1.786935802128e-02 -4.168056500177e-03 9.998316425023e-01 2.823518773069e+01
9.998472150147e-01 4.397741030373e-04 -1.747435910494e-02 -5.327876525478e-01 -3.695536519352e-04 9.999918454065e-01 4.021510989352e-03 -2.939288285151e-01 1.747598516503e-02 -4.014438849632e-03 9.998392241872e-01 2.967709619076e+01
9.998514429418e-01 -5.359264922832e-04 -1.722802455197e-02 -5.638003452963e-01 6.520547694057e-04 9.999771019802e-01 6.735750874374e-03 -3.093862180488e-01 1.722402019698e-02 -6.745983846616e-03 9.998288977771e-01 3.108831892617e+01
9.998493237104e-01 -2.231976733869e-03 -1.721476563190e-02 -5.915997206004e-01 2.368926466449e-03 9.999656790120e-01 7.939079630726e-03 -3.196660920179e-01 1.719645496312e-02 -7.978663913583e-03 9.998202952825e-01 3.250983799755e+01
9.998499840448e-01 -3.085089391663e-03 -1.704381498161e-02 -6.213173779097e-01 3.210599453292e-03 9.999678965722e-01 7.341517293191e-03 -3.317539539556e-01 1.702061857960e-02 -7.395136811523e-03 9.998277904193e-01 3.392713934938e+01
9.998630895200e-01 -2.778704438059e-03 -1.631198998101e-02 -6.587477251921e-01 2.868970411267e-03 9.999806881247e-01 5.512929028902e-03 -3.427394955327e-01 1.629635616553e-02 -5.558972867746e-03 9.998517523095e-01 3.532719161527e+01
9.998698879925e-01 -2.137452220925e-03 -1.598869550061e-02 -6.889591742971e-01 2.216121429076e-03 9.999855186918e-01 4.904203550816e-03 -3.610204244872e-01 1.597798146261e-02 -4.938998345769e-03 9.998601454222e-01 3.671229350469e+01
9.998847891007e-01 -1.406479586436e-03 -1.511391214003e-02 -7.165407197641e-01 1.465325757222e-03 9.999913869782e-01 3.883141756013e-03 -3.750855813933e-01 1.510832040397e-02 -3.904841180510e-03 9.998782380220e-01 3.807187407943e+01
9.999000386614e-01 -6.673390618577e-04 -1.412329081470e-02 -7.443963361791e-01 7.362375944525e-04 9.999878523027e-01 4.873725595215e-03 -3.880918357477e-01 1.411986682177e-02 -4.883636508735e-03 9.998883834986e-01 3.943015610592e+01
9.999219330210e-01 -4.802518331084e-04 -1.248588089401e-02 -7.718224055359e-01 5.695518487936e-04 9.999742797426e-01 7.149507948345e-03 -4.133395818311e-01 1.248212618964e-02 -7.156061164405e-03 9.998964882999e-01 4.071163330603e+01
9.999447440772e-01 -8.830963277032e-04 -1.047515790998e-02 -8.186664635886e-01 9.692231681230e-04 9.999657472935e-01 8.219783823649e-03 -4.256680358811e-01 1.046754024656e-02 -8.229482397645e-03 9.999113491808e-01 4.205044951281e+01
9.999646976334e-01 -3.405219703023e-04 -8.395685299261e-03 -8.340822222931e-01 4.152183025351e-04 9.999603360109e-01 8.896853305148e-03 -4.420080704599e-01 8.392322718874e-03 -8.900025267370e-03 9.999251764355e-01 4.336008947402e+01
9.999866312715e-01 -7.023969374201e-04 -5.122881687622e-03 -8.472675180509e-01 7.446748867356e-04 9.999656452176e-01 8.255534137243e-03 -4.525573213312e-01 5.116907030241e-03 -8.259238652589e-03 9.999528000057e-01 4.463176519580e+01
9.999966491625e-01 -1.947918264842e-03 -1.705074262520e-03 -8.325425445341e-01 1.959177348979e-03 9.999761239027e-01 6.626707227228e-03 -4.750852703765e-01 1.692125267957e-03 -6.630025565082e-03 9.999765894625e-01 4.595784731652e+01
9.999970331182e-01 -1.810752632114e-03 1.629395527512e-03 -8.325067368841e-01 1.802826719593e-03 9.999866003795e-01 4.852718547239e-03 -4.846254496734e-01 -1.638160767113e-03 -4.849766632003e-03 9.999868980106e-01 4.724902044494e+01
9.999816166197e-01 -1.811978880472e-03 5.786463101981e-03 -8.320758367175e-01 1.780231563263e-03 9.999833620695e-01 5.486926252615e-03 -4.979795692000e-01 -5.796309021699e-03 -5.476524140109e-03 9.999682047371e-01 4.846258571781e+01
9.999382755727e-01 -1.319487262296e-03 1.103195349771e-02 -8.248108515771e-01 1.260713996729e-03 9.999849857758e-01 5.332806320412e-03 -5.115864161228e-01 -1.103882443150e-02 -5.318569017810e-03 9.999249257713e-01 4.971451164659e+01
9.998435994202e-01 3.743447522808e-04 1.768153173153e-02 -8.176786574908e-01 -4.531853308311e-04 9.999899731870e-01 4.455126104610e-03 -5.262289828917e-01 -1.767968668904e-02 -4.462442331112e-03 9.998337438230e-01 5.095256786234e+01
9.996906547486e-01 1.724401578539e-03 2.481171593041e-02 -7.954181862965e-01 -1.837440838167e-03 9.999880341386e-01 4.533805331941e-03 -5.410796208940e-01 -2.480360093579e-02 -4.577992880907e-03 9.996818610747e-01 5.214599551208e+01
9.994420437245e-01 2.703246511178e-03 3.329104525312e-02 -7.694075392698e-01 -2.886702287315e-03 9.999809065530e-01 5.463833754441e-03 -5.500385290467e-01 -3.327563952278e-02 -5.556886510589e-03 9.994307643987e-01 5.335324635042e+01
9.990233412222e-01 5.131354332002e-03 4.388659130109e-02 -7.278284906228e-01 -5.404292485081e-03 9.999667742579e-01 6.102786489009e-03 -5.631978004119e-01 -4.385381757664e-02 -6.334002124580e-03 9.990178792700e-01 5.452338066579e+01
9.983470479243e-01 7.496676242413e-03 5.698220552213e-02 -6.806522838104e-01 -7.857466207256e-03 9.999504615435e-01 6.110211430840e-03 -5.765779140179e-01 -5.693357643475e-02 -6.547847298477e-03 9.983564962327e-01 5.566704037166e+01
9.974031598370e-01 9.433922990337e-03 7.139984484635e-02 -5.978470699037e-01 -9.921840745094e-03 9.999297678108e-01 6.482015279999e-03 -5.843414648810e-01 -7.133367944597e-02 -7.173600412173e-03 9.974267119111e-01 5.685738569891e+01
9.960662074348e-01 1.187134706658e-02 8.781333341402e-02 -5.158164720433e-01 -1.260596319289e-02 9.998899953119e-01 7.815815197739e-03 -5.962246403256e-01 -8.771088928084e-02 -8.892041050885e-03 9.961062852465e-01 5.802556766583e+01
9.943752070793e-01 1.177441172909e-02 1.052583050143e-01 -3.996260930627e-01 -1.274041525312e-02 9.998826259794e-01 8.509764017458e-03 -6.027362450051e-01 -1.051457529586e-01 -9.802932871778e-03 9.944085041581e-01 5.917099733199e+01
9.921500940270e-01 1.149605172977e-02 1.245232175811e-01 -2.776312524407e-01 -1.256970939309e-02 9.998902632544e-01 7.839888695029e-03 -6.212472227643e-01 -1.244194250425e-01 -9.343566963622e-03 9.921857207340e-01 6.021627942687e+01
9.894153884230e-01 1.057060457784e-02 1.447254347744e-01 -1.214198392193e-01 -1.169481981001e-02 9.999076726244e-01 6.919350871245e-03 -6.264100384752e-01 -1.446389309328e-01 -8.538650111518e-03 9.894476596126e-01 6.133686116257e+01
9.861867985079e-01 7.759491853101e-03 1.654550958262e-01 5.615566028502e-02 -8.954529331553e-03 9.999389239945e-01 6.478015524052e-03 -6.308747684750e-01 -1.653947243812e-01 -7.870105898981e-03 9.861960487550e-01 6.243708931880e+01
9.822627086669e-01 2.800824900938e-03 1.874890037903e-01 2.491810787721e-01 -4.496221073457e-03 9.999527560360e-01 8.617986542394e-03 -6.378647719579e-01 -1.874560085953e-01 -9.308118814270e-03 9.822288958108e-01 6.352704538397e+01
9.775964788471e-01 -2.546609217918e-03 2.104724193982e-01 4.830914216750e-01 4.311227851615e-04 9.999489370526e-01 1.009640631251e-02 -6.435923455422e-01 -2.104873836575e-01 -9.779471804470e-03 9.775476577908e-01 6.458357037753e+01
9.721995508357e-01 -7.776167388195e-03 2.340247093272e-01 7.334397089916e-01 5.701126371645e-03 9.999382221672e-01 9.541960342887e-03 -6.539127146400e-01 -2.340844516687e-01 -7.942485117484e-03 9.721838233673e-01 6.560238944686e+01
9.657614393531e-01 -1.380306769691e-02 2.590643116696e-01 1.008616997575e+00 1.218514209115e-02 9.998949437094e-01 7.850086413071e-03 -6.620992614889e-01 -2.591454506082e-01 -4.424575304895e-03 9.658281723798e-01 6.661874677739e+01
9.582842367715e-01 -1.745309692288e-02 2.852835623781e-01 1.315495097404e+00 1.566747023691e-02 9.998407835185e-01 8.540374088733e-03 -6.719781372443e-01 -2.853871965098e-01 -3.714434142726e-03 9.584051080035e-01 6.766345401906e+01
9.497619185463e-01 -2.003345559529e-02 3.123314885441e-01 1.632868543881e+00 1.745039907911e-02 9.997865193717e-01 1.106341966332e-02 -6.795835469574e-01 -3.124864503482e-01 -5.057305565052e-03 9.499087545702e-01 6.861787980735e+01
9.400792149512e-01 -2.437895135557e-02 3.400834255701e-01 1.978724982402e+00 2.088825776817e-02 9.996848792161e-01 1.392203124565e-02 -6.822965923386e-01 -3.403156627370e-01 -5.984061947947e-03 9.402922102721e-01 6.957990163935e+01
9.292116875516e-01 -2.745355374005e-02 3.685267183050e-01 2.347840374607e+00 2.408359635582e-02 9.996154970636e-01 1.374184910990e-02 -6.885987972804e-01 -3.687622812926e-01 -3.893638071493e-03 9.295155832359e-01 7.049997253662e+01
9.171796351821e-01 -2.679843516640e-02 3.975718308430e-01 2.739002704168e+00 2.491314147196e-02 9.996405229830e-01 9.907582561946e-03 -6.919986728052e-01 -3.976944206162e-01 8.177303073561e-04 9.175175633893e-01 7.140868484503e+01
9.041273313312e-01 -2.789649669143e-02 4.263514444824e-01 3.155645813985e+00 2.871914329317e-02 9.995773872676e-01 4.500852331574e-03 -6.952661267279e-01 -4.262968209457e-01 8.175104620077e-03 9.045463990952e-01 7.228280157135e+01
8.901055617537e-01 -2.981182247525e-02 4.547783462038e-01 3.609568123093e+00 3.237597936719e-02 9.994734466245e-01 2.150686517282e-03 -6.994013127119e-01 -4.546029970151e-01 1.280955632272e-02 8.906020606150e-01 7.314919096910e+01
8.744959907324e-01 -3.042509951957e-02 4.840775511342e-01 4.084540865824e+00 3.179270836378e-02 9.994799783669e-01 5.384843409636e-03 -7.057812050468e-01 -4.839896547322e-01 1.068111243622e-02 8.750085302152e-01 7.400937850218e+01
8.567174009301e-01 -2.924394777347e-02 5.149563927773e-01 4.581699035189e+00 2.740669948035e-02 9.995619716692e-01 1.116859957392e-02 -7.125910974868e-01 -5.150574412307e-01 4.544921503331e-03 8.571436145252e-01 7.485960683646e+01
8.371393453167e-01 -2.950459948030e-02 5.461933678947e-01 5.118682918461e+00 2.558433953665e-02 9.995633654969e-01 1.478241952154e-02 -7.166794455338e-01 -5.463910303923e-01 1.599051576428e-03 8.375286770857e-01 7.569252790883e+01
8.161642170278e-01 -2.334988741430e-02 5.773480350717e-01 5.648118370464e+00 2.146936726773e-02 9.997186707899e-01 1.008194144462e-02 -7.208039139254e-01 -5.774210224027e-01 4.166777160990e-03 8.164359135018e-01 7.643741447369e+01
7.944220935714e-01 -1.666765750641e-02 6.071373209076e-01 6.214939071203e+00 1.872431229397e-02 9.998203394729e-01 2.947694947067e-03 -7.238060282811e-01 -6.070773734663e-01 9.026514810938e-03 7.945914577037e-01 7.718091132604e+01
7.720551797536e-01 -1.439391211161e-02 6.353924887106e-01 6.820266900894e+00 1.797272402640e-02 9.998381481972e-01 8.115420960801e-04 -7.251017858385e-01 -6.353013305564e-01 1.079317856918e-02 7.721889190409e-01 7.792367647356e+01
7.486429740924e-01 -1.673192552087e-02 6.627622047239e-01 7.441190518533e+00 1.882534666004e-02 9.998148804066e-01 3.976335076052e-03 -7.341091143739e-01 -6.627060461964e-01 9.499872939779e-03 7.488193699076e-01 7.862917440155e+01
7.242666607408e-01 -1.701123344048e-02 6.893101058858e-01 8.081148875122e+00 1.905169428456e-02 9.998076586270e-01 4.656038622019e-03 -7.464544424901e-01 -6.892567279935e-01 9.760311859546e-03 7.244514471157e-01 7.929498204236e+01
6.989224320699e-01 -1.498411316781e-02 7.150404955679e-01 8.730513768208e+00 1.952533575373e-02 9.998076204447e-01 1.866377340966e-03 -7.549951098724e-01 -7.149309024047e-01 1.265695276317e-02 6.990805435239e-01 7.992754388034e+01
6.728130350765e-01 -1.255976870266e-02 7.397059361944e-01 9.419323410451e+00 1.939751211521e-02 9.998116279740e-01 -6.671518794759e-04 -7.615102883811e-01 -7.395582170153e-01 1.479732333991e-02 6.729299241876e-01 8.055255133201e+01
6.456808347696e-01 -1.006620026870e-02 7.635410475039e-01 1.012661123368e+01 1.775749259537e-02 9.998406394691e-01 -1.834972112233e-03 -7.654702278920e-01 -7.634008980005e-01 1.474338082252e-02 6.457566892058e-01 8.116362941490e+01
6.177856654235e-01 -8.699033212104e-03 7.862984156276e-01 1.084443648673e+01 1.774325779378e-02 9.998384304813e-01 -2.879190094273e-03 -7.796173214871e-01 -7.861463276008e-01 1.573021785959e-02 6.178401992797e-01 8.172327207183e+01
5.890841144957e-01 -2.051861421806e-03 8.080691158023e-01 1.159253498857e+01 1.626417356658e-02 9.998243117485e-01 -9.317848191909e-03 -7.917153149139e-01 -8.079080286190e-01 1.863157270434e-02 5.890139911680e-01 8.227126260586e+01
5.590998634989e-01 7.374067934391e-03 8.290675278635e-01 1.235049110065e+01 1.518900408449e-02 9.997015323476e-01 -1.913479492418e-02 -8.050544530628e-01 -8.289611793024e-01 2.329097129723e-02 5.588209855272e-01 8.278875674294e+01
5.283274036008e-01 1.570341823628e-02 8.488954925432e-01 1.313307871877e+01 1.410534114270e-02 9.995286182925e-01 -2.726867370405e-02 -8.280292485754e-01 -8.489235501244e-01 2.638074809452e-02 5.278568576558e-01 8.327938964483e+01
4.963073556214e-01 2.079417507667e-02 8.678978114035e-01 1.395494546568e+01 1.179480056002e-02 9.994593219537e-01 -3.069114594916e-02 -8.491109722763e-01 -8.680667551726e-01 2.546892307900e-02 4.957937499821e-01 8.377045847939e+01
4.637872516795e-01 2.041780843518e-02 8.857112951060e-01 1.478687443889e+01 9.996057498666e-03 9.995501627283e-01 -2.827633328970e-02 -8.784237703222e-01 -8.858902099098e-01 2.196782393710e-02 4.633745253004e-01 8.421652971584e+01
4.308127529298e-01 1.916273681403e-02 9.022378630000e-01 1.564375740217e+01 5.421011496200e-03 9.997015351512e-01 -2.382127726890e-02 -9.085421044485e-01 -9.024250575795e-01 1.515355186615e-02 4.305802890501e-01 8.462814467241e+01
3.963217118930e-01 2.052674488692e-02 9.178822110852e-01 1.651254396869e+01 1.278830508720e-03 9.997367263795e-01 -2.290944173333e-02 -9.383481071625e-01 -9.181108131782e-01 1.025332494121e-02 3.961911206134e-01 8.501843829829e+01
3.608950497194e-01 2.343049754917e-02 9.323120587403e-01 1.740883256711e+01 -6.133566112424e-03 9.997223620987e-01 -2.275034255865e-02 -9.752887287434e-01 -9.325862654225e-01 2.492088359147e-03 3.609385640810e-01 8.539512262956e+01
3.252866761163e-01 2.547649379902e-02 9.452721970972e-01 1.831573919127e+01 -1.102130442477e-02 9.996712505387e-01 -2.314998261855e-02 -9.994943663376e-01 -9.455512197602e-01 -2.887751750342e-03 3.254605224906e-01 8.571077231352e+01
2.893179136233e-01 2.483599230969e-02 9.569108204753e-01 1.923539012656e+01 -1.372632079491e-02 9.996682141057e-01 -2.179563773069e-02 -1.030894779832e+00 -9.571346472540e-01 -6.828996459635e-03 2.895628288183e-01 8.599532741183e+01
2.531108922738e-01 2.444192399112e-02 9.671284653881e-01 2.016885458676e+01 -1.433997000690e-02 9.996657596176e-01 -2.151126003837e-02 -1.055929816523e+00 -9.673309885828e-01 -8.423858964239e-03 2.533767888493e-01 8.624544794581e+01
2.176664014257e-01 2.404622898744e-02 9.757269682457e-01 2.112386183084e+01 -1.378014521185e-02 9.996725346213e-01 -2.156226151912e-02 -1.084918555483e+00 -9.759259425224e-01 -8.752279438075e-03 2.179264837424e-01 8.643896489746e+01
1.825275685402e-01 2.256821793917e-02 9.829416881290e-01 2.207565327556e+01 -1.142636787834e-02 9.997177020317e-01 -2.083157127051e-02 -1.113978745624e+00 -9.831343371279e-01 -7.429117278642e-03 1.827339141390e-01 8.661193995172e+01
1.480505075816e-01 2.157537896835e-02 9.887444311991e-01 2.303519370644e+01 -3.292801432578e-03 9.997672195293e-01 -2.132285659749e-02 -1.144392821974e+00 -9.889743195167e-01 -9.887933715911e-05 1.480870877535e-01 8.674571136654e+01
1.148474870637e-01 2.494398047782e-02 9.930699132252e-01 2.401252283532e+01 -9.403722232342e-04 9.996869729794e-01 -2.500143506569e-02 -1.176603290339e+00 -9.933826908172e-01 1.937496628155e-03 1.148349933234e-01 8.684608938196e+01
8.262216768047e-02 3.004907075357e-02 9.961278184825e-01 2.499505172230e+01 -1.515792252951e-05 9.995453579515e-01 -3.015090658528e-02 -1.205646803928e+00 -9.965809436157e-01 2.476034031305e-03 8.258505965039e-02 8.691651966392e+01
5.342103021553e-02 3.388908131658e-02 9.979968555553e-01 2.597058531942e+01 6.846708332191e-03 9.993880325161e-01 -3.430281400476e-02 -1.242541212911e+00 -9.985486047838e-01 8.665485049857e-03 5.315630962666e-02 8.696268666762e+01
2.800724383764e-02 3.208831531229e-02 9.990925554287e-01 2.696033210899e+01 8.744391957605e-03 9.994385250347e-01 -3.234455573584e-02 -1.277858247883e+00 -9.995694722739e-01 9.642338765908e-03 2.771092566503e-02 8.698057951137e+01
5.373696769933e-03 2.900327822106e-02 9.995648719495e-01 2.795266006777e+01 1.033875536904e-02 9.995242674790e-01 -2.905768156706e-02 -1.318386533537e+00 -9.999321144560e-01 1.049040385615e-02 5.071282529194e-03 8.698906004745e+01
-1.328881488961e-02 2.622995973059e-02 9.995676048229e-01 2.895626074756e+01 1.069698725246e-02 9.996023990722e-01 -2.608866100199e-02 -1.362634504759e+00 -9.998544803433e-01 1.034567453999e-02 -1.356411278935e-02 8.697450070702e+01
-2.957164749372e-02 2.947546431017e-02 9.991279771222e-01 2.996515623852e+01 1.232326983081e-02 9.994999067808e-01 -2.912169922689e-02 -1.397697598107e+00 -9.994866956019e-01 1.145134703363e-02 -2.992009301341e-02 8.694338452579e+01
-4.426060937673e-02 3.383845987374e-02 9.984467722873e-01 3.096433152283e+01 1.523732835885e-02 9.993328008550e-01 -3.319302577131e-02 -1.433915652954e+00 -9.989038103251e-01 1.374451777048e-02 -4.474668646024e-02 8.689533219523e+01
-5.612422888798e-02 3.884246546538e-02 9.976679476701e-01 3.195563834928e+01 1.984224831344e-02 9.990890045782e-01 -3.778155784116e-02 -1.477051643047e+00 -9.982266055929e-01 1.767551435201e-02 -5.684382181728e-02 8.683381217727e+01
-6.517275507881e-02 4.208464101895e-02 9.969861558646e-01 3.295740260653e+01 2.526956885853e-02 9.988594689970e-01 -4.051185116400e-02 -1.527752675101e+00 -9.975539889576e-01 2.255314136292e-02 -6.616188426521e-02 8.676684582896e+01
-7.099717631362e-02 4.734850265937e-02 9.963521065624e-01 3.396348751095e+01 2.918003276649e-02 9.985438311621e-01 -4.537337254206e-02 -1.578092448430e+00 -9.970496109238e-01 2.585220578615e-02 -7.227542329694e-02 8.668730801368e+01
-7.467939045933e-02 5.219282500580e-02 9.958407993543e-01 3.496520078900e+01 3.089487207580e-02 9.982710912647e-01 -5.000335213427e-02 -1.630675591319e+00 -9.967288977049e-01 2.703215424560e-02 -7.616276726064e-02 8.661176395135e+01
-7.732868646553e-02 5.629981747841e-02 9.954147903268e-01 3.597683512393e+01 3.299381406374e-02 9.980020177904e-01 -5.388302812342e-02 -1.689402799864e+00 -9.964595739332e-01 2.867582672077e-02 -7.903173083539e-02 8.653019520696e+01
-7.990830457995e-02 5.919149255040e-02 9.950432302512e-01 3.697841811227e+01 3.339422442890e-02 9.978339975586e-01 -5.667573635159e-02 -1.750535771061e+00 -9.962426856113e-01 2.869983494479e-02 -8.171187698365e-02 8.644957150094e+01
-8.214740920048e-02 6.260503739419e-02 9.946519051681e-01 3.799882031462e+01 3.453591872695e-02 9.976044488515e-01 -5.993858481285e-02 -1.817771656712e+00 -9.960216229979e-01 2.942741790497e-02 -8.411274336336e-02 8.636300787548e+01
-8.430436386442e-02 6.644076072788e-02 9.942225100788e-01 3.901235185579e+01 3.568884054622e-02 9.973356867101e-01 -6.362259563180e-02 -1.886325879800e+00 -9.958007234853e-01 3.011898617752e-02 -8.645094434277e-02 8.627752282623e+01
-8.632435858300e-02 6.776482932257e-02 9.939597743481e-01 4.003525591160e+01 3.825213912731e-02 9.971738194676e-01 -6.466179413419e-02 -1.959580343189e+00 -9.955324600270e-01 3.243919967185e-02 -8.867254004048e-02 8.618253218966e+01
-8.830294702734e-02 6.654566079202e-02 9.938683336217e-01 4.105681746361e+01 3.849395113070e-02 9.972485917665e-01 -6.335188983836e-02 -2.029473195798e+00 -9.953495894773e-01 3.266376049231e-02 -9.062159498634e-02 8.609167633834e+01
-9.059098997137e-02 6.617020509447e-02 9.936874641927e-01 4.208039650888e+01 3.786430145244e-02 9.972975999922e-01 -6.295865091685e-02 -2.103906261503e+00 -9.951681100254e-01 3.192179517988e-02 -9.285166547223e-02 8.599977838033e+01
-9.280619228367e-02 6.787009453074e-02 9.933683410207e-01 4.311557233827e+01 3.793419310362e-02 9.971907977974e-01 -6.458722615065e-02 -2.169247182681e+00 -9.949613096334e-01 3.168853194209e-02 -9.512007819577e-02 8.591306042827e+01
-9.526884528200e-02 7.002339065365e-02 9.929856856370e-01 4.413422877900e+01 3.683335714518e-02 9.970877072370e-01 -6.677879811952e-02 -2.243013047705e+00 -9.947698984791e-01 3.021305741296e-02 -9.757059106981e-02 8.581738824915e+01
-9.782406888807e-02 7.222798996045e-02 9.925792507465e-01 4.516555691959e+01 3.516229973553e-02 9.969910081681e-01 -6.908358929069e-02 -2.320630122549e+00 -9.945823566822e-01 2.814333132821e-02 -1.000694192961e-01 8.571730096755e+01
-1.003348421382e-01 7.586604240426e-02 9.920570865948e-01 4.618804953010e+01 3.278001187583e-02 9.967994319753e-01 -7.291339544401e-02 -2.398586026096e+00 -9.944135911554e-01 2.520388905844e-02 -1.025006034217e-01 8.561899288394e+01
-1.024508007872e-01 8.011949351658e-02 9.915062784353e-01 4.723391171991e+01 2.946744012466e-02 9.965581128435e-01 -7.748288648679e-02 -2.480508946331e+00 -9.943015153315e-01 2.127896812514e-02 -1.044590930698e-01 8.551640781479e+01
-1.050014776942e-01 8.273380655433e-02 9.910246247874e-01 4.827126925576e+01 2.708095614389e-02 9.964017152215e-01 -8.031340932838e-02 -2.564508910715e+00 -9.941032700360e-01 1.840486774325e-02 -1.068641630622e-01 8.541056998738e+01
-1.078530800638e-01 8.115538178344e-02 9.908488871308e-01 4.931812343332e+01 2.519130594955e-02 9.965656514204e-01 -7.888156003498e-02 -2.653765454209e+00 -9.938476297830e-01 1.645315825547e-02 -1.095270850434e-01 8.530656195881e+01
-1.109616654206e-01 7.687841614395e-02 9.908467176805e-01 5.036432535105e+01 2.207246882000e-02 9.969482391259e-01 -7.488000149506e-02 -2.743230737938e+00 -9.935795463511e-01 1.356162360882e-02 -1.123199333948e-01 8.520111297315e+01
-1.133864032639e-01 7.512403970505e-02 9.907067690358e-01 5.141599516485e+01 2.275548576785e-02 9.970721360583e-01 -7.300235176822e-02 -2.833297027909e+00 -9.932903459827e-01 1.426653968610e-02 -1.147639073187e-01 8.509088154921e+01
-1.153287625127e-01 7.567871202610e-02 9.904403107120e-01 5.247553535612e+01 2.178436770499e-02 9.970464283949e-01 -7.364686652260e-02 -2.916934443756e+00 -9.930884743370e-01 1.308251393941e-02 -1.166367436447e-01 8.497183973324e+01
-1.167699293790e-01 7.835992299359e-02 9.900628798522e-01 5.352016313743e+01 2.300645041221e-02 9.968284760288e-01 -7.618197042273e-02 -3.004145123896e+00 -9.928924850316e-01 1.388206924407e-02 -1.182023744315e-01 8.485424988267e+01
-1.170037363857e-01 8.128594583614e-02 9.897993335426e-01 5.459688701957e+01 2.356451689964e-02 9.965914490983e-01 -7.905818823773e-02 -3.089266226391e+00 -9.928518717387e-01 1.407403970681e-02 -1.185203872389e-01 8.472158728565e+01
-1.173780899557e-01 8.201533960002e-02 9.896948358300e-01 5.566288625015e+01 2.214406032219e-02 9.965522904079e-01 -7.995732033514e-02 -3.180505695703e+00 -9.928403822321e-01 1.253062460627e-02 -1.187895570165e-01 8.460455745405e+01
-1.173286535282e-01 8.066813400778e-02 9.898114159864e-01 5.672188945158e+01 1.941554061315e-02 9.966912785468e-01 -7.892738467426e-02 -3.273717861404e+00 -9.929033305634e-01 9.957279976104e-03 -1.185066611273e-01 8.448805716117e+01
-1.174073108043e-01 7.999392304481e-02 9.898568056268e-01 5.778641740553e+01 1.549421429386e-02 9.967767150541e-01 -7.871537111298e-02 -3.365645855219e+00 -9.929629664258e-01 6.095293425277e-03 -1.182683165727e-01 8.437388023074e+01
-1.175294357368e-01 8.103115878100e-02 9.897579416413e-01 5.886255842358e+01 1.164424018982e-02 9.967093626889e-01 -8.021756664645e-02 -3.460617931664e+00 -9.930011296095e-01 2.097053858117e-03 -1.180862352662e-01 8.425951227636e+01
-1.178748093177e-01 8.128999016751e-02 9.896956435323e-01 5.993761682510e+01 7.330996336708e-03 9.966878584353e-01 -8.099116828574e-02 -3.552646837397e+00 -9.930014027286e-01 -2.291363380906e-03 -1.180803278824e-01 8.414622705442e+01
-1.182055002615e-01 8.073491188898e-02 9.897016387327e-01 6.101577143173e+01 3.840501361519e-03 9.967189898369e-01 -8.084866014805e-02 -3.645504513647e+00 -9.929817270510e-01 -5.755805827218e-03 -1.181277293528e-01 8.402759612632e+01
-1.184449753476e-01 7.573459890080e-02 9.900682089352e-01 6.210259428636e+01 4.364263529608e-03 9.971171617121e-01 -7.575169320289e-02 -3.736312557362e+00 -9.929510264956e-01 -4.651488857871e-03 -1.184340433855e-01 8.390550422126e+01
-1.187512179290e-01 6.711501082109e-02 9.906531802618e-01 6.319915760087e+01 7.378049941706e-03 9.977450574365e-01 -6.671105410730e-02 -3.822747151560e+00 -9.928966273583e-01 -6.129302856882e-04 -1.189786186549e-01 8.377865620773e+01
-1.185571284606e-01 6.185249065267e-02 9.910189083419e-01 6.430354856394e+01 1.281604958272e-02 9.980701613621e-01 -6.075937682195e-02 -3.903724363784e+00 -9.928645205486e-01 5.497490223653e-03 -1.191210369203e-01 8.364435385199e+01
-1.176212995448e-01 6.419351160041e-02 9.909815452176e-01 6.539960521814e+01 2.102225577745e-02 9.978458361306e-01 -6.214299702185e-02 -3.978886941173e+00 -9.928359857778e-01 1.352332744698e-02 -1.187174164111e-01 8.350552815788e+01
-1.162843959369e-01 6.983766442732e-02 9.907576090492e-01 6.650095337022e+01 2.655189568632e-02 9.973869313201e-01 -6.718858584064e-02 -4.053940848423e+00 -9.928609852830e-01 1.849350856757e-02 -1.178348592047e-01 8.336705841283e+01
-1.154473236254e-01 7.564689019860e-02 9.904289290358e-01 6.760722253743e+01 3.016486246722e-02 9.969030305137e-01 -7.262526299447e-02 -4.134634792681e+00 -9.928554761596e-01 2.149176018762e-02 -1.173716648257e-01 8.323469666788e+01
-1.148833261413e-01 8.010163882380e-02 9.901442060793e-01 6.871893785044e+01 3.089134332503e-02 9.965496675797e-01 -7.703560835278e-02 -4.223018459863e+00 -9.928985579012e-01 2.173677769240e-02 -1.169613877023e-01 8.310982976053e+01
-1.147305709360e-01 7.724410687834e-02 9.903889357446e-01 6.984123799484e+01 2.777751245008e-02 9.968319183403e-01 -7.452876209886e-02 -4.311394916266e+00 -9.930082103864e-01 1.895981356631e-02 -1.165127442590e-01 8.298626895036e+01
-1.145119560298e-01 7.276827513430e-02 9.907531428465e-01 7.097068279839e+01 2.702600123006e-02 9.971726678104e-01 -7.011608823519e-02 -4.400820272843e+00 -9.930541813938e-01 1.874696524429e-02 -1.161548281837e-01 8.286023417370e+01
-1.142455960898e-01 7.084002524731e-02 9.909236270253e-01 7.210654535376e+01 2.448526275024e-02 9.973522053297e-01 -6.847664150607e-02 -4.485473846964e+00 -9.931507517402e-01 1.643987064605e-02 -1.156776338407e-01 8.273660724749e+01
-1.140413218329e-01 7.155066945013e-02 9.908960987994e-01 7.324393577630e+01 2.263581418066e-02 9.973313603717e-01 -6.941021204101e-02 -4.568827305215e+00 -9.932181013408e-01 1.451410763490e-02 -1.153565943004e-01 8.260927052042e+01
-1.137336409826e-01 7.683345039726e-02 9.905358548831e-01 7.436672696053e+01 2.398622162940e-02 9.969268871761e-01 -7.457508161069e-02 -4.658398253997e+00 -9.932216872787e-01 1.527751698893e-02 -1.152270688417e-01 8.248441121090e+01
-1.129832132763e-01 7.948607717238e-02 9.904124176592e-01 7.550673641290e+01 2.380401172577e-02 9.967254369730e-01 -7.727724320152e-02 -4.748949951345e+00 -9.933117146916e-01 1.484475755327e-02 -1.145053301364e-01 8.235518454045e+01
-1.125034493182e-01 7.846815156652e-02 9.905481932149e-01 7.665812411428e+01 2.396760533563e-02 9.968012905070e-01 -7.624133483899e-02 -4.840790533668e+00 -9.933622339238e-01 1.516365501089e-02 -1.140242771550e-01 8.222619773600e+01
-1.119750308253e-01 7.174057005027e-02 9.911179965476e-01 7.781272274233e+01 2.558584080611e-02 9.972680463962e-01 -6.929508198585e-02 -4.933568916077e+00 -9.933815768484e-01 1.759926833833e-02 -1.135046630410e-01 8.209740381674e+01
-1.124370745475e-01 7.009824721144e-02 9.911832020394e-01 7.897541302193e+01 2.494639235103e-02 9.973932826913e-01 -6.770758562351e-02 -5.023171748779e+00 -9.933456507057e-01 1.711360219764e-02 -1.138926812572e-01 8.197235466152e+01
-1.124516010172e-01 7.314845639153e-02 9.909611196996e-01 8.011624205255e+01 2.240011101216e-02 9.972198838092e-01 -7.106854692610e-02 -5.110428351347e+00 -9.934046871519e-01 1.420586720620e-02 -1.137775060441e-01 8.186169688810e+01
-1.121128454254e-01 7.628816182099e-02 9.907627497320e-01 8.127121831349e+01 2.173628614586e-02 9.969983732726e-01 -7.430866407382e-02 -5.196769756271e+00 -9.934577211715e-01 1.320454686176e-02 -1.134345458270e-01 8.173643412148e+01
-1.121964928330e-01 7.586973882423e-02 9.907854105338e-01 8.244597267968e+01 2.079179998738e-02 9.970418920303e-01 -7.399436863668e-02 -5.287443740246e+00 -9.934684937376e-01 1.229830343581e-02 -1.134420719281e-01 8.160778947622e+01
-1.118910069210e-01 7.233433790887e-02 9.910843284653e-01 8.362897958613e+01 2.044368885714e-02 9.973036624190e-01 -7.048021361808e-02 -5.379822579480e+00 -9.935101701322e-01 1.237531757260e-02 -1.130680916919e-01 8.147678233132e+01
-1.110251846613e-01 7.123184219293e-02 9.912615361390e-01 8.481249662524e+01 2.113277914094e-02 9.973717291294e-01 -6.930396510500e-02 -5.472569574144e+00 -9.935928814241e-01 1.325362559059e-02 -1.122387071914e-01 8.135080479761e+01
-1.098703170155e-01 7.172575166770e-02 9.913545934662e-01 8.600647833715e+01 2.265372953647e-02 9.973144961556e-01 -6.964627984290e-02 -5.561883635585e+00 -9.936877386669e-01 1.480581998983e-02 -1.112001156359e-01 8.121765459917e+01
-1.087055565518e-01 7.204800782804e-02 9.914596242625e-01 8.720559286854e+01 2.514291015496e-02 9.972502489239e-01 -6.971208711667e-02 -5.650213013183e+00 -9.937559740921e-01 1.735008902670e-02 -1.102181399183e-01 8.108486750538e+01
-1.078199765709e-01 7.148633681757e-02 9.915969727166e-01 8.840129405753e+01 2.482754684624e-02 9.972939912060e-01 -6.919745675931e-02 -5.740226924613e+00 -9.938603752891e-01 1.715805212615e-02 -1.093030451424e-01 8.096094996275e+01
-1.064153109955e-01 7.230793050235e-02 9.916891371656e-01 8.960075638120e+01 2.607785075559e-02 9.972122220818e-01 -6.991230099615e-02 -5.829253054641e+00 -9.939797418890e-01 1.842138206203e-02 -1.080042841614e-01 8.083182264567e+01
-1.051890305920e-01 7.047952047304e-02 9.919515638563e-01 9.080809001655e+01 2.628758048399e-02 9.973338695644e-01 -6.807433974718e-02 -5.919777995824e+00 -9.941047384232e-01 1.891533276489e-02 -1.067613189830e-01 8.070582284985e+01
-1.042247486204e-01 6.977171940766e-02 9.921033761388e-01 9.202217937069e+01 2.466656821036e-02 9.974106809867e-01 -6.755363695848e-02 -6.007960569183e+00 -9.942478374066e-01 1.743102476887e-02 -1.056759063730e-01 8.058275973100e+01
-1.026894102796e-01 6.923754338467e-02 9.923008856201e-01 9.324833603466e+01 2.572783665963e-02 9.974257357445e-01 -6.693265343177e-02 -6.094020072458e+00 -9.943806934154e-01 1.865648039309e-02 -1.042063928082e-01 8.045825722875e+01
-1.007083734733e-01 7.009227831120e-02 9.924439006984e-01 9.448115279968e+01 2.388963003420e-02 9.973980358688e-01 -6.801796543465e-02 -6.184202498057e+00 -9.946291314300e-01 1.685913895149e-02 -1.021208124950e-01 8.033036712774e+01
-9.920349285536e-02 7.285259675937e-02 9.923966778213e-01 9.570693850263e+01 2.440154730326e-02 9.971944658518e-01 -7.076554079362e-02 -6.273025006638e+00 -9.947679284610e-01 1.719582565693e-02 -1.007028901545e-01 8.020942040698e+01
-9.803115179992e-02 7.165832522290e-02 9.926001096630e-01 9.693580630876e+01 2.244136753973e-02 9.973098118184e-01 -6.978197671055e-02 -6.365343193437e+00 -9.949302881608e-01 1.543449632912e-02 -9.937554036753e-02 8.009398791034e+01
-9.763034802431e-02 7.030829787112e-02 9.927361474204e-01 9.816878772917e+01 1.882019885465e-02 9.974535206032e-01 -6.879152819463e-02 -6.459603609991e+00 -9.950447805299e-01 1.196735086588e-02 -9.870495050163e-02 7.998110766249e+01
-9.739508067310e-02 7.141217577979e-02 9.926804618864e-01 9.940526763597e+01 1.629276730106e-02 9.974031523989e-01 -7.015338422639e-02 -6.551447482049e+00 -9.951124278163e-01 9.340917253605e-03 -9.830566245394e-02 7.986520668451e+01
-9.784171717610e-02 7.072638714755e-02 9.926856383272e-01 1.006470476649e+02 1.354521070340e-02 9.974737634923e-01 -6.973247745197e-02 -6.644989674735e+00 -9.951098058240e-01 6.623390796532e-03 -9.855254967439e-02 7.975350211248e+01
-9.896604416803e-02 6.821148721244e-02 9.927501775945e-01 1.018916222230e+02 1.080706408695e-02 9.976626583683e-01 -6.747167897181e-02 -6.737622089809e+00 -9.950321248420e-01 4.051309630376e-03 -9.947189262665e-02 7.963910872021e+01
-1.002273163555e-01 6.681857527534e-02 9.927183704628e-01 1.031567049274e+02 8.708812462047e-03 9.977631323175e-01 -6.627886822658e-02 -6.828909443327e+00 -9.949264503679e-01 2.002445022559e-03 -1.005850315517e-01 7.951868024413e+01
-1.016875358201e-01 6.618033057943e-02 9.926126177433e-01 1.044130209543e+02 6.755427961928e-03 9.978076787259e-01 -6.583464489750e-02 -6.920741129926e+00 -9.947934505473e-01 1.096022204677e-05 -1.019116805277e-01 7.939694155366e+01
-1.034501254149e-01 6.640191873395e-02 9.924156673189e-01 1.056654565317e+02 6.734543273102e-03 9.977929457372e-01 -6.605969545710e-02 -7.014119204969e+00 -9.946118426193e-01 -1.504175234443e-04 -1.036689919698e-01 7.927410092955e+01
-1.056644288616e-01 6.509568161029e-02 9.922689054430e-01 1.069249335489e+02 6.212685368373e-03 9.978787933701e-01 -6.480213177600e-02 -7.103143286286e+00 -9.943824369999e-01 -6.826257327844e-04 -1.058447117632e-01 7.914409260969e+01
-1.087501376897e-01 6.031791684812e-02 9.922374496357e-01 1.081853691503e+02 3.580441972263e-03 9.981746980598e-01 -6.028642126132e-02 -7.193147489289e+00 -9.940626680385e-01 -3.003508001861e-03 -1.087676006536e-01 7.901566083819e+01
-1.127631450420e-01 6.022542537550e-02 9.917950248204e-01 1.094391254600e+02 2.994019878107e-03 9.981774650125e-01 -6.027258237524e-02 -7.283541773996e+00 -9.936173855993e-01 -3.827071929114e-03 -1.127379463856e-01 7.887924973128e+01
-1.181446113378e-01 6.622151292991e-02 9.907858305593e-01 1.106829119019e+02 -2.117296457100e-03 9.977547714600e-01 -6.693977206828e-02 -7.369511151323e+00 -9.929941429170e-01 -1.000636068283e-02 -1.177391391098e-01 7.874221085166e+01
-1.254556848335e-01 6.917065618770e-02 9.896849455587e-01 1.119108398438e+02 -1.280550936075e-03 9.975543734161e-01 -6.988298983138e-02 -7.462314991735e+00 -9.920983980091e-01 -1.003456033096e-02 -1.250602905270e-01 7.859759835498e+01
-1.341911099917e-01 6.503250992077e-02 9.888192547946e-01 1.131549741102e+02 5.343307923191e-04 9.978488895672e-01 -6.555385633297e-02 -7.558879250594e+00 -9.909553271918e-01 -8.268388169684e-03 -1.339371989676e-01 7.842814077662e+01
-1.451254407308e-01 6.277776109289e-02 9.874196469409e-01 1.143996329629e+02 2.628272454279e-03 9.980059908062e-01 -6.306452647031e-02 -7.655047190548e+00 -9.894097728629e-01 -6.557059339616e-03 -1.450010563280e-01 7.825324250255e+01
-1.579430753802e-01 6.387865559955e-02 9.853798771531e-01 1.156307860405e+02 3.176524280457e-03 9.979330720065e-01 -6.418328044911e-02 -7.743911692511e+00 -9.874431095678e-01 -7.007221596872e-03 -1.578195305168e-01 7.806004422059e+01
-1.719249819575e-01 6.426433526765e-02 9.830116458067e-01 1.168529431669e+02 5.442814954443e-03 9.979166200570e-01 -6.428681963966e-02 -7.831795348492e+00 -9.850950087907e-01 -5.702159820463e-03 -1.719165757834e-01 7.784703801589e+01
-1.863143614844e-01 6.202527021067e-02 9.805303792132e-01 1.180606874520e+02 5.952765864730e-03 9.980582161023e-01 -6.200291807109e-02 -7.922064125344e+00 -9.824721488588e-01 -5.715166319876e-03 -1.863218011687e-01 7.762460887737e+01
-2.011591330805e-01 6.470848778511e-02 9.774189556106e-01 1.192702991217e+02 1.009419467966e-02 9.978996842315e-01 -6.398693182483e-02 -8.008137928392e+00 -9.795065647621e-01 -3.005298512838e-03 -2.013898154544e-01 7.736403827162e+01
-2.159809829344e-01 6.810404890034e-02 9.740195344725e-01 1.204540597512e+02 1.080619892443e-02 9.976701113607e-01 -6.736152434619e-02 -8.098097687552e+00 -9.763377699728e-01 -4.023359394462e-03 -2.162137171959e-01 7.710342727524e+01
-2.312758702971e-01 7.180980575610e-02 9.702344168373e-01 1.216300711870e+02 1.056180955173e-02 9.973988042639e-01 -7.130268881316e-02 -8.193701730217e+00 -9.728308794427e-01 -6.243160278620e-03 -2.314327179818e-01 7.683185685972e+01
-2.472173223204e-01 6.971543897592e-02 9.664488362625e-01 1.228078551644e+02 7.188769666468e-03 9.975128445419e-01 -7.011737705194e-02 -8.287606222702e+00 -9.689333914854e-01 -1.038665212460e-02 -2.471036226409e-01 7.654036733218e+01
-2.634775815827e-01 6.410953656568e-02 9.625328728540e-01 1.239794745302e+02 1.404730405937e-03 9.978136775595e-01 -6.607489392910e-02 -8.380756996443e+00 -9.646644964628e-01 -1.605715406256e-02 -2.629915912489e-01 7.624305370430e+01
-2.790656271923e-01 6.007134778474e-02 9.583912608612e-01 1.251494235678e+02 -2.388358908859e-03 9.979949117977e-01 -6.324912463871e-02 -8.472287492002e+00 -9.602690620141e-01 -1.993963894271e-02 -2.783626040569e-01 7.591702142654e+01
-2.945306906023e-01 6.136100851995e-02 9.536700157427e-01 1.263120161450e+02 -4.378754277764e-03 9.978393316202e-01 -6.555528035743e-02 -8.561617288348e+00 -9.556319892115e-01 -2.348392865731e-02 -2.936256226737e-01 7.558253959192e+01
-3.091350961362e-01 6.328292465280e-02 9.489103033397e-01 1.274611010839e+02 -4.770480055031e-03 9.976678667140e-01 -6.808869396908e-02 -8.650638462619e+00 -9.510061697260e-01 -2.557536263201e-02 -3.081122619587e-01 7.522286090568e+01
-3.230924548884e-01 6.558865709316e-02 9.440918353926e-01 1.286113132572e+02 -3.057091821746e-03 9.975179296084e-01 -7.034653011617e-02 -8.743626707531e+00 -9.463624674425e-01 -2.561460853707e-02 -3.220900061252e-01 7.483728792212e+01
-3.369674147649e-01 6.555760365795e-02 9.392311547161e-01 1.297469091837e+02 -9.878944980904e-04 9.975477313520e-01 -6.998248165736e-02 -8.835521698467e+00 -9.415157913977e-01 -2.450967721309e-02 -3.360763161423e-01 7.443516814316e+01
-3.509033831726e-01 6.348509277164e-02 9.342571694527e-01 1.308791524521e+02 -1.138042068820e-03 9.976695459362e-01 -6.822156529842e-02 -8.931085003824e+00 -9.364109784375e-01 -2.500240203048e-02 -3.500133702509e-01 7.401443775121e+01
-3.654730758789e-01 6.213274084615e-02 9.287459035294e-01 1.320083253899e+02 -1.561269194081e-03 9.977273824071e-01 -6.736195390268e-02 -9.024370557799e+00 -9.308206020744e-01 -2.606900285833e-02 -3.645454894027e-01 7.358245543477e+01
-3.797359734258e-01 6.365813902476e-02 9.229020705483e-01 1.331176226952e+02 -2.554746790568e-03 9.975536405502e-01 -6.985848190358e-02 -9.116784878924e+00 -9.250913812998e-01 -2.888555973044e-02 -3.786443723124e-01 7.312467585654e+01
-3.948493209094e-01 6.581241638343e-02 9.163856937050e-01 1.342195500997e+02 -1.709069047156e-03 9.973767247935e-01 -7.236537793142e-02 -9.209780957487e+00 -9.187443022193e-01 -3.013958675794e-02 -3.937010445118e-01 7.266538921135e+01
-4.093880333785e-01 6.749036991947e-02 9.098606970820e-01 1.353062557135e+02 -3.800901925961e-04 9.972475143391e-01 -7.414344661422e-02 -9.306807310481e+00 -9.123602871990e-01 -3.069926892489e-02 -4.082355462592e-01 7.218195031243e+01
-4.238021238377e-01 7.005669667291e-02 9.030414271128e-01 1.364003188245e+02 2.328903373777e-03 9.970852830151e-01 -7.625952139690e-02 -9.404519700027e+00 -9.057518070861e-01 -3.021585090459e-02 -4.227300158664e-01 7.166988013151e+01
-4.384654017958e-01 7.351224887042e-02 8.957365911327e-01 1.374815155752e+02 2.111889074821e-03 9.967307743168e-01 -8.076697007002e-02 -9.506682683538e+00 -8.987455876680e-01 -3.352182566285e-02 -4.371872091583e-01 7.114695488819e+01
-4.535093053850e-01 7.587322086101e-02 8.880160833484e-01 1.385684260371e+02 3.209678082672e-03 9.965023363451e-01 -8.350324320325e-02 -9.609481866239e+00 -8.912457617828e-01 -3.501925206272e-02 -4.521666109844e-01 7.060312879255e+01
-4.686197249041e-01 7.318949379484e-02 8.803629089352e-01 1.396473421575e+02 1.963088136354e-03 9.966458636285e-01 -8.181178886374e-02 -9.714469096963e+00 -8.833978150956e-01 -3.661038800903e-02 -4.671915878674e-01 7.003295188276e+01
-4.844553790512e-01 6.853405333624e-02 8.721273239852e-01 1.407232870079e+02 -1.137395418031e-03 9.968764254278e-01 -7.896897338748e-02 -9.825128510440e+00 -8.748152330864e-01 -3.924889755796e-02 -4.828641962296e-01 6.944248831776e+01
-5.007733225764e-01 6.866136693670e-02 8.628509118534e-01 1.418036049513e+02 -1.530318859266e-03 9.967770785186e-01 -8.020669463437e-02 -9.928338413799e+00 -8.655771124054e-01 -4.148580998807e-02 -4.990542956930e-01 6.884128635945e+01
-5.167120060586e-01 6.764844337026e-02 8.534825076734e-01 1.428588046553e+02 -2.925357868287e-03 9.967281982326e-01 -8.077339369751e-02 -1.003259864855e+01 -8.561542764457e-01 -4.423332406287e-02 -5.148235308978e-01 6.821612181131e+01
-5.327254779007e-01 6.647364028099e-02 8.436734085790e-01 1.439197137798e+02 -3.622869867594e-03 9.967221234046e-01 -8.082006885547e-02 -1.013959695954e+01 -8.462803554434e-01 -4.611142877503e-02 -5.307384441765e-01 6.756547907611e+01
-5.485036235915e-01 6.600351041959e-02 8.335390281920e-01 1.449643136356e+02 -4.814326758106e-03 9.966137405812e-01 -8.208455605390e-02 -1.024657413244e+01 -8.361343176577e-01 -4.903660568381e-02 -5.463284855635e-01 6.690107646000e+01
-5.640091276067e-01 6.522418360847e-02 8.231886234934e-01 1.460088175693e+02 -5.343229625182e-03 9.965665949908e-01 -8.262246453384e-02 -1.035490505290e+01 -8.257512663469e-01 -5.099830998261e-02 -5.617241480526e-01 6.621184310980e+01
-5.796243190082e-01 6.246076513587e-02 8.124864932003e-01 1.470392795940e+02 -5.866140198715e-03 9.967124068718e-01 -8.080820742374e-02 -1.046260770704e+01 -8.148627106534e-01 -5.160456187694e-02 -5.773523464749e-01 6.549912022961e+01
-5.948226985888e-01 5.900533436815e-02 8.016884231169e-01 1.480654494523e+02 -5.589619030684e-03 9.969746653746e-01 -7.752594894819e-02 -1.057072538617e+01 -8.038374919115e-01 -5.059532703055e-02 -5.926933435429e-01 6.475610613695e+01
-6.099978413384e-01 5.716942952050e-02 7.903380858157e-01 1.490705641228e+02 -5.020002334056e-03 9.970951943506e-01 -7.599982223298e-02 -1.067509719302e+01 -7.923871737598e-01 -5.032722653971e-02 -6.079389254931e-01 6.400099054771e+01
-6.245985056383e-01 5.554145803673e-02 7.789684545561e-01 1.500941748867e+02 -5.927394560776e-03 9.971018193562e-01 -7.584739830931e-02 -1.077388211117e+01 -7.809235383494e-01 -5.199142502110e-02 -6.224590902028e-01 6.318646618689e+01
-6.394637639959e-01 5.660468621045e-02 7.667346372998e-01 1.510873703573e+02 -7.249833461025e-03 9.967976726724e-01 -7.963566832626e-02 -1.087755154253e+01 -7.687870540345e-01 -5.648282264546e-02 -6.370056171612e-01 6.238513045267e+01
-6.548462811375e-01 5.594449741191e-02 7.536886368320e-01 1.520594615906e+02 -9.485816769354e-03 9.965694919784e-01 -8.221476107188e-02 -1.098480924368e+01 -7.557025654056e-01 -6.098738285267e-02 -6.520691464655e-01 6.156136089819e+01
-6.706824818818e-01 5.265968048215e-02 7.398729394622e-01 1.530289977458e+02 -1.125631710487e-02 9.966392789088e-01 -8.113841914489e-02 -1.110018958121e+01 -7.416591560967e-01 -6.274636075196e-02 -6.678357510573e-01 6.070910331702e+01
-6.873961750391e-01 4.481496244879e-02 7.248986947721e-01 1.539726840740e+02 -1.523783539711e-02 9.969848581343e-01 -7.608548497179e-02 -1.120816038422e+01 -7.261227905210e-01 -6.334675833612e-02 -6.846406950323e-01 5.985463875578e+01
-7.046332676952e-01 4.235865946947e-02 7.083062205185e-01 1.549270716470e+02 -1.619216105987e-02 9.969967790204e-01 -7.573134452226e-02 -1.131294966335e+01 -7.093868986508e-01 -6.483183316001e-02 -7.018312200463e-01 5.896088326371e+01
-7.222458222634e-01 3.936660893672e-02 6.905152006466e-01 1.558412013399e+02 -1.833137483330e-02 9.969385573300e-01 -7.600969415430e-02 -1.141708082017e+01 -6.913934718522e-01 -6.755577702560e-02 -7.193130640205e-01 5.804237613544e+01
-7.393824183438e-01 3.556092544829e-02 6.723459377622e-01 1.567100824063e+02 -2.142540910136e-02 9.968557443481e-01 -7.628615080734e-02 -1.152679708243e+01 -6.729447163690e-01 -7.080992544426e-02 -7.362957036202e-01 5.710181128619e+01
-7.562580126948e-01 3.344802681203e-02 6.534179732279e-01 1.575913042446e+02 -2.118448155693e-02 9.969169422034e-01 -7.555016935107e-02 -1.163369618511e+01 -6.539304519412e-01 -7.097774193501e-02 -7.532178464254e-01 5.612853162127e+01
-7.721746569337e-01 3.566796929430e-02 6.344084608166e-01 1.584252618110e+02 -1.889352655591e-02 9.966929524479e-01 -7.903286148769e-02 -1.174280155697e+01 -6.351293835460e-01 -7.301338580748e-02 -7.689471448997e-01 5.513499125372e+01
-7.877447314769e-01 3.481491523261e-02 6.150172027739e-01 1.592420987274e+02 -1.580730865332e-02 9.969303607866e-01 -7.668105851573e-02 -1.185114480649e+01 -6.157989664035e-01 -7.012686660118e-02 -7.847763092481e-01 5.412455958598e+01
-8.022117385564e-01 3.631264448245e-02 5.959343238755e-01 1.600239175612e+02 -1.153549965842e-02 9.970196464089e-01 -7.628077688583e-02 -1.196431476231e+01 -5.969281856052e-01 -6.806773483352e-02 -7.994019794226e-01 5.308181311404e+01
-8.165859940960e-01 3.746654189468e-02 5.760065733000e-01 1.607759947830e+02 -9.748008058833e-03 9.968538308536e-01 -7.866013126925e-02 -1.207545778233e+01 -5.771414822946e-01 -6.984767820669e-02 -8.136516522837e-01 5.203070114680e+01
-8.306091293925e-01 3.892600708592e-02 5.554936904611e-01 1.615166360491e+02 -8.878717986764e-03 9.965012048823e-01 -8.310545731161e-02 -1.218834570073e+01 -5.567850954692e-01 -7.396022336640e-02 -8.273573851867e-01 5.096663427627e+01
-8.434457765671e-01 3.945765220493e-02 5.357633019101e-01 1.622218346566e+02 -5.990826236490e-03 9.965461445306e-01 -8.282446391189e-02 -1.230479676404e+01 -5.371809117906e-01 -7.306760912855e-02 -8.402962528204e-01 4.987146185606e+01
-8.552171722985e-01 3.766727030394e-02 5.168991825818e-01 1.628975144188e+02 -4.697150113694e-03 9.967511001607e-01 -8.040634993077e-02 -1.241947302767e+01 -5.182485166275e-01 -7.119284427687e-02 -8.522617285418e-01 4.876614720023e+01
-8.656560359737e-01 3.939133498952e-02 4.990871167542e-01 1.635493010263e+02 -1.931870920179e-03 9.966295075672e-01 -8.201153895133e-02 -1.253544898700e+01 -5.006354914077e-01 -7.195795560021e-02 -8.626622498805e-01 4.763970988560e+01
-8.750856187994e-01 4.246553000844e-02 4.821014815695e-01 1.641635906392e+02 1.191893874176e-03 9.963290943867e-01 -8.559740105587e-02 -1.265016045074e+01 -4.839666715379e-01 -7.433044086798e-02 -8.719238764944e-01 4.652214068398e+01
-8.841634363622e-01 4.009656614775e-02 4.654538464589e-01 1.647937381876e+02 -6.107787521361e-04 9.962099735709e-01 -8.697882217685e-02 -1.277985086884e+01 -4.671773161762e-01 -7.718778362613e-02 -8.807879434400e-01 4.535585045024e+01
-8.922469751967e-01 3.745035221583e-02 4.499920070082e-01 1.653736416699e+02 -1.583704745815e-03 9.962890581737e-01 -8.605582166648e-02 -1.289986201875e+01 -4.515449336795e-01 -7.749570105706e-02 -8.888765882765e-01 4.419167348059e+01
-8.996156547126e-01 3.547094989869e-02 4.352395725452e-01 1.659500369709e+02 -2.529759586991e-03 9.962554748951e-01 -8.642123036621e-02 -1.301943885130e+01 -4.366752501716e-01 -7.884694321825e-02 -8.961572883332e-01 4.303175518565e+01
-9.064342620121e-01 3.343729672802e-02 4.210212296762e-01 1.665044264811e+02 -3.018418541721e-03 9.963227828197e-01 -8.562593990109e-02 -1.314410402077e+01 -4.223361431372e-01 -7.888510392945e-02 -9.030001786146e-01 4.187585991191e+01
-9.129384526112e-01 3.055696783446e-02 4.069516598572e-01 1.670690607682e+02 -4.492594838964e-03 9.963798483831e-01 -8.489413600268e-02 -1.326585524888e+01 -4.080725405310e-01 -7.933139008483e-02 -9.094961969199e-01 4.068401308856e+01
-9.187420912044e-01 2.569160713731e-02 3.940214602937e-01 1.676076123605e+02 -6.977263468910e-03 9.966688990012e-01 -8.125529864682e-02 -1.338269533628e+01 -3.947965142245e-01 -7.740185454109e-02 -9.155024113949e-01 3.947902558157e+01
-9.238690922061e-01 2.239009107494e-02 3.820531171027e-01 1.681090338820e+02 -8.028515662082e-03 9.969335949418e-01 -7.783925881415e-02 -1.349829826912e+01 -3.826244155859e-01 -7.498060481303e-02 -9.208563761518e-01 3.829179965298e+01
-9.282499232861e-01 2.258120516152e-02 3.712710183851e-01 1.685981871525e+02 -5.590728090547e-03 9.971957183348e-01 -7.462870154420e-02 -1.360475309872e+01 -3.719150758960e-01 -7.134976179504e-02 -9.255206036675e-01 3.709369690487e+01
-9.315028051728e-01 2.672738546534e-02 3.627508384849e-01 1.690717453793e+02 -1.202303338875e-03 9.970649529811e-01 -7.655085893426e-02 -1.371237737097e+01 -3.637321520322e-01 -7.174347637994e-02 -9.287366662165e-01 3.588937678985e+01
-9.336536966136e-01 3.202412583392e-02 3.567425264309e-01 1.695264132293e+02 4.389521940990e-03 9.969432512711e-01 -7.800567826836e-02 -1.382067696200e+01 -3.581501178233e-01 -7.126436072506e-02 -9.309403224663e-01 3.468027565499e+01
-9.355874872975e-01 3.530817982851e-02 3.513251856181e-01 1.699819698979e+02 7.363550695251e-03 9.967224572619e-01 -8.056128915938e-02 -1.392821079384e+01 -3.530181747921e-01 -7.278513328325e-02 -9.327810528947e-01 3.347881749617e+01
-9.375543838719e-01 3.239180818493e-02 3.463272268318e-01 1.704379805327e+02 5.166334027093e-03 9.968415345045e-01 -7.924811719791e-02 -1.404160950214e+01 -3.478003540470e-01 -7.251017755600e-02 -9.347604976012e-01 3.228516554111e+01
-9.393746808269e-01 2.505692545817e-02 3.419756709298e-01 1.708958123573e+02 -9.481082713928e-04 9.971328169747e-01 -7.566535801013e-02 -1.415059863176e+01 -3.428911053265e-01 -7.140235149264e-02 -9.366575650094e-01 3.106651353678e+01
-9.412272460951e-01 1.897820096264e-02 3.372404173531e-01 1.713445507126e+02 -6.375303843913e-03 9.972443015553e-01 -7.391318229123e-02 -1.425586141618e+01 -3.377138236868e-01 -7.171911114717e-02 -9.385125158393e-01 2.985483792208e+01
-9.428069403222e-01 1.258076089805e-02 3.331017828465e-01 1.717843647320e+02 -1.324953105689e-02 9.970834842337e-01 -7.515966601273e-02 -1.436195529367e+01 -3.330758520323e-01 -7.527449716604e-02 -9.398905398340e-01 2.864399558017e+01
-9.441425316505e-01 1.018506358603e-02 3.293799392925e-01 1.722222439183e+02 -1.646104790810e-02 9.968168389701e-01 -7.800784221801e-02 -1.446605844838e+01 -3.291259847389e-01 -7.907246060096e-02 -9.409695171174e-01 2.743781271307e+01
-9.449071651769e-01 1.063372388390e-02 3.271656661597e-01 1.726532560337e+02 -1.667855668151e-02 9.966099890865e-01 -8.056274200905e-02 -1.457480261457e+01 -3.269132529348e-01 -8.158096327794e-02 -9.415265644082e-01 2.622189675409e+01
-9.451901427293e-01 1.087327647090e-02 3.263393417076e-01 1.730787060154e+02 -1.710091479146e-02 9.964252712172e-01 -8.272990748776e-02 -1.468616796411e+01 -3.260723122263e-01 -8.377619434198e-02 -9.416254013465e-01 2.501154782603e+01
-9.451259795221e-01 1.379369863675e-02 3.264147924195e-01 1.735096387655e+02 -1.465492452871e-02 9.963127062416e-01 -8.453534508454e-02 -1.480181733507e+01 -3.263772602670e-01 -8.468013497523e-02 -9.414388767845e-01 2.379212508136e+01
-9.447417366335e-01 1.437213558793e-02 3.275003706585e-01 1.739364889036e+02 -1.478879093505e-02 9.961527703256e-01 -8.637678991087e-02 -1.491581018228e+01 -3.274818204504e-01 -8.644709301804e-02 -9.408945516811e-01 2.258346245745e+01
-9.443006981834e-01 1.514919196315e-02 3.287349896089e-01 1.743677617923e+02 -1.479334402319e-02 9.959758949854e-01 -8.839215791399e-02 -1.503643930683e+01 -3.287511952571e-01 -8.833186622587e-02 -9.402766258002e-01 2.137001188241e+01
-9.435317212025e-01 1.671332360795e-02 3.308603268733e-01 1.747946680198e+02 -1.326289257383e-02 9.960201347002e-01 -8.813618412691e-02 -1.515724845999e+01 -3.310165959061e-01 -8.754745048174e-02 -9.395549250304e-01 2.015105998690e+01
-9.426844791950e-01 1.555716807294e-02 3.333225873030e-01 1.752376137061e+02 -1.484768137822e-02 9.959676245363e-01 -8.847619585585e-02 -1.528734120122e+01 -3.333549445298e-01 -8.835420418397e-02 -9.386522335565e-01 1.892987922641e+01
-9.413228739993e-01 1.460375750042e-02 3.371913064605e-01 1.756716858017e+02 -1.623768518545e-02 9.959469681855e-01 -8.846453606901e-02 -1.540837820137e+01 -3.371165740000e-01 -8.874889762107e-02 -9.372705312265e-01 1.773057322348e+01
-9.395542723349e-01 1.320941194211e-02 3.421451165419e-01 1.761130913461e+02 -1.745043488994e-02 9.961096340649e-01 -8.637753900895e-02 -1.552669524873e+01 -3.419550433309e-01 -8.712696688875e-02 -9.356685524166e-01 1.652709348506e+01
-9.374715577148e-01 1.090395559724e-02 3.478910493647e-01 1.765647908580e+02 -1.937772842443e-02 9.963239196687e-01 -8.344549560725e-02 -1.564780089117e+01 -3.475220598996e-01 -8.496911702710e-02 -9.338140430700e-01 1.533368871477e+01
-9.348012860122e-01 8.738756201387e-03 3.550636419151e-01 1.770207546735e+02 -2.131591825137e-02 9.965148572908e-01 -8.064595977326e-02 -1.576106751515e+01 -3.545309398333e-01 -8.295645447283e-02 -9.313570955129e-01 1.414459997767e+01
-9.320362586861e-01 1.094624082397e-02 3.621996580702e-01 1.774849877136e+02 -1.955199493691e-02 9.965684511148e-01 -8.043035332925e-02 -1.587633442251e+01 -3.618371622544e-01 -8.204573148254e-02 -9.286239098565e-01 1.296193521240e+01
-9.286636504644e-01 1.076476360553e-02 3.707666977637e-01 1.779599814448e+02 -2.064375146794e-02 9.965295169867e-01 -8.063967571556e-02 -1.599053860494e+01 -3.703480252835e-01 -8.254115118350e-02 -9.252185139360e-01 1.178733064539e+01
-9.246617493896e-01 1.412606563975e-02 3.805274017536e-01 1.784337436385e+02 -1.893314669995e-02 9.963701659568e-01 -8.299414646432e-02 -1.610239293259e+01 -3.803185311970e-01 -8.394609377954e-02 -9.210379298201e-01 1.062787961459e+01
-9.200148878190e-01 1.581281345153e-02 3.915642490347e-01 1.789196185528e+02 -1.778341225235e-02 9.964716071278e-01 -8.202491351247e-02 -1.621163995863e+01 -3.914797011852e-01 -8.242749006740e-02 -9.164875080661e-01 9.465931106833e+00
-9.150833086555e-01 1.737534836973e-02 4.028903516952e-01 1.794261484803e+02 -1.777880787778e-02 9.963616627565e-01 -8.335077071985e-02 -1.632678239192e+01 -4.028727494017e-01 -8.343580920791e-02 -9.114450139922e-01 8.333589403257e+00
-9.090539658422e-01 1.953217282805e-02 4.162203519905e-01 1.799542568513e+02 -1.730656541987e-02 9.962688346396e-01 -8.455112015336e-02 -1.643919291757e+01 -4.163188321225e-01 -8.406487584262e-02 -9.053241003473e-01 7.174387465839e+00
-9.026880384041e-01 2.218047304693e-02 4.297235529240e-01 1.804954786456e+02 -1.574202987594e-02 9.962997325718e-01 -8.449278888049e-02 -1.655379902994e+01 -4.300075508844e-01 -8.303535086234e-02 -8.989986855883e-01 6.025584052768e+00
-8.960639345238e-01 2.170386655142e-02 4.433941445513e-01 1.810609384516e+02 -1.632168361131e-02 9.965180841267e-01 -8.176374901263e-02 -1.666791727534e+01 -4.436248729386e-01 -8.050248558415e-02 -8.925896716437e-01 4.876618800324e+00
-8.888469125713e-01 2.494816063864e-02 4.575245952878e-01 1.816409546454e+02 -1.461828992073e-02 9.964643483280e-01 -8.273516852591e-02 -1.677532202639e+01 -4.579710379623e-01 -8.022712628511e-02 -8.853395600535e-01 3.717304425071e+00
-8.817066972985e-01 2.732682437371e-02 4.710058859597e-01 1.822383340500e+02 -1.269370902626e-02 9.965857862820e-01 -8.158210791525e-02 -1.688941808111e+01 -4.716271511376e-01 -7.791030259463e-02 -8.783494834401e-01 2.591421147411e+00
-8.739043746264e-01 2.919566925430e-02 4.852203179028e-01 1.828530578045e+02 -1.085846872560e-02 9.967731415117e-01 -7.953237088049e-02 -1.700116354001e+01 -4.859765813965e-01 -7.477243648384e-02 -8.707673886156e-01 1.472201504302e+00
-8.658443712114e-01 3.112464170227e-02 4.993443516457e-01 1.834706120393e+02 -8.284575369349e-03 9.970342952811e-01 -7.651130533671e-02 -1.711252426113e+01 -5.002448307104e-01 -7.038373897630e-02 -8.630186780338e-01 3.904724530381e-01
-8.574337128154e-01 3.364112204300e-02 5.134936251165e-01 1.840984355962e+02 -5.771551288154e-03 9.971693795879e-01 -7.496610972965e-02 -1.722361993020e+01 -5.145620636263e-01 -6.724212459432e-02 -8.548124819846e-01 -6.699352910632e-01
-8.479224688183e-01 3.728082775401e-02 5.288077408237e-01 1.847577938062e+02 -1.945959403517e-03 9.972985051160e-01 -7.342959168814e-02 -1.733032662151e+01 -5.301166853770e-01 -6.329163906444e-02 -8.455592636294e-01 -1.738174703755e+00
-8.373244800454e-01 3.963417551987e-02 5.452676840300e-01 1.854250619535e+02 1.625195525988e-04 9.973866829943e-01 -7.224803231312e-02 -1.743624386253e+01 -5.467062179123e-01 -6.040642943083e-02 -8.351427270709e-01 -2.776952496655e+00
-8.259640391649e-01 4.260599140833e-02 5.621104299891e-01 1.861057867495e+02 3.072524100986e-03 9.974652023681e-01 -7.108958897293e-02 -1.753978923498e+01 -5.637144362193e-01 -5.699034620709e-02 -8.240012954099e-01 -3.799838133104e+00
-8.143959325637e-01 4.449404704547e-02 5.786013695120e-01 1.868151523626e+02 4.631632355997e-03 9.975229099581e-01 -7.018968649695e-02 -1.764184175393e+01 -5.802911450344e-01 -5.448232636678e-02 -8.125846805769e-01 -4.806497583845e+00
-8.023377360465e-01 4.636703056567e-02 5.950665977790e-01 1.875515294571e+02 5.336667565611e-03 9.974954961933e-01 -7.052839891389e-02 -1.773682174369e+01 -5.968464436478e-01 -5.341192329981e-02 -8.005757235605e-01 -5.803348319429e+00
-7.892403101632e-01 4.857403487071e-02 6.121603515010e-01 1.883041098780e+02 6.835897017891e-03 9.974998740102e-01 -7.033684568999e-02 -1.783699806192e+01 -6.140464178915e-01 -5.132800878697e-02 -7.875991570517e-01 -6.782861128511e+00
-7.747961017710e-01 4.996509844101e-02 6.302336785814e-01 1.890704016939e+02 8.553550788734e-03 9.976092829351e-01 -6.857518042734e-02 -1.792722271885e+01 -6.321533338118e-01 -4.774104669483e-02 -7.733711625158e-01 -7.747038698827e+00
-7.588026324894e-01 5.196660241131e-02 6.492442045648e-01 1.898563968745e+02 1.088889247400e-02 9.976848168536e-01 -6.713000998489e-02 -1.802148191960e+01 -6.512296038632e-01 -4.386887796270e-02 -7.576117241691e-01 -8.690822605913e+00
-7.417693733314e-01 5.499704822449e-02 6.683962308946e-01 1.906677931048e+02 1.240848021143e-02 9.975867755494e-01 -6.831291874800e-02 -1.811307107354e+01 -6.705402496543e-01 -4.237864952569e-02 -7.406617471275e-01 -9.597826084634e+00
-7.238785744717e-01 5.811186976176e-02 6.874756868527e-01 1.914924770717e+02 1.317964462288e-02 9.974293333996e-01 -7.043452166156e-02 -1.820786540275e+01 -6.898014978155e-01 -4.192535589438e-02 -7.227836177894e-01 -1.048156952503e+01
-7.055945540285e-01 5.898587063050e-02 7.061564928479e-01 1.923340399385e+02 1.247283716749e-02 9.974088878138e-01 -7.085152675132e-02 -1.830312774274e+01 -7.085060011448e-01 -4.118467647028e-02 -7.045020005406e-01 -1.132986477789e+01
-6.862961309809e-01 5.915590858087e-02 7.249125458155e-01 1.932017142301e+02 1.159487633164e-02 9.974501172353e-01 -7.041890705052e-02 -1.839853812992e+01 -7.272297982368e-01 -3.992295213669e-02 -6.852320617493e-01 -1.215185575301e+01
-6.655305934137e-01 5.876241842156e-02 7.440537664791e-01 1.940915615202e+02 1.002897035997e-02 9.975099744215e-01 -6.980881522505e-02 -1.849817595123e+01 -7.463031883785e-01 -3.899780905199e-02 -6.644627317654e-01 -1.296824413333e+01
-6.445965135928e-01 5.927808811268e-02 7.622213870876e-01 1.949876728532e+02 7.848714019517e-03 9.974501065851e-01 -7.093435388842e-02 -1.859057668663e+01 -7.644826566720e-01 -3.974157952362e-02 -6.434181179488e-01 -1.372824666761e+01
-6.232488723015e-01 5.884860571027e-02 7.798061841130e-01 1.959018225307e+02 5.433521036803e-03 9.974663674859e-01 -7.093181644044e-02 -1.868816769554e+01 -7.820046803083e-01 -3.997108130079e-02 -6.219895438314e-01 -1.446610456935e+01
-6.017550323852e-01 5.877606730996e-02 7.965150688535e-01 1.968293456454e+02 4.101293752560e-03 9.975027268155e-01 -7.050878941828e-02 -1.878300851760e+01 -7.986701824837e-01 -3.916227658414e-02 -6.004933435969e-01 -1.516656092023e+01
-5.782841495434e-01 5.873436237297e-02 8.137184507331e-01 1.977873649995e+02 4.069069501634e-03 9.976003842235e-01 -6.911523761510e-02 -1.887632250298e+01 -8.158252785126e-01 -3.665716947394e-02 -5.771354839775e-01 -1.586131505192e+01
-5.536772202615e-01 5.947586003920e-02 8.306046940850e-01 1.987556684143e+02 3.565480564547e-03 9.976063192461e-01 -6.905736129148e-02 -1.896766154065e+01 -8.327237375696e-01 -3.527398294488e-02 -5.525639537786e-01 -1.651580176011e+01
-5.274156614363e-01 6.268800059450e-02 8.472915287273e-01 1.997423706326e+02 5.138609845519e-03 9.974913230105e-01 -7.060209067498e-02 -1.905625386170e+01 -8.495918518680e-01 -3.288274776059e-02 -5.264146750796e-01 -1.714123520772e+01
-4.996820543497e-01 6.350810753611e-02 8.638776330233e-01 2.007531977648e+02 4.544133442855e-03 9.974871300001e-01 -7.070202497340e-02 -1.914436198272e+01 -8.661969726408e-01 -3.140295784264e-02 -4.987150076212e-01 -1.774737510086e+01
-4.721399190933e-01 6.253485631773e-02 8.793027286117e-01 2.017824309812e+02 2.311527395825e-03 9.975650160045e-01 -6.970434480802e-02 -1.923092959070e+01 -8.815205917275e-01 -3.087767137170e-02 -4.711348169802e-01 -1.830217123362e+01
-4.438773988452e-01 6.058036519108e-02 8.940374008663e-01 2.028401620588e+02 8.259678921290e-04 9.977393735497e-01 -6.719717438830e-02 -1.931956910369e+01 -8.960871456345e-01 -2.908886078975e-02 -4.429239952932e-01 -1.882836166403e+01
-4.136174083877e-01 6.183832052024e-02 9.083483151269e-01 2.038881057151e+02 8.084379655904e-04 9.977152849909e-01 -6.755410071572e-02 -1.940633618276e+01 -9.104504302304e-01 -2.720720880007e-02 -4.127224029327e-01 -1.931920302479e+01
-3.819463249569e-01 6.438828781755e-02 9.219388012465e-01 2.049810547033e+02 7.066535492132e-04 9.975901219318e-01 -6.937902611570e-02 -1.949481677686e+01 -9.241842378512e-01 -2.584757272792e-02 -3.810713810973e-01 -1.978171965050e+01
-3.493276212405e-01 6.625564737693e-02 9.346552317454e-01 2.060752393835e+02 1.643531958035e-03 9.975386822351e-01 -7.009904598012e-02 -1.958006180203e+01 -9.369992058914e-01 -2.295139724035e-02 -3.485767082344e-01 -2.020648656733e+01
-3.169112148911e-01 6.691306401395e-02 9.460919214011e-01 2.071821801488e+02 2.849876937453e-03 9.975709550611e-01 -6.959933778359e-02 -1.966620940632e+01 -9.484509265522e-01 -1.936056514510e-02 -3.163321173065e-01 -2.058655626378e+01
-2.834172675259e-01 6.692434896173e-02 9.566586559396e-01 2.083076976004e+02 2.103257568822e-03 9.976029780494e-01 -6.916555858702e-02 -1.975389224820e+01 -9.589943841211e-01 -1.759061406275e-02 -2.828786692580e-01 -2.093457079327e+01
-2.491851684500e-01 6.618207153702e-02 9.661918470116e-01 2.094466576106e+02 2.238621519581e-03 9.976989422481e-01 -6.776288962728e-02 -1.983463927072e+01 -9.684532721811e-01 -1.472256920567e-02 -2.487599355961e-01 -2.124045130280e+01
-2.142125801136e-01 6.408243648704e-02 9.746827236875e-01 2.105888237675e+02 1.790697740728e-03 9.978697366162e-01 -6.521335865616e-02 -1.992504995887e+01 -9.767854236846e-01 -1.222415966437e-02 -2.138710031720e-01 -2.150186318181e+01
-1.790536681621e-01 6.295718994831e-02 9.818228843083e-01 2.117374894758e+02 2.459809933309e-03 9.979759822913e-01 -6.354437901839e-02 -2.001102931933e+01 -9.838362329437e-01 -8.962756470757e-03 -1.788461230882e-01 -2.172218249485e+01
-1.434425768385e-01 6.257806227506e-02 9.876781931742e-01 2.128806135594e+02 3.036924097736e-03 9.980219911957e-01 -6.279237359627e-02 -2.009446111932e+01 -9.896539820775e-01 -6.007596168798e-03 -1.433488909840e-01 -2.190129668808e+01
-1.076478668927e-01 6.206427796489e-02 9.922499494352e-01 2.140313719898e+02 3.222348790537e-03 9.980660692045e-01 -6.207848234995e-02 -2.017674368319e+01 -9.941838628854e-01 -3.485240780434e-03 -1.076396761189e-01 -2.203334209432e+01
-7.075525956939e-02 6.239314995689e-02 9.955404502489e-01 2.152087927481e+02 2.629034769240e-03 9.980500347921e-01 -6.236358093961e-02 -2.025157631492e+01 -9.974902412653e-01 -1.795240899169e-03 -7.078132303556e-02 -2.215044429912e+01
-3.543448874214e-02 6.236793865632e-02 9.974240007316e-01 2.163426071644e+02 1.841403747018e-03 9.980531556747e-01 -6.234186137782e-02 -2.034032025522e+01 -9.993703048619e-01 -3.723916928438e-04 -3.548034786474e-02 -2.219272103841e+01
-4.263255255014e-04 6.189043318222e-02 9.980828585479e-01 2.175049957097e+02 1.006766434124e-03 9.980824699964e-01 -6.188997905374e-02 -2.042122525337e+01 -9.999994023338e-01 9.784510426170e-04 -4.878172442362e-04 -2.220428203104e+01
3.408763671719e-02 6.095360822897e-02 9.975583645416e-01 2.186800189440e+02 -3.837767894932e-04 9.981391597809e-01 -6.097598238019e-02 -2.050586537953e+01 -9.994187739574e-01 1.695687389374e-03 3.404759765189e-02 -2.218420258750e+01
6.760703467797e-02 6.197680857858e-02 9.957851997597e-01 2.198558533708e+02 -2.353731076345e-03 9.980758843051e-01 -6.195957648784e-02 -2.057830400808e+01 -9.977092506397e-01 1.845092666207e-03 6.762282766182e-02 -2.211738475691e+01
1.007789660181e-01 6.195478342505e-02 9.929779478010e-01 2.210184473328e+02 -1.907695609125e-03 9.980694255790e-01 -6.207884037149e-02 -2.065292089968e+01 -9.949070110848e-01 4.361941673264e-03 1.007025955924e-01 -2.201400975161e+01
1.329491651924e-01 5.955486226004e-02 9.893319654473e-01 2.221768386133e+02 -9.268011416388e-04 9.982001009555e-01 -5.996415172481e-02 -2.073605100913e+01 -9.911224245845e-01 7.055269918250e-03 1.327650656314e-01 -2.186238172472e+01
1.648965674304e-01 5.886655221713e-02 9.845526146833e-01 2.233544517887e+02 -4.933145173027e-04 9.982221444276e-01 -5.960123333536e-02 -2.081296719781e+01 -9.863107414453e-01 9.342344693750e-03 1.646324448740e-01 -2.169431847794e+01
1.950444231709e-01 5.834027715259e-02 9.790577536855e-01 2.244863624843e+02 9.757365627481e-04 9.982173020239e-01 -5.967634270164e-02 -2.089487758316e+01 -9.807939237822e-01 1.259484028650e-02 1.946397931309e-01 -2.147914023199e+01
2.255448280987e-01 5.780000110690e-02 9.725166787207e-01 2.256259828157e+02 2.792640902370e-03 9.981960403414e-01 -5.997387934326e-02 -2.097301994810e+01 -9.742287881575e-01 1.624268816212e-02 2.249765396803e-01 -2.123269646573e+01
2.555539860001e-01 5.665346568629e-02 9.651334338138e-01 2.267587670806e+02 5.236355252688e-03 9.981858348590e-01 -5.998016064153e-02 -2.105276919459e+01 -9.667806063545e-01 2.038195065856e-02 2.547937111944e-01 -2.093891773809e+01
2.860476157798e-01 5.511099455728e-02 9.566292593192e-01 2.278933632596e+02 7.339244334830e-03 9.981893950291e-01 -5.969980857666e-02 -2.112966084392e+01 -9.581872974525e-01 2.409792377785e-02 2.851252234901e-01 -2.061742115199e+01
3.162972470148e-01 5.343984025578e-02 9.471537546799e-01 2.290084323886e+02 9.389892648201e-03 9.981868279633e-01 -5.945491061818e-02 -2.120981727910e+01 -9.486136629034e-01 2.769909662783e-02 3.152219513281e-01 -2.026642533629e+01
3.460315596654e-01 5.235082793079e-02 9.367612025114e-01 2.301089262540e+02 1.235644244296e-02 9.981012071747e-01 -6.034317332232e-02 -2.129110910313e+01 -9.381415021444e-01 3.245567826151e-02 3.447276474304e-01 -1.987996299424e+01
3.744161577471e-01 5.126919329824e-02 9.258423249325e-01 2.312025386203e+02 1.317710293718e-02 9.980752682040e-01 -6.059804417325e-02 -2.137227013695e+01 -9.271671396119e-01 3.488880648557e-02 3.730199276257e-01 -1.944515743003e+01
4.025263574071e-01 4.942986029727e-02 9.140728748319e-01 2.322994986121e+02 1.382256272819e-02 9.980990187128e-01 -6.006068268125e-02 -2.145122095114e+01 -9.153040305561e-01 3.681083747357e-02 4.010779149895e-01 -1.897424440945e+01
4.300517336410e-01 4.812749055488e-02 9.015205216995e-01 2.333668098063e+02 1.395470514390e-02 9.981044103607e-01 -5.994040559402e-02 -2.153488143471e+01 -9.026963900430e-01 3.835792840234e-02 4.285649270903e-01 -1.846415328104e+01
4.585123849441e-01 4.891809650825e-02 8.873406407276e-01 2.344272715027e+02 1.512654983109e-02 9.979096089212e-01 -6.282992848049e-02 -2.161738771431e+01 -8.885592722734e-01 4.223070277258e-02 4.568139527206e-01 -1.793217748280e+01
4.859552734598e-01 4.973806854827e-02 8.725672448205e-01 2.354661989878e+02 1.651275541219e-02 9.976786088185e-01 -6.606604585337e-02 -2.169953910223e+01 -8.738276724305e-01 4.651363287349e-02 4.840058686128e-01 -1.735871770981e+01
5.133927338773e-01 4.788484776444e-02 8.568167494608e-01 2.364871485954e+02 1.771946272582e-02 9.976375888606e-01 -6.637214726965e-02 -2.178498996909e+01 -8.579708161952e-01 4.925731059501e-02 5.113313953888e-01 -1.678834352036e+01
5.399485574708e-01 4.542013119141e-02 8.404716336485e-01 2.375006003923e+02 1.817730679380e-02 9.976808398094e-01 -6.559365361803e-02 -2.187213121559e+01 -8.415017176470e-01 5.069470938661e-02 5.378707146121e-01 -1.615547704757e+01
5.648852505895e-01 4.315139566997e-02 8.240404181338e-01 2.384861733542e+02 1.762869580630e-02 9.977727289554e-01 -6.433358716072e-02 -2.196150594380e+01 -8.249811408454e-01 5.086785236798e-02 5.628663951995e-01 -1.549244195436e+01
5.878545381573e-01 4.293305941356e-02 8.078265868225e-01 2.394602510547e+02 1.636058525390e-02 9.977555206305e-01 -6.493267514526e-02 -2.204808173349e+01 -8.088011951141e-01 5.138748350291e-02 5.858327007954e-01 -1.480409313783e+01
6.084784649733e-01 4.267504972476e-02 7.924221083455e-01 2.404193579712e+02 1.508146522297e-02 9.977508226682e-01 -6.531343867572e-02 -2.213675468750e+01 -7.934270647454e-01 5.169270737645e-02 6.064662867246e-01 -1.407061995971e+01
6.278547228328e-01 4.122471812149e-02 7.772380392341e-01 2.413650462560e+02 1.429244335002e-02 9.978173088457e-01 -6.446971561173e-02 -2.222370943435e+01 -7.781993144945e-01 5.158624607174e-02 6.258951079347e-01 -1.331517742337e+01
6.457966409496e-01 3.869057643725e-02 7.625285160787e-01 2.422966863158e+02 1.400663165862e-02 9.979467939622e-01 -6.249808549238e-02 -2.231179493073e+01 -7.633809748794e-01 5.104150973067e-02 6.439287627344e-01 -1.252624119968e+01
6.628262746661e-01 3.542912972835e-02 7.479345602250e-01 2.432250748210e+02 1.520309097260e-02 9.980372600937e-01 -6.074943201006e-02 -2.239518599819e+01 -7.486188587239e-01 5.163723686797e-02 6.609866868036e-01 -1.172586112610e+01
6.786181924746e-01 3.278176136898e-02 7.337592963391e-01 2.441274236226e+02 1.610030799313e-02 9.980995338696e-01 -5.948193483631e-02 -2.247845740567e+01 -7.343147342421e-01 5.217927376739e-02 6.768007051297e-01 -1.089750440389e+01
6.936597451465e-01 3.056769636738e-02 7.196539264828e-01 2.450185437074e+02 1.772982197441e-02 9.980718503331e-01 -5.948306469374e-02 -2.255906081217e+01 -7.200845862647e-01 5.402034349571e-02 6.917803055252e-01 -1.003721158031e+01
7.081589002504e-01 3.025942126826e-02 7.054043800691e-01 2.458771851677e+02 1.719613071071e-02 9.980456736233e-01 -6.007600561204e-02 -2.263962940644e+01 -7.058436548449e-01 5.467358398923e-02 7.062545816694e-01 -9.175567985708e+00
7.227111011900e-01 2.879459507149e-02 6.905501687144e-01 2.467270860407e+02 1.773538774775e-02 9.980301349327e-01 -6.017728630942e-02 -2.272107189398e+01 -6.909226586516e-01 5.573796785673e-02 7.207767745294e-01 -8.293236555932e+00
7.368218982494e-01 2.669572607061e-02 6.755596409420e-01 2.475577564973e+02 1.696772901190e-02 9.981752368520e-01 -5.795077831827e-02 -2.280502474415e+01 -6.758739427085e-01 5.416211540438e-02 7.350244069571e-01 -7.392436386940e+00
7.505071026352e-01 2.340389355673e-02 6.604478379558e-01 2.483524927722e+02 1.787795493759e-02 9.982879500010e-01 -5.569153984346e-02 -2.288665471267e+01 -6.606205171059e-01 5.360435289481e-02 7.488037831965e-01 -6.477184997562e+00
7.639870722306e-01 2.143252075962e-02 6.448754922606e-01 2.491301837725e+02 1.843639942986e-02 9.983149847119e-01 -5.502081856606e-02 -2.296020671243e+01 -6.449681020334e-01 5.392437624586e-02 7.623046038205e-01 -5.560018458191e+00
7.771353531446e-01 2.117541061900e-02 6.289771417770e-01 2.499350316273e+02 1.890096063651e-02 9.981975941361e-01 -5.695890402716e-02 -2.304312112449e+01 -6.290495978695e-01 5.615305019387e-02 7.753344042245e-01 -4.586206532873e+00
7.891107239372e-01 1.992331624941e-02 6.139277863373e-01 2.506943622638e+02 1.958801858327e-02 9.981493144276e-01 -5.756957213335e-02 -2.312381034074e+01 -6.139385758326e-01 5.745439563046e-02 7.872600698165e-01 -3.621098792288e+00
8.002407239903e-01 1.915581829433e-02 5.993728708350e-01 2.514400182210e+02 1.906646765256e-02 9.981716192771e-01 -5.735754772444e-02 -2.320076511181e+01 -5.993757197942e-01 5.732776897091e-02 7.984123454870e-01 -2.619183971840e+00
8.107760851139e-01 1.640661331058e-02 5.851264503055e-01 2.521799900579e+02 1.961447815320e-02 9.982843009890e-01 -5.516997956954e-02 -2.328060358057e+01 -5.850277019545e-01 5.620745002758e-02 8.090632302281e-01 -1.589158904803e+00
8.208212712830e-01 1.326550490833e-02 5.710310560634e-01 2.528895083457e+02 2.161712041385e-02 9.982925808326e-01 -5.426438205337e-02 -2.335343508847e+01 -5.707759111196e-01 5.688540616140e-02 8.191330232944e-01 -5.659840194705e-01
8.304274631294e-01 1.279778657194e-02 5.569797528989e-01 2.535942595380e+02 2.146731207632e-02 9.982586542276e-01 -5.494373278179e-02 -2.343061757116e+01 -5.567130167265e-01 5.758364280451e-02 8.287066676989e-01 4.758565439073e-01
8.390321930388e-01 9.769675163191e-03 5.439940555665e-01 2.542893212702e+02 2.536871468958e-02 9.980488628885e-01 -5.705169236761e-02 -2.351123245369e+01 -5.434900250781e-01 6.166863655227e-02 8.371472820874e-01 1.537700232464e+00
8.470185249536e-01 7.397021051315e-03 5.315119024678e-01 2.549662087740e+02 2.651163114805e-02 9.980709073271e-01 -5.613908942170e-02 -2.358837808303e+01 -5.309018287775e-01 6.164209622323e-02 8.451884406296e-01 2.622674902371e+00
8.543773536249e-01 4.307931174268e-03 5.196352368170e-01 2.556389161873e+02 2.886433368323e-02 9.980284365359e-01 -5.573230756710e-02 -2.367198054588e+01 -5.188508339146e-01 6.261534631964e-02 8.525685488871e-01 3.714371603200e+00
8.610721716032e-01 2.572794617416e-03 5.084762492177e-01 2.562977756581e+02 3.011280838086e-02 9.979741098478e-01 -5.604368693240e-02 -2.374909748684e+01 -5.075903210878e-01 6.356930707044e-02 8.592502598990e-01 4.814029568600e+00
8.662046332837e-01 9.841302366008e-04 4.996884677131e-01 2.569457885421e+02 3.089086116157e-02 9.979799077929e-01 -5.551448764470e-02 -2.382668030708e+01 -4.987336844193e-01 6.352271349237e-02 8.644244194238e-01 5.958286317319e+00
8.699369259237e-01 -5.455459765633e-05 4.931629973327e-01 2.575853814728e+02 3.047889001827e-02 9.980943167548e-01 -5.365419019128e-02 -2.390778548699e+01 -4.922202577888e-01 6.170682203471e-02 8.682807644632e-01 7.090822653888e+00
8.726090528017e-01 -1.182038452685e-03 4.884178986827e-01 2.582220654244e+02 3.066348808926e-02 9.981569829550e-01 -5.236781336327e-02 -2.398984849363e+01 -4.874558354012e-01 6.067322443505e-02 8.710370648657e-01 8.247160004214e+00
8.752371388879e-01 -2.074105904501e-03 4.836896203103e-01 2.588606628639e+02 3.105873899130e-02 9.981681251151e-01 -5.192060030999e-02 -2.407046410308e+01 -4.826958726191e-01 6.046562733468e-02 8.736982330688e-01 9.390678808677e+00
8.775730953349e-01 -3.587248148346e-03 4.794294463161e-01 2.594864515463e+02 3.213634529364e-02 9.981632477982e-01 -5.135548710841e-02 -2.414517785128e+01 -4.783646283490e-01 6.047530401491e-02 8.760764920650e-01 1.053571072466e+01
8.796580714814e-01 -5.916473195160e-03 4.755698399000e-01 2.601185045270e+02 3.332581669136e-02 9.982316445148e-01 -4.922371208162e-02 -2.422238490714e+01 -4.744376325919e-01 5.914878894932e-02 8.782996946068e-01 1.170186465910e+01
8.816649608244e-01 -7.791576982330e-03 4.718116024247e-01 2.607517165910e+02 3.487359275817e-02 9.982052857108e-01 -4.868305770165e-02 -2.429690004991e+01 -4.705855176082e-01 5.937591184288e-02 8.803543444036e-01 1.288669556582e+01
8.837693487016e-01 -9.270801294885e-03 4.678309422632e-01 2.613669387357e+02 3.637525001943e-02 9.981393229939e-01 -4.893601004604e-02 -2.437196547269e+01 -4.665067839609e-01 6.026561321809e-02 8.824621671108e-01 1.405202867108e+01
8.858216625298e-01 -1.031689702681e-02 4.639111378580e-01 2.619883794197e+02 3.695917849219e-02 9.981452423404e-01 -4.837452137552e-02 -2.444750123524e+01 -4.625516201660e-01 5.999697349755e-02 8.845599820549e-01 1.523448435255e+01
8.877957046720e-01 -1.027086920081e-02 4.601231313591e-01 2.625978523631e+02 3.651890802736e-02 9.981708015182e-01 -4.818112029723e-02 -2.452300044126e+01 -4.587866128413e-01 5.957818596153e-02 8.865468310446e-01 1.641906112663e+01
8.897829012774e-01 -1.064001150771e-02 4.562599903011e-01 2.632092161086e+02 3.642363790725e-02 9.981947986142e-01 -4.775418956551e-02 -2.459970278863e+01 -4.549282440078e-01 5.910951001804e-02 8.885642118774e-01 1.761272809170e+01
8.915157137736e-01 -9.844711747482e-03 4.528827814627e-01 2.638031052458e+02 3.515510423272e-02 9.982522086469e-01 -4.750417432061e-02 -2.468074857514e+01 -4.516235719503e-01 5.827185926419e-02 8.903036221856e-01 1.879559466496e+01
8.927364191066e-01 -9.066075743523e-03 4.504880600764e-01 2.644049009401e+02 3.407145153342e-02 9.982933541994e-01 -4.742905387694e-02 -2.475639964723e+01 -4.492892411255e-01 5.769042582499e-02 8.915217286062e-01 1.999650347142e+01
8.935709820628e-01 -6.790648206309e-03 4.488705683293e-01 2.650117010639e+02 3.133073738996e-02 9.983908392539e-01 -4.726644675210e-02 -2.482770997721e+01 -4.478272936187e-01 5.629937114130e-02 8.923458387303e-01 2.121439491676e+01
8.940420765358e-01 -6.705687440474e-03 4.479328065005e-01 2.655964884427e+02 3.104081780871e-02 9.984120621029e-01 -4.700874256190e-02 -2.491330035227e+01 -4.469062910871e-01 5.593199445250e-02 8.928305432630e-01 2.236856054493e+01
8.944343628762e-01 -3.925785612399e-03 4.471820196672e-01 2.661730981388e+02 2.847993280593e-02 9.984316368581e-01 -4.819916958005e-02 -2.498746687290e+01 -4.462914562633e-01 5.584670740664e-02 8.931433710991e-01 2.357544768912e+01
8.950246696384e-01 -2.742054619522e-03 4.460082083046e-01 2.667627858364e+02 2.783265316529e-02 9.983755602661e-01 -4.971502872484e-02 -2.506457026851e+01 -4.451473735252e-01 5.690976893113e-02 8.936470746575e-01 2.477182593231e+01
8.952448187227e-01 -1.006254427908e-03 4.455734529819e-01 2.673450960592e+02 2.657285650189e-02 9.983381400898e-01 -5.113551935261e-02 -2.514435597855e+01 -4.447815169805e-01 5.761896818026e-02 8.937837863031e-01 2.596367888698e+01
8.953079177439e-01 5.801097525899e-04 4.454474109228e-01 2.679374995052e+02 2.493907426105e-02 9.983653993453e-01 -5.142540194469e-02 -2.522623964170e+01 -4.447491146705e-01 5.715061559463e-02 8.938299794351e-01 2.716885023555e+01
8.954096789906e-01 1.838617519940e-03 4.452394033052e-01 2.685212195424e+02 2.324911644469e-02 9.984341900172e-01 -5.087874594804e-02 -2.530630361331e+01 -4.446357895565e-01 5.590874430998e-02 8.939648913437e-01 2.836633877135e+01
8.955634597960e-01 -1.051578755877e-04 4.449337910522e-01 2.691175153179e+02 2.470466440492e-02 9.984690573538e-01 -4.948960561207e-02 -2.538354512322e+01 -4.442474187150e-01 5.531302241624e-02 8.941950013930e-01 2.958006305401e+01
8.955917957815e-01 -3.323047001842e-03 4.448643531320e-01 2.697102416430e+02 2.748430802088e-02 9.984752588934e-01 -4.787243664460e-02 -2.546020368918e+01 -4.440269678089e-01 5.510095041196e-02 8.943175818031e-01 3.078022535277e+01
8.956891265949e-01 -5.148251558330e-03 4.446509687447e-01 2.703040628206e+02 2.904469894080e-02 9.984750727927e-01 -4.694608050888e-02 -2.554204592486e+01 -4.437312181525e-01 5.496384736898e-02 8.944727952930e-01 3.196790917746e+01
8.957049721504e-01 -5.602362931027e-03 4.446135584917e-01 2.709025561416e+02 3.021245864304e-02 9.983765635587e-01 -4.828503577220e-02 -2.563785191056e+01 -4.436212463440e-01 5.668201536968e-02 8.944201132163e-01 3.320780085239e+01
8.956181860250e-01 -6.273407943072e-03 4.447793938730e-01 2.715008152750e+02 3.197934620043e-02 9.982212837614e-01 -5.031490894607e-02 -2.570892851038e+01 -4.436726115931e-01 5.928670169977e-02 8.942257548985e-01 3.443377644901e+01
8.956927950272e-01 -6.512886115624e-03 4.446256844255e-01 2.721014964438e+02 3.217564495398e-02 9.982209890568e-01 -5.019546670930e-02 -2.579399337619e+01 -4.435077731091e-01 5.926583603404e-02 8.943089040544e-01 3.565713734314e+01
8.954982705861e-01 -6.665544857337e-03 4.450150760245e-01 2.726905242279e+02 3.165443069757e-02 9.983095375249e-01 -4.874489002927e-02 -2.586409989372e+01 -4.439378834866e-01 5.773766360451e-02 8.941954583909e-01 3.690657695343e+01
8.954788793430e-01 -7.372666182002e-03 4.450429422471e-01 2.732900473700e+02 3.145090132010e-02 9.984117029951e-01 -4.674304363760e-02 -2.593943852295e+01 -4.439914610178e-01 5.585440999350e-02 8.942884699176e-01 3.812079252249e+01
8.955509557652e-01 -7.652751843835e-03 4.448931568559e-01 2.739025445822e+02 3.131098231763e-02 9.984573779397e-01 -4.585288239686e-02 -2.601570949943e+01 -4.438559541274e-01 5.499363442264e-02 8.944090742824e-01 3.934951490964e+01
8.956742368633e-01 -7.717310338795e-03 4.446437951220e-01 2.745114696825e+02 3.139135383210e-02 9.984524919939e-01 -4.590429321702e-02 -2.608856598194e+01 -4.436014476125e-01 5.507326349782e-02 8.945304306304e-01 4.057810570693e+01
8.955838522163e-01 -7.141974291090e-03 4.448354255818e-01 2.751004237099e+02 3.106369963148e-02 9.984347021774e-01 -4.651012850137e-02 -2.616002470802e+01 -4.438069515167e-01 5.547195409605e-02 8.944038529066e-01 4.179783212637e+01
8.956344036200e-01 -6.491584286104e-03 4.447436052218e-01 2.757035627154e+02 3.040687335863e-02 9.984479081142e-01 -4.666044186370e-02 -2.623267037455e+01 -4.437504220897e-01 5.531395950228e-02 8.944416855108e-01 4.302581304827e+01
8.957394487959e-01 -5.518194389568e-03 4.445451488898e-01 2.763064349597e+02 2.985929619438e-02 9.984118780617e-01 -4.777179268208e-02 -2.630697644703e+01 -4.435755429479e-01 5.606488451751e-02 8.944816747270e-01 4.425963920871e+01
8.959179836531e-01 -4.255208384013e-03 4.441991217557e-01 2.769114059231e+02 2.838043713503e-02 9.984595612553e-01 -4.767656998814e-02 -2.638381042170e+01 -4.433119864779e-01 5.532086170169e-02 8.946586415531e-01 4.548081071631e+01
8.959839496441e-01 -5.818566923221e-03 4.440483152306e-01 2.775207396558e+02 2.787800724754e-02 9.986789250481e-01 -4.316504809100e-02 -2.645588804724e+01 -4.432105354029e-01 5.105437242541e-02 8.949624977418e-01 4.671651149949e+01
8.960124097932e-01 -7.693885312230e-03 4.439623470808e-01 2.781251161526e+02 2.727977439177e-02 9.989149655543e-01 -3.774527123735e-02 -2.652611969860e+01 -4.431902248536e-01 4.593142410648e-02 8.952500929203e-01 4.795854560174e+01
8.961485339100e-01 -8.564456424665e-03 4.436715623714e-01 2.787346973677e+02 2.705838097526e-02 9.990079349523e-01 -3.536933588957e-02 -2.659139804180e+01 -4.429284921857e-01 4.370121266535e-02 8.954912365968e-01 4.919743533012e+01
8.964179030680e-01 -7.477456653861e-03 4.431467372115e-01 2.793429049362e+02 2.638773668914e-02 9.989844020314e-01 -3.652193656520e-02 -2.665336013900e+01 -4.424235870878e-01 4.443255720795e-02 8.957048160239e-01 5.043732615927e+01
8.965849227242e-01 -6.918237094635e-03 4.428178116778e-01 2.799426856662e+02 2.574693442009e-02 9.990010879751e-01 -3.652289134833e-02 -2.671464466222e+01 -4.421228016192e-01 4.414707487453e-02 8.958674366604e-01 5.166694538412e+01
8.969606678130e-01 -7.712928132487e-03 4.420430647981e-01 2.805417578651e+02 2.539963728544e-02 9.990953947092e-01 -3.410646121492e-02 -2.677883838609e+01 -4.413801296187e-01 4.181988773849e-02 8.963451780243e-01 5.289178183318e+01
8.976673085110e-01 -9.379465296984e-03 4.405739766048e-01 2.811526878244e+02 2.622986982548e-02 9.991380943477e-01 -3.217238493121e-02 -2.683728302027e+01 -4.398924836361e-01 4.043629624442e-02 8.971396261377e-01 5.413029162446e+01
8.983212046921e-01 -1.023376678195e-02 4.392200851714e-01 2.817466487404e+02 2.684196994480e-02 9.991394998944e-01 -3.161911447458e-02 -2.689715702746e+01 -4.385185535983e-01 4.019365333143e-02 8.978228936611e-01 5.536965526965e+01
8.991467048278e-01 -1.005762821239e-02 4.375317672033e-01 2.823367023536e+02 2.722515417888e-02 9.990850474685e-01 -3.298270614866e-02 -2.695540338279e+01 -4.367997186094e-01 4.156816137014e-02 8.985978487527e-01 5.659964052576e+01
9.001786318372e-01 -9.562843762046e-03 4.354158733933e-01 2.829141221715e+02 2.622132275445e-02 9.991352871860e-01 -3.226639323933e-02 -2.702074843321e+01 -4.347308052309e-01 4.046269786915e-02 8.996509862521e-01 5.782248144161e+01
9.016137931356e-01 -1.018592306444e-02 4.324220334337e-01 2.834947576736e+02 2.635648507981e-02 9.991587555007e-01 -3.141841817346e-02 -2.706986854153e+01 -4.317382351864e-01 3.972440405607e-02 9.011237806209e-01 5.902924406932e+01
9.029537972219e-01 -1.076191884382e-02 4.296028644986e-01 2.840648121844e+02 2.554685055591e-02 9.992626278730e-01 -2.866284987660e-02 -2.712787659803e+01 -4.289776200565e-01 3.685622931302e-02 9.025629173922e-01 6.023518036206e+01
9.044120158795e-01 -1.219011546014e-02 4.264859981497e-01 2.846463576420e+02 2.569853880372e-02 9.993333090062e-01 -2.593304097360e-02 -2.718412892103e+01 -4.258855370121e-01 3.441422083751e-02 9.041223206890e-01 6.144797138801e+01
9.056364538190e-01 -1.425746390425e-02 4.238152170902e-01 2.851980968343e+02 2.672407968229e-02 9.993669075813e-01 -2.348632786581e-02 -2.723879202886e+01 -4.232120474176e-01 3.259614631371e-02 9.054441198473e-01 6.264798281103e+01
9.070338046676e-01 -1.514695526558e-02 4.207852741439e-01 2.857569791722e+02 2.762306760600e-02 9.993404829641e-01 -2.357043158627e-02 -2.728875231461e+01 -4.201507388144e-01 3.300255831464e-02 9.068540057906e-01 6.384975339438e+01
9.083934842036e-01 -1.582462756751e-02 4.178167768518e-01 2.863081702895e+02 2.854031817236e-02 9.992995944309e-01 -2.420270251192e-02 -2.733727418591e+01 -4.171411369010e-01 3.391020101105e-02 9.082088802541e-01 6.504889978420e+01
9.096095227521e-01 -1.430359301825e-02 4.152179227171e-01 2.868396862980e+02 2.733988444442e-02 9.993016970424e-01 -2.546858862798e-02 -2.740475057263e+01 -4.145636824872e-01 3.451848077340e-02 9.093653983124e-01 6.624772145283e+01
9.105937401399e-01 -1.401659002198e-02 4.130648564355e-01 2.873715196201e+02 2.674012233332e-02 9.993288137591e-01 -2.503772849846e-02 -2.746246432373e+01 -4.124366694119e-01 3.384460363070e-02 9.103573674824e-01 6.743475868309e+01
9.113202620335e-01 -1.351790592982e-02 4.114761794155e-01 2.878949387636e+02 2.559592307402e-02 9.993876663337e-01 -2.385667835215e-02 -2.751016199962e+01 -4.109017263643e-01 3.227318700224e-02 9.111082332366e-01 6.861484389293e+01
9.117114283007e-01 -1.180430201412e-02 4.106615759477e-01 2.884097763003e+02 2.479787475379e-02 9.993457350235e-01 -2.632807053572e-02 -2.756050106589e+01 -4.100821099653e-01 3.418713711907e-02 9.114076490473e-01 6.977831239337e+01
9.117987961508e-01 -1.095200088925e-02 4.104911801908e-01 2.889263296314e+02 2.607479537323e-02 9.991711083485e-01 -3.126021893596e-02 -2.760971975357e+01 -4.098085655329e-01 3.920650351920e-02 9.113285849229e-01 7.093910251832e+01
9.117443174868e-01 -6.283030945835e-03 4.107101448135e-01 2.894297520020e+02 2.290443550405e-02 9.991049729865e-01 -3.556177425148e-02 -2.766896665418e+01 -4.101191124111e-01 4.183032961628e-02 9.110721909703e-01 7.208246921600e+01
9.110508631976e-01 -3.373131609704e-03 4.122801797928e-01 2.899339112242e+02 2.031012164262e-02 9.991196758166e-01 -3.670657100566e-02 -2.772969525764e+01 -4.117934234852e-01 4.181501380216e-02 9.103173518038e-01 7.321849679820e+01
9.092885402164e-01 3.503712591706e-04 4.161661061057e-01 2.904382853885e+02 1.630196603016e-02 9.992021505761e-01 -3.645967892934e-02 -2.779095276388e+01 -4.158468426413e-01 3.993669395505e-02 9.085573531380e-01 7.435210463559e+01
9.064893705801e-01 6.135685476004e-03 4.221840527413e-01 2.909448654500e+02 1.064549395899e-02 9.992444335398e-01 -3.737961340268e-02 -2.785237854305e+01 -4.220944141820e-01 3.837858000896e-02 9.057391402125e-01 7.548575882913e+01
9.029843611984e-01 9.470119659733e-03 4.295690401608e-01 2.914618988049e+02 7.240573033923e-03 9.992797484784e-01 -3.724994473856e-02 -2.792556678279e+01 -4.296124038400e-01 3.674644356282e-02 9.022654162453e-01 7.662116826592e+01
8.989406564456e-01 1.071109037289e-02 4.379394578388e-01 2.920076608446e+02 6.433555870740e-03 9.992704285740e-01 -3.764598167632e-02 -2.797658219354e+01 -4.380231792359e-01 3.665901145066e-02 8.982159046307e-01 7.774642658170e+01
8.942127254380e-01 1.207647608832e-02 4.474793407410e-01 2.925415483984e+02 5.240611350416e-03 9.992850990537e-01 -3.744097757678e-02 -2.803523578573e+01 -4.476115924073e-01 3.582526391416e-02 8.935101637968e-01 7.884456551861e+01
8.887266911416e-01 1.191628430423e-02 4.582825227094e-01 2.930917917071e+02 5.337630721078e-03 9.993253917708e-01 -3.633553440269e-02 -2.809209541871e+01 -4.584063461066e-01 3.473850213271e-02 8.880635440771e-01 7.993243349928e+01
8.825610279938e-01 1.051805550650e-02 4.700802084484e-01 2.936576887106e+02 7.044258716881e-03 9.993418025224e-01 -3.558567338696e-02 -2.815036717415e+01 -4.701450949289e-01 3.471789509225e-02 8.819060366472e-01 8.100330041132e+01
8.756662007674e-01 1.165120389120e-02 4.827762983841e-01 2.942404636165e+02 5.720580490273e-03 9.993884958759e-01 -3.449506152604e-02 -2.820801513603e+01 -4.828829876817e-01 3.296792014545e-02 8.750640756247e-01 8.207997361790e+01
8.680622837012e-01 1.207946190532e-02 4.963083297866e-01 2.948440941741e+02 5.945610332189e-03 9.993793021433e-01 -3.472261748976e-02 -2.826034507804e+01 -4.964197028052e-01 3.309225056778e-02 8.674516595287e-01 8.314773304525e+01
8.593630597981e-01 1.480712269405e-02 5.111515240826e-01 2.954657085721e+02 3.517538706804e-03 9.993858698179e-01 -3.486416684585e-02 -2.830676995344e+01 -5.113538485001e-01 3.175897236896e-02 8.587832143785e-01 8.422681775578e+01
8.495513326293e-01 1.927625095813e-02 5.271536392521e-01 2.961030564219e+02 6.653737433325e-04 9.992921559723e-01 -3.761308668473e-02 -2.835838024199e+01 -5.275055359952e-01 3.230500210757e-02 8.489371568810e-01 8.527665429419e+01
8.384100694475e-01 2.183280874765e-02 5.446025008309e-01 2.967488140326e+02 -2.009780310547e-04 9.992097017450e-01 -3.974835275086e-02 -2.841488084586e+01 -5.450399206085e-01 3.321596605194e-02 8.377518633476e-01 8.629648636985e+01
8.261448151104e-01 2.475231549441e-02 5.629139075772e-01 2.974166233112e+02 -2.487162577601e-03 9.991851056216e-01 -4.028571367412e-02 -2.847710481817e+01 -5.634523568931e-01 3.188177506957e-02 8.255331573777e-01 8.730326848479e+01
8.127363754812e-01 2.586626522370e-02 5.820571452126e-01 2.981155604746e+02 -3.399895323758e-03 9.992075737409e-01 -3.965684418330e-02 -2.852983173049e+01 -5.826216822960e-01 3.025162643839e-02 8.121802844298e-01 8.830634344623e+01
7.983391890141e-01 2.796600783358e-02 6.015583443775e-01 2.988214343906e+02 -6.321570748175e-03 9.992552628321e-01 -3.806517365728e-02 -2.859597571537e+01 -6.021748724645e-01 2.658612623410e-02 7.979214252445e-01 8.926839813093e+01
7.828393447025e-01 3.049459993734e-02 6.214761779508e-01 2.995622599528e+02 -8.996512612153e-03 9.992486519235e-01 -3.769873194123e-02 -2.865461808012e+01 -6.221588407686e-01 2.392093233590e-02 7.825255049196e-01 9.023024925660e+01
7.663568927982e-01 3.333075614323e-02 6.415498215693e-01 3.003294350709e+02 -1.081171109563e-02 9.991808771235e-01 -3.899591893910e-02 -2.871323916624e+01 -6.423240768988e-01 2.294853994572e-02 7.660895148418e-01 9.115689642159e+01
7.483644444270e-01 3.652117964379e-02 6.622815577644e-01 3.011133054920e+02 -1.260765246899e-02 9.990858386427e-01 -4.084769421706e-02 -2.876933884660e+01 -6.631679315352e-01 2.221914627196e-02 7.481407649115e-01 9.207842765068e+01
7.292893005665e-01 3.938674599571e-02 6.830708603937e-01 3.019124798159e+02 -1.444402650687e-02 9.990055048402e-01 -4.218259590562e-02 -2.883200090980e+01 -6.840529849196e-01 2.089702225049e-02 7.291329290902e-01 9.294485768095e+01
7.084655390615e-01 4.221331619935e-02 7.044818066478e-01 3.027370810605e+02 -1.672676666010e-02 9.989334976803e-01 -4.303582797314e-02 -2.889541952619e+01 -7.055471601809e-01 1.870569826786e-02 7.084160512107e-01 9.378728310183e+01
6.857214384598e-01 4.373581084523e-02 7.265488887104e-01 3.035811424938e+02 -1.813735009288e-02 9.989098699638e-01 -4.301288435538e-02 -2.895842039481e+01 -7.276380593181e-01 1.631718537834e-02 6.857671646362e-01 9.459963619781e+01
6.609628146340e-01 4.470457618279e-02 7.490858819517e-01 3.044381781145e+02 -1.929656572662e-02 9.989063939262e-01 -4.258707227026e-02 -2.902370258394e+01 -7.501705140981e-01 1.369368619881e-02 6.611026264780e-01 9.538232349866e+01
6.350278865418e-01 4.478998890706e-02 7.711896266211e-01 3.053291723217e+02 -1.970175439629e-02 9.989319868596e-01 -4.179385723344e-02 -2.908952838019e+01 -7.722379323680e-01 1.134647621272e-02 6.352321097753e-01 9.613779691118e+01
6.085432783012e-01 4.588537876618e-02 7.921929123957e-01 3.062329970321e+02 -2.048620263789e-02 9.989024491783e-01 -4.212140224393e-02 -2.915168016796e+01 -7.932561969099e-01 9.403671676528e-03 6.088153882936e-01 9.683962090528e+01
5.814231412873e-01 4.794994497421e-02 8.121871296399e-01 3.071675696559e+02 -2.110980903875e-02 9.988148056153e-01 -4.385612894554e-02 -2.921377579282e+01 -8.133274289842e-01 8.353853045785e-03 5.817462560269e-01 9.750618702573e+01
5.530950737793e-01 5.057844601441e-02 8.315814212450e-01 3.081053206018e+02 -2.168164521183e-02 9.986912481562e-01 -4.632167005869e-02 -2.927925856591e+01 -8.328359656151e-01 7.590234178512e-03 5.534678335036e-01 9.814174117222e+01
5.238024435936e-01 5.156407103732e-02 8.502776879723e-01 3.090712333303e+02 -2.190310092217e-02 9.986514770187e-01 -4.706890288118e-02 -2.934124783854e+01 -8.515581332213e-01 6.031088334899e-03 5.242254970126e-01 9.875057133626e+01
4.941597424609e-01 5.089984235932e-02 8.678798044538e-01 3.100607579302e+02 -2.185595826072e-02 9.986964341437e-01 -4.612753534756e-02 -2.940287906335e+01 -8.690963502509e-01 3.826026206241e-03 4.946280375231e-01 9.933330873647e+01
4.639062507664e-01 5.029036518850e-02 8.844556911847e-01 3.110610920831e+02 -2.106081826810e-02 9.987312744849e-01 -4.574148335684e-02 -2.946814685556e+01 -8.856339155846e-01 2.592399470340e-03 4.643768373113e-01 9.986911251520e+01
4.332647031610e-01 5.243884266063e-02 8.997398872870e-01 3.120634507152e+02 -2.198267447727e-02 9.986237741025e-01 -4.761638184613e-02 -2.953299760315e+01 -9.009985899088e-01 8.518084897195e-04 4.338211790642e-01 1.003521398855e+02
4.013857052667e-01 5.504512944878e-02 9.142535476177e-01 3.130806675834e+02 -2.103003184022e-02 9.984831498553e-01 -5.088356528171e-02 -2.960006047700e+01 -9.156676544295e-01 1.197154520652e-03 4.019344641265e-01 1.008096774496e+02
3.690205474257e-01 5.773645291188e-02 9.276261841835e-01 3.141198839111e+02 -2.038822205867e-02 9.983313342293e-01 -5.402654437592e-02 -2.967010756629e+01 -9.291975871573e-01 1.024256350553e-03 3.695819190924e-01 1.012330466828e+02
3.363335465575e-01 5.825728182078e-02 9.399392717484e-01 3.151734737487e+02 -2.010968510125e-02 9.983014712096e-01 -5.467881807353e-02 -2.974453928595e+01 -9.415281971482e-01 -5.115619649126e-04 3.369338099378e-01 1.016198151077e+02
3.033490889874e-01 5.718244914923e-02 9.511621826586e-01 3.162190956091e+02 -2.128985907933e-02 9.983553143359e-01 -5.322976834189e-02 -2.980600207214e+01 -9.526416283739e-01 -4.102907096865e-03 3.040675813737e-01 1.019443683962e+02
2.695681039860e-01 5.524474461429e-02 9.613953689851e-01 3.172761700878e+02 -2.054939283554e-02 9.984557462927e-01 -5.161245149356e-02 -2.987521045329e+01 -9.627620473240e-01 -5.843020416357e-03 2.702870684012e-01 1.022444145410e+02
2.352608810950e-01 5.506485695081e-02 9.703711554634e-01 3.183394878663e+02 -2.186960494138e-02 9.984409485538e-01 -5.135555111841e-02 -2.994397960980e+01 -9.716861829861e-01 -9.139681611259e-03 2.360983439458e-01 1.025123592207e+02
2.008886332888e-01 5.690841676477e-02 9.779597073074e-01 3.194196762626e+02 -2.070258498857e-02 9.983348657180e-01 -5.384142333446e-02 -3.001236729852e+01 -9.793953032306e-01 -9.430164007949e-03 2.017322780733e-01 1.027317322316e+02
1.657753843107e-01 6.216052161043e-02 9.842025154966e-01 3.205194512165e+02 -2.328475753882e-02 9.979799515192e-01 -5.910868322080e-02 -3.008705099901e+01 -9.858886052810e-01 -1.311815226541e-02 1.668879026717e-01 1.029379239291e+02
1.312455539697e-01 6.645958545488e-02 9.891196732774e-01 3.215880533873e+02 -2.347222364653e-02 9.976789392392e-01 -6.392017612391e-02 -3.016077531966e+01 -9.910719748234e-01 -1.482759925913e-02 1.325008793176e-01 1.030826848519e+02
9.572701975509e-02 6.785841100304e-02 9.930919261302e-01 3.226821643368e+02 -2.440576290130e-02 9.975337010052e-01 -6.580937696218e-02 -3.023783545120e+01 -9.951083842607e-01 -1.793743055980e-02 9.714706459228e-02 1.032076110301e+02
5.989783686967e-02 6.529254094497e-02 9.960668317112e-01 3.237789110637e+02 -2.519840018099e-02 9.976393856003e-01 -6.388033286871e-02 -3.031797555797e+01 -9.978864112546e-01 -2.127299687512e-02 6.140170874901e-02 1.032943438119e+02
2.438797127995e-02 6.054430361455e-02 9.978675333714e-01 3.248711492602e+02 -2.545776152523e-02 9.978783313391e-01 -5.992276881083e-02 -3.039638468633e+01 -9.993783714064e-01 -2.394207893357e-02 2.587755052871e-02 1.033367814550e+02
-1.007832466895e-02 5.840983317180e-02 9.982418137709e-01 3.259726955522e+02 -2.671241650696e-02 9.979205210136e-01 -5.866072403455e-02 -3.047195899829e+01 -9.995923540005e-01 -2.725665292624e-02 -8.497099212792e-03 1.033067850314e+02
-4.691347660119e-02 6.098122970199e-02 9.970358144707e-01 3.270860623536e+02 -2.487752352802e-02 9.977538787594e-01 -6.219570920582e-02 -3.054726713604e+01 -9.985891219798e-01 -2.772159888130e-02 -4.529104126825e-02 1.032837892241e+02
-8.391509744746e-02 6.398201689104e-02 9.944166923051e-01 3.281704693416e+02 -2.377193764583e-02 9.975239586108e-01 -6.618796701868e-02 -3.062247656433e+01 -9.961893150405e-01 -2.919338130567e-02 -8.218634367701e-02 1.032141281543e+02
-1.202823308740e-01 6.368445671287e-02 9.906949332931e-01 3.292487057416e+02 -2.483935252758e-02 9.974347591227e-01 -6.713350772835e-02 -3.070022245211e+01 -9.924289231202e-01 -3.268319548467e-02 -1.183918970512e-01 1.030900168087e+02
-1.573982976934e-01 6.084078451376e-02 9.856592589851e-01 3.303161861412e+02 -2.624149329763e-02 9.974902535198e-01 -6.576152494088e-02 -3.078175804635e+01 -9.871864868974e-01 -3.621592291782e-02 -1.554067148307e-01 1.029406113695e+02
-1.936826794423e-01 5.845458463625e-02 9.793212349475e-01 3.313841915875e+02 -2.647211284006e-02 9.975485139001e-01 -6.477800288207e-02 -3.086251761421e+01 -9.807070138048e-01 -3.847107940531e-02 -1.916604526853e-01 1.027397754533e+02
-2.299039779054e-01 5.579707942408e-02 9.716124983094e-01 3.324390147898e+02 -2.760597484889e-02 9.975795008014e-01 -6.382044917873e-02 -3.094199271881e+01 -9.728217057076e-01 -4.149488532909e-02 -2.278071627399e-01 1.025097019400e+02
-2.652448164303e-01 5.294565421776e-02 9.627263084887e-01 3.334785190236e+02 -2.666250054526e-02 9.977065531510e-01 -6.221531052854e-02 -3.102109348464e+01 -9.638123771884e-01 -4.217097934531e-02 -2.632248280074e-01 1.022327008913e+02
-3.002683150773e-01 5.011486752084e-02 9.525373688281e-01 3.345106895807e+02 -2.589989615938e-02 9.978222982906e-01 -6.066182006036e-02 -3.109375853375e+01 -9.535030856476e-01 -4.288544143962e-02 -2.983164503895e-01 1.019254757413e+02
-3.356274282600e-01 4.749527604412e-02 9.407966986300e-01 3.355297835076e+02 -2.472140976787e-02 9.979400184643e-01 -5.919942099807e-02 -3.117091530618e+01 -9.416703676439e-01 -4.312677011915e-02 -3.337618917738e-01 1.015837121187e+02
-3.702005614392e-01 4.580586811545e-02 9.278218399867e-01 3.365390781818e+02 -2.525056561202e-02 9.979183342235e-01 -5.934144552412e-02 -3.124986934889e+01 -9.286086114431e-01 -4.539626269650e-02 -3.682733035218e-01 1.012004332126e+02
-4.027927142299e-01 4.556098353377e-02 9.141565654431e-01 3.374965809829e+02 -2.520647322026e-02 9.978293556068e-01 -6.083757718012e-02 -3.131712555891e+01 -9.149440764719e-01 -4.754759582552e-02 -4.007699627718e-01 1.007540003909e+02
-4.353405758709e-01 4.598546734539e-02 8.990906071100e-01 3.384652522032e+02 -2.280822088921e-02 9.978106302036e-01 -6.207842872257e-02 -3.138860146840e+01 -8.999768708474e-01 -4.753191607562e-02 -4.333386076660e-01 1.002807807628e+02
-4.672234082228e-01 4.401663316516e-02 8.830429337317e-01 3.394199850280e+02 -2.305530335026e-02 9.978137862915e-01 -6.193626461187e-02 -3.145841659637e+01 -8.838386390038e-01 -4.929689535303e-02 -4.651871411727e-01 9.976969182622e+01
-5.000536256741e-01 4.296704602573e-02 8.649278608104e-01 3.403830162850e+02 -2.279128906792e-02 9.977694558404e-01 -6.274288911623e-02 -3.152908045032e+01 -8.656944776264e-01 -5.108763008646e-02 -4.979589596134e-01 9.922989810023e+01
-5.329310107903e-01 4.353738682859e-02 8.450378889057e-01 3.413143408957e+02 -2.272342660897e-02 9.975788579331e-01 -6.572722486222e-02 -3.160215007678e+01 -8.458535237387e-01 -5.423023283262e-02 -5.306513904870e-01 9.866163586729e+01
-5.651996410151e-01 4.236618182629e-02 8.238655669670e-01 3.422169162545e+02 -2.470197195465e-02 9.973634594150e-01 -6.823446640277e-02 -3.167958023382e+01 -8.245842457736e-01 -5.891720004532e-02 -5.626629409876e-01 9.805636220269e+01
-5.961748350500e-01 4.137875824341e-02 8.017876055536e-01 3.431058070534e+02 -2.459610895476e-02 9.972608579135e-01 -6.975537755486e-02 -3.175854000830e+01 -8.024777862828e-01 -6.130725601239e-02 -5.935240710223e-01 9.740044279558e+01
-6.260994021160e-01 3.995630384871e-02 7.787188404377e-01 3.439758251541e+02 -2.428249371517e-02 9.972027157588e-01 -7.069019862885e-02 -3.183805404327e+01 -7.793650615526e-01 -6.316832644581e-02 -6.233777854280e-01 9.669392651327e+01
-6.556103927794e-01 3.799939202523e-02 7.541425986412e-01 3.448159109655e+02 -2.512975443324e-02 9.970817265489e-01 -7.208693379833e-02 -3.192562844021e+01 -7.546810639745e-01 -6.621236129329e-02 -6.527422269857e-01 9.597424258180e+01
-6.842491224678e-01 3.735511182545e-02 7.282909679672e-01 3.456358565848e+02 -2.399220532387e-02 9.969934005392e-01 -7.367858145361e-02 -3.201268015353e+01 -7.288535603849e-01 -6.788781114329e-02 -6.812956279123e-01 9.521911836141e+01
-7.113823534103e-01 3.595535826239e-02 7.018848619742e-01 3.464244006812e+02 -2.415841520497e-02 9.968492623981e-01 -7.555077121501e-02 -3.209791222938e+01 -7.023898619934e-01 -7.070191135056e-02 -7.082723498064e-01 9.441125075555e+01
-7.380325285603e-01 3.480026899988e-02 6.738671442239e-01 3.471973778797e+02 -2.387786130816e-02 9.966967611338e-01 -7.762354078991e-02 -3.219200545478e+01 -6.743425201826e-01 -7.337920429489e-02 -7.347636748308e-01 9.358479215056e+01
-7.629517721612e-01 3.353129452439e-02 6.455851962705e-01 3.479310725091e+02 -2.181155001419e-02 9.967500442196e-01 -7.754744118366e-02 -3.228636502795e+01 -6.460873390201e-01 -7.324617147452e-02 -7.597408431315e-01 9.272863530488e+01
-7.865175563644e-01 3.161048161500e-02 6.167583894709e-01 3.486300331844e+02 -1.979454710739e-02 9.968856550821e-01 -7.633588013753e-02 -3.238317291216e+01 -6.172506050507e-01 -7.224796290295e-02 -7.834423542424e-01 9.182681395635e+01
-8.092413117595e-01 3.156481011926e-02 5.866277883836e-01 3.492905296004e+02 -1.613389806736e-02 9.969847939837e-01 -7.590136954200e-02 -3.248044336438e+01 -5.872547970642e-01 -7.088711679378e-02 -8.062920190587e-01 9.089910478580e+01
-8.310467699168e-01 3.073585622943e-02 5.553526567441e-01 3.499192050252e+02 -1.397197749685e-02 9.970032861502e-01 -7.608699790728e-02 -3.257673819609e+01 -5.560270227747e-01 -7.099122866635e-02 -8.281269198600e-01 8.997043380839e+01
-8.514137352315e-01 2.750464561858e-02 5.237729908353e-01 3.505165544667e+02 -1.337844022751e-02 9.971602865259e-01 -7.411059514463e-02 -3.267585646726e+01 -5.243240112719e-01 -7.010604428299e-02 -8.486279949181e-01 8.901633534753e+01
-8.701877881425e-01 2.790791670061e-02 4.919292241300e-01 3.510687104224e+02 -7.728587252398e-03 9.974987030594e-01 -7.026098728269e-02 -3.277086779090e+01 -4.926596008471e-01 -6.494217104693e-02 -8.677955013210e-01 8.804076343651e+01
-8.871345819295e-01 2.264498759469e-02 4.609549197933e-01 3.515886787620e+02 -8.978905111017e-03 9.977595593754e-01 -6.629661332195e-02 -3.286484717764e+01 -4.614234636512e-01 -6.295288882799e-02 -8.849436823778e-01 8.706219371945e+01
-9.027530704553e-01 1.941094191296e-02 4.297209665789e-01 3.520763209989e+02 -9.944239850020e-03 9.977726371886e-01 -6.596117472791e-02 -3.295759239510e+01 -4.300441906098e-01 -6.381990137670e-02 -9.005492847763e-01 8.606960625134e+01
-9.168982227082e-01 2.547074430526e-02 3.983075324157e-01 3.525026612559e+02 -2.425859705904e-03 9.975875318841e-01 -6.937745623847e-02 -3.304528240269e+01 -3.991137236418e-01 -6.457830451452e-02 -9.146244465281e-01 8.506159174087e+01
-9.291851538652e-01 2.250575689957e-02 3.689287746203e-01 3.529147124692e+02 -5.509798788301e-03 9.971901879153e-01 -7.470857542923e-02 -3.313358587584e+01 -3.695735271279e-01 -7.145082247063e-02 -9.264503159989e-01 8.405445547506e+01
-9.390475878901e-01 2.307563227359e-02 3.430118698718e-01 3.533006175489e+02 -3.685421272734e-03 9.970117612403e-01 -7.716194410775e-02 -3.322500650761e+01 -3.437674291550e-01 -7.372288073332e-02 -9.361564460647e-01 8.302068680175e+01
-9.474630816365e-01 2.648444610303e-02 3.187668161062e-01 3.536502492337e+02 2.055920046310e-03 9.970499261485e-01 -7.672820837251e-02 -3.331976191694e+01 -3.198585345565e-01 -7.204178566574e-02 -9.447224454778e-01 8.197270208334e+01
-9.544881123914e-01 2.874363772111e-02 2.968606518116e-01 3.539735493250e+02 6.927279598411e-03 9.972131840549e-01 -7.428242284967e-02 -3.341518530402e+01 -2.981685028651e-01 -6.884525283278e-02 -9.520272449156e-01 8.092615277330e+01
-9.599948137838e-01 3.031448540676e-02 2.783720343044e-01 3.542781334066e+02 1.046739862234e-02 9.973128549779e-01 -7.250863991201e-02 -3.350670582702e+01 -2.798220703846e-01 -6.669408722167e-02 -9.577324823015e-01 7.986950227285e+01
-9.640170946402e-01 3.197350194450e-02 2.639104704534e-01 3.545595919873e+02 1.343991879597e-02 9.973330907654e-01 -7.173614602894e-02 -3.359676735079e+01 -2.655003009872e-01 -6.560793578320e-02 -9.618758698179e-01 7.880201769342e+01
-9.671812812937e-01 3.320166668784e-02 2.519087502337e-01 3.548409394493e+02 1.548954988615e-02 9.972863733644e-01 -7.197196222203e-02 -3.368675395303e+01 -2.536147530398e-01 -6.570798148562e-02 -9.650709912797e-01 7.774673241940e+01
-9.695515263662e-01 3.352335927462e-02 2.425819904774e-01 3.551064636839e+02 1.622631134239e-02 9.972032897271e-01 -7.295413475344e-02 -3.377359048109e+01 -2.443492266025e-01 -6.679658180138e-02 -9.673839321171e-01 7.668480578289e+01
-9.716496950652e-01 3.386285365258e-02 2.339875578361e-01 3.553690047405e+02 1.711719584752e-02 9.971681334378e-01 -7.323056235328e-02 -3.386414616711e+01 -2.358047321110e-01 -6.714924272666e-02 -9.694777498815e-01 7.562554443631e+01
-9.734532913454e-01 3.345034615036e-02 2.264282754234e-01 3.556091996818e+02 1.740801605332e-02 9.972179756165e-01 -7.247944594442e-02 -3.395073852926e+01 -2.282228089957e-01 -6.661368815599e-02 -9.713274247155e-01 7.454825387097e+01
-9.753455911145e-01 3.347351256005e-02 2.181295529046e-01 3.558512454966e+02 1.809856289764e-02 9.972327283196e-01 -7.210636302849e-02 -3.404025533724e+01 -2.199395824187e-01 -6.638079183806e-02 -9.732523673541e-01 7.348530965074e+01
-9.771714304244e-01 3.311271773723e-02 2.098560065532e-01 3.560863197668e+02 1.825416042467e-02 9.972122862843e-01 -7.234944167590e-02 -3.413089830672e+01 -2.116666747260e-01 -6.686706220314e-02 -9.750518010869e-01 7.241944700133e+01
-9.788883466466e-01 3.348647983495e-02 2.016339764715e-01 3.563080090079e+02 1.916533414867e-02 9.971796204136e-01 -7.256372784545e-02 -3.421828073337e+01 -2.034951959296e-01 -6.716740504235e-02 -9.767692895118e-01 7.135856175390e+01
-9.805018512107e-01 3.372520840227e-02 1.935942408507e-01 3.565197378533e+02 2.006175558633e-02 9.971949259920e-01 -7.210967714992e-02 -3.430668059192e+01 -1.954831085673e-01 -6.681983159283e-02 -9.784280578411e-01 7.029087116553e+01
-9.820699821833e-01 3.286428371998e-02 1.856299785865e-01 3.567243644546e+02 1.985218529491e-02 9.972411511612e-01 -7.152605937484e-02 -3.439643428055e+01 -1.874685062443e-01 -6.655843512470e-02 -9.800130274034e-01 6.921989799333e+01
-9.834629721304e-01 3.281544604885e-02 1.781115632099e-01 3.569171150011e+02 2.053030491849e-02 9.973086270440e-01 -7.038472137916e-02 -3.448257117496e+01 -1.799419045926e-01 -6.556408257791e-02 -9.814898175974e-01 6.811970726152e+01
-9.847401011234e-01 3.241424024933e-02 1.709861113324e-01 3.571064489895e+02 2.074246967622e-02 9.973584748055e-01 -6.961194355372e-02 -3.457301150280e+01 -1.727908654740e-01 -6.500299810512e-02 -9.828112367317e-01 6.706347015612e+01
-9.856316164682e-01 3.421905873646e-02 1.654066886115e-01 3.572828658533e+02 2.295195199146e-02 9.973139994652e-01 -6.955569258134e-02 -3.466172312984e+01 -1.673425364873e-01 -6.475988333744e-02 -9.837696036126e-01 6.600916179190e+01
-9.861505906878e-01 3.587797690049e-02 1.619252397237e-01 3.574546859852e+02 2.490381306560e-02 9.972848687573e-01 -6.930144762246e-02 -3.474756494531e+01 -1.639719871833e-01 -6.430910760772e-02 -9.843665608389e-01 6.496295128432e+01
-9.863295818233e-01 3.861229088251e-02 1.601969007598e-01 3.576167531435e+02 2.803021493107e-02 9.973051629700e-01 -6.779910740053e-02 -3.483078501425e+01 -1.623830750761e-01 -6.238191169077e-02 -9.847538951548e-01 6.392878161636e+01
-9.863247205811e-01 4.064067540825e-02 1.597243909772e-01 3.577841704676e+02 3.045670393966e-02 9.973745512656e-01 -6.569926691298e-02 -3.491798101882e+01 -1.619751053582e-01 -5.993613259239e-02 -9.849729566105e-01 6.289914094009e+01
-9.860214752852e-01 4.283397499748e-02 1.610183246164e-01 3.579430275010e+02 3.261659019048e-02 9.973146306430e-01 -6.557198753836e-02 -3.499805582870e+01 -1.633946398163e-01 -5.940351918279e-02 -9.847707416389e-01 6.186484462855e+01
-9.853441593722e-01 4.734193291727e-02 1.638768713969e-01 3.581045630352e+02 3.694343861094e-02 9.971400650069e-01 -6.593082057383e-02 -3.507999753468e+01 -1.665294866826e-01 -5.891037383683e-02 -9.842751129230e-01 6.086909106633e+01
-9.844144313715e-01 4.990892112684e-02 1.686337062969e-01 3.582750233388e+02 3.895214308008e-02 9.969470674042e-01 -6.767034316222e-02 -3.516359772428e+01 -1.714962327777e-01 -6.004701812895e-02 -9.833531399029e-01 5.987721340327e+01
-9.830879566998e-01 5.067442787299e-02 1.759834416970e-01 3.584578651404e+02 3.888464913252e-02 9.968021823959e-01 -6.980969297057e-02 -3.524613339835e+01 -1.789582450004e-01 -6.178601403676e-02 -9.819146780733e-01 5.890412174134e+01
-9.810641440211e-01 5.185869970082e-02 1.866114160001e-01 3.586371724493e+02 3.921281244112e-02 9.967171605944e-01 -7.083259925376e-02 -3.532507654246e+01 -1.896720871839e-01 -6.217376490069e-02 -9.798769934545e-01 5.793420270738e+01
-9.787266258074e-01 5.116554744850e-02 1.986863827494e-01 3.588351570229e+02 3.820911063963e-02 9.969186094259e-01 -6.850802905109e-02 -3.540768281136e+01 -2.015794032134e-01 -5.945900213283e-02 -9.776657768714e-01 5.700025056964e+01
-9.759161024866e-01 4.958239045801e-02 2.124366904841e-01 3.590454822860e+02 3.649442329712e-02 9.972114903622e-01 -6.509531901585e-02 -3.548737469646e+01 -2.150718902497e-01 -5.577481551770e-02 -9.750042317746e-01 5.608507587626e+01
-9.722346672391e-01 4.804051149301e-02 2.290237129076e-01 3.592639723456e+02 3.384394354076e-02 9.972772037677e-01 -6.551920581673e-02 -3.556643438806e+01 -2.315477041651e-01 -5.594897765586e-02 -9.712133507089e-01 5.519337652017e+01
-9.673130073682e-01 4.971906410697e-02 2.486635486769e-01 3.594918394877e+02 3.407208788822e-02 9.971818091515e-01 -6.683960146742e-02 -3.564407566969e+01 -2.512859697699e-01 -5.618232962163e-02 -9.662809670252e-01 5.434122609505e+01
-9.608631983599e-01 5.327701817787e-02 2.718519328085e-01 3.597336477559e+02 3.635149078138e-02 9.970956426747e-01 -6.692419948814e-02 -3.571551111504e+01 -2.746278994487e-01 -5.442277733846e-02 -9.600092073263e-01 5.350331384871e+01
-9.530107839956e-01 5.371373494129e-02 2.981363450952e-01 3.599919716877e+02 3.534528326319e-02 9.971489788656e-01 -6.666802005713e-02 -3.579125198934e+01 -3.008673404328e-01 -5.299762849364e-02 -9.521922572858e-01 5.270112226739e+01
-9.434510038671e-01 5.471956175658e-02 3.269647884151e-01 3.602733268560e+02 3.452529668495e-02 9.971382841165e-01 -6.725508336212e-02 -3.586204581239e+01 -3.297092767742e-01 -5.216331958759e-02 -9.426403242481e-01 5.193663278763e+01
-9.310529990985e-01 5.796012415918e-02 3.602512135679e-01 3.605669384434e+02 3.540938037083e-02 9.969956063991e-01 -6.889075847038e-02 -3.593176206649e+01 -3.631617940415e-01 -5.138467503374e-02 -9.303080815086e-01 5.119708208530e+01
-9.155720645079e-01 5.926860970252e-02 3.977625253799e-01 3.609009277646e+02 3.390892215557e-02 9.969355091458e-01 -7.049663539858e-02 -3.600169951992e+01 -4.007218233275e-01 -5.105705150323e-02 -9.147760369625e-01 5.046871558296e+01
-8.962863651232e-01 6.010492788884e-02 4.393838291719e-01 3.612574920532e+02 3.272258131871e-02 9.970354758791e-01 -6.963829772799e-02 -3.606798803164e+01 -4.422668700752e-01 -4.803808366378e-02 -8.955960909650e-01 4.977342902125e+01
-8.732419454335e-01 5.746770496214e-02 4.838863168368e-01 3.616569362567e+02 2.793310081877e-02 9.972920313934e-01 -6.803194836224e-02 -3.613372015947e+01 -4.864856078181e-01 -4.589190566645e-02 -8.724824848558e-01 4.911876221260e+01
-8.462854825807e-01 5.231590440394e-02 5.301546266134e-01 3.620745201306e+02 2.063132549509e-02 9.976383666872e-01 -6.551364531192e-02 -3.619234579157e+01 -5.323300013915e-01 -4.450545427403e-02 -8.453662130452e-01 4.847478445927e+01
-8.151630175725e-01 4.590014787058e-02 5.774101066032e-01 3.625289714731e+02 1.209176286029e-02 9.979865607962e-01 -6.226245852176e-02 -3.625808325336e+01 -5.791053825108e-01 -4.377214748790e-02 -8.140767500987e-01 4.786946614972e+01
-7.794908907262e-01 3.885310968136e-02 6.252074752776e-01 3.629861351498e+02 3.736876688678e-03 9.983452741604e-01 -5.738248264275e-02 -3.631388682752e+01 -6.264024162050e-01 -4.239279926732e-02 -7.783462362874e-01 4.731456944306e+01
-7.396712668181e-01 3.149598491219e-02 6.722309275673e-01 3.634883134409e+02 -4.713395276695e-03 9.986372457543e-01 -5.197533354616e-02 -3.636500909564e+01 -6.729518563379e-01 -4.161315088623e-02 -7.385148236323e-01 4.679334028135e+01
-6.956956021652e-01 2.428393180402e-02 7.179261241828e-01 3.640205082764e+02 -1.207507707755e-02 9.988918666806e-01 -4.548880294041e-02 -3.641220023086e+01 -7.182352133122e-01 -4.031537343890e-02 -6.946314483400e-01 4.630563494934e+01
-6.484860001333e-01 1.840523055092e-02 7.610040440888e-01 3.645776328558e+02 -1.750524727652e-02 9.990827280857e-01 -3.908028606230e-02 -3.644982516450e+01 -7.610252781274e-01 -3.866458236281e-02 -6.475689740266e-01 4.585736695514e+01
-5.979067783643e-01 1.247492403078e-02 8.014685649833e-01 3.651580359088e+02 -2.472627471778e-02 9.991160009601e-01 -3.399746996682e-02 -3.648003268690e+01 -8.011841833964e-01 -4.014464965584e-02 -5.970697709476e-01 4.545082093670e+01
-5.443229383266e-01 1.231419487847e-02 8.387853714843e-01 3.657613459364e+02 -2.709969239077e-02 9.991122465745e-01 -3.225407597632e-02 -3.650919260267e+01 -8.384379198747e-01 -4.028745895754e-02 -5.435060028803e-01 4.507884407795e+01
-4.875516367512e-01 1.389334567474e-02 8.729836060587e-01 3.664008025188e+02 -2.969310534105e-02 9.990311296381e-01 -3.248263396511e-02 -3.652825974102e+01 -8.725890905784e-01 -4.175855553139e-02 -4.866667258438e-01 4.473464559524e+01
-4.283574326716e-01 1.574198081603e-02 9.034722463446e-01 3.670665804009e+02 -3.262278023527e-02 9.989270041384e-01 -3.287239895206e-02 -3.655237059396e+01 -9.030203010369e-01 -4.355491296203e-02 -4.273842597384e-01 4.444334297827e+01
-3.671201596299e-01 1.448340873117e-02 9.300607610607e-01 3.677718621116e+02 -3.470700437393e-02 9.989692156302e-01 -2.925628258398e-02 -3.656846220365e+01 -9.295257996638e-01 -4.302019403456e-02 -3.662390621774e-01 4.418147213107e+01
-3.051661010737e-01 9.614066767393e-03 9.522506080206e-01 3.685047561358e+02 -3.605821317993e-02 9.991153073460e-01 -2.164273293959e-02 -3.658521542150e+01 -9.516162335825e-01 -4.094108385248e-02 -3.045494567969e-01 4.396372261454e+01
-2.438191003783e-01 3.766978286201e-04 9.698206557861e-01 3.692806919426e+02 -3.898391236573e-02 9.991878905948e-01 -1.018890894111e-02 -3.659183924537e+01 -9.690368934501e-01 -4.029165406750e-02 -2.436064074386e-01 4.377585583864e+01
-1.850021000768e-01 -7.025448876393e-03 9.827130130589e-01 3.700820713522e+02 -3.695969370858e-02 9.993167397542e-01 1.862473680025e-04 -3.659823765779e+01 -9.820428727954e-01 -3.628631581188e-02 -1.851353539350e-01 4.363123013629e+01
-1.294934916494e-01 -1.147646131249e-02 9.915138559073e-01 3.709029436361e+02 -3.331404912518e-02 9.994188750563e-01 7.217084733329e-03 -3.660305704077e+01 -9.910204890674e-01 -3.209677580235e-02 -1.298005671473e-01 4.353679544122e+01
-7.644205086944e-02 -8.859185307245e-03 9.970346672481e-01 3.717291204333e+02 -3.124446430708e-02 9.994907310993e-01 6.485514377929e-03 -3.660024492085e+01 -9.965843648729e-01 -3.065604805376e-02 -7.667992180935e-02 4.348403682858e+01
-2.657405411521e-02 -1.051112035647e-04 9.996468419395e-01 3.725614147055e+02 -2.984505787792e-02 9.995543000692e-01 -6.882829002650e-04 -3.659745687700e+01 -9.992012270650e-01 -2.985280832220e-02 -2.656534711109e-02 4.346755378166e+01
1.895872448786e-02 1.035748110151e-02 9.997666174418e-01 3.734206127712e+02 -2.807170966912e-02 9.995576461717e-01 -9.822988134671e-03 -3.660117717573e+01 -9.994261082652e-01 -2.787892689601e-02 1.924109022589e-02 4.349561900281e+01
5.952577323556e-02 1.883807192901e-02 9.980490014858e-01 3.743003063085e+02 -2.595974562630e-02 9.995129808697e-01 -1.731740973687e-02 -3.660425342389e+01 -9.978891591393e-01 -2.487826599613e-02 5.998581460062e-02 4.355340795419e+01
9.682551877269e-02 2.187221720517e-02 9.950610157317e-01 3.751806373191e+02 -2.452035604812e-02 9.995074887743e-01 -1.958397363551e-02 -3.661798049244e+01 -9.949992819363e-01 -2.250302198845e-02 9.731414567119e-02 4.363526904137e+01
1.329044681087e-01 2.242762616026e-02 9.908750697952e-01 3.760803255614e+02 -2.372147248805e-02 9.995295436031e-01 -1.944179023524e-02 -3.663674481044e+01 -9.908449394833e-01 -2.092111491694e-02 1.333739586685e-01 4.375922654850e+01
1.678416766013e-01 2.361561586033e-02 9.855310620590e-01 3.769833193995e+02 -2.201241296732e-02 9.995535509136e-01 -2.020278523757e-02 -3.666090238329e+01 -9.855681738322e-01 -1.830304738388e-02 1.682865805269e-01 4.391498509156e+01
2.010640938998e-01 2.658964324450e-02 9.792171470192e-01 3.779082987580e+02 -2.236467954091e-02 9.994955746817e-01 -2.254811079974e-02 -3.668337261822e+01 -9.793227513202e-01 -1.736626222695e-02 2.015573409305e-01 4.411305998066e+01
2.322416506387e-01 2.942258171298e-02 9.722130051557e-01 3.788252847244e+02 -2.439711705270e-02 9.994041053610e-01 -2.441751148486e-02 -3.670705384370e+01 -9.723520948649e-01 -1.804843131521e-02 2.328210852542e-01 4.433865223497e+01
2.621750701347e-01 3.130092461487e-02 9.645125632765e-01 3.797471084065e+02 -2.538553822504e-02 9.993516556339e-01 -2.553121287351e-02 -3.673471654396e+01 -9.646863775595e-01 -1.779102301786e-02 2.627996812233e-01 4.459982172300e+01
2.923292494028e-01 3.244210047976e-02 9.557672938849e-01 3.806573521288e+02 -2.738046261466e-02 9.992986313589e-01 -2.554516845219e-02 -3.676325530644e+01 -9.559256875985e-01 -1.870175073903e-02 2.930124985538e-01 4.488325322103e+01
3.224512995238e-01 3.404396354312e-02 9.459736613573e-01 3.815693311343e+02 -2.931419028190e-02 9.992328652616e-01 -2.596842754578e-02 -3.679429857436e+01 -9.461320403007e-01 -1.935689870196e-02 3.232019071557e-01 4.520167435311e+01
3.520712859282e-01 3.507082495323e-02 9.353159075211e-01 3.824708140269e+02 -2.975679694788e-02 9.992120139953e-01 -2.626564529686e-02 -3.682625636275e+01 -9.355000495245e-01 -1.858462602683e-02 3.528374540991e-01 4.554241611458e+01
3.803416251892e-01 3.565553186700e-02 9.241584989577e-01 3.833637363086e+02 -3.009813636773e-02 9.992044597688e-01 -2.616390195289e-02 -3.685757124485e+01 -9.243561815316e-01 -1.786422753697e-02 3.811122131852e-01 4.592174901615e+01
4.078819058104e-01 3.670615567572e-02 9.122965576215e-01 3.842455888877e+02 -3.169869911463e-02 9.991584941894e-01 -2.602875263254e-02 -3.689150987754e+01 -9.124842702134e-01 -1.830195685373e-02 4.087022082011e-01 4.632270141561e+01
4.351490712799e-01 3.838837477316e-02 8.995396703017e-01 3.851086344931e+02 -3.414713787224e-02 9.990754954336e-01 -2.611756878441e-02 -3.692178616224e+01 -8.997106527875e-01 -1.935166934271e-02 4.360576271025e-01 4.675104035247e+01
4.640613573844e-01 3.654532397042e-02 8.850488663788e-01 3.859720756771e+02 -3.155944679007e-02 9.991963611910e-01 -2.471099149991e-02 -3.695265433035e+01 -8.852406779520e-01 -1.646423634734e-02 4.648417698751e-01 4.720393582707e+01
4.943134189966e-01 3.543075023396e-02 8.685614000966e-01 3.868151447140e+02 -2.995174937713e-02 9.992699410647e-01 -2.371661008230e-02 -3.698529625932e+01 -8.687675963738e-01 -1.429149475755e-02 4.950137540195e-01 4.768574363503e+01
5.249334245451e-01 3.626670566679e-02 8.503702874956e-01 3.876453730970e+02 -2.880333164043e-02 9.992764843778e-01 -2.483698564370e-02 -3.701762072085e+01 -8.506557869560e-01 -1.145573347858e-02 5.255982289627e-01 4.819864736809e+01
5.564855304589e-01 3.832440455463e-02 8.299729479961e-01 3.884584028878e+02 -2.754271417258e-02 9.992375039797e-01 -2.767326392688e-02 -3.704695130398e+01 -8.304006582884e-01 -7.459936721746e-03 5.571167705771e-01 4.874186286521e+01
5.885263713115e-01 3.862195297631e-02 8.075549857559e-01 3.892441088735e+02 -2.615556481491e-02 9.992450051472e-01 -2.872814156273e-02 -3.708339714584e+01 -8.080548228308e-01 -4.214787863106e-03 5.890922159248e-01 4.931949401748e+01
6.201570220565e-01 3.932144993504e-02 7.834916027432e-01 3.900186757556e+02 -2.694486166942e-02 9.992213672882e-01 -2.882071449924e-02 -3.711697740739e+01 -7.840148228341e-01 -3.237704377675e-03 6.207336585418e-01 4.992754329858e+01
6.502894363029e-01 3.857642945319e-02 7.587064703319e-01 3.907513970430e+02 -2.654089651904e-02 9.992538643449e-01 -2.805878478679e-02 -3.715627203046e+01 -7.592227801145e-01 -1.890418575055e-03 6.508280851906e-01 5.055313421984e+01
6.794706303318e-01 3.922367399664e-02 7.326535101361e-01 3.914631639683e+02 -2.837196236128e-02 9.992277692829e-01 -2.718265707576e-02 -3.719335414863e+01 -7.331539362701e-01 -2.317000676081e-03 6.800587748420e-01 5.122305708225e+01
7.076166177645e-01 3.894141093453e-02 7.055227060683e-01 3.921445717077e+02 -2.784396102931e-02 9.992414239015e-01 -2.722665226364e-02 -3.723207133664e+01 -7.060477576607e-01 -3.785151452093e-04 7.081641198399e-01 5.189995505511e+01
7.340355489674e-01 3.993785614187e-02 6.779356757827e-01 3.928053660319e+02 -2.806921037971e-02 9.992004151899e-01 -2.847191094688e-02 -3.726577938053e+01 -6.785307157976e-01 1.870275674592e-03 7.345696493785e-01 5.262473436429e+01
7.577086330458e-01 4.121188849572e-02 6.512904172905e-01 3.934369307543e+02 -2.934783105153e-02 9.991461615644e-01 -2.908010735242e-02 -3.730323234796e+01 -6.519327666412e-01 2.920287258704e-03 7.582711518329e-01 5.337391468813e+01
7.792459513080e-01 4.309154800110e-02 6.252350484906e-01 3.940485595222e+02 -3.101913474049e-02 9.990625670815e-01 -3.019603179873e-02 -3.734043011983e+01 -6.259501263280e-01 4.135885311122e-03 7.798521230353e-01 5.415442905828e+01
7.977232184627e-01 4.449398269375e-02 6.013800397665e-01 3.946352873130e+02 -3.246582734293e-02 9.989967218369e-01 -3.084671480229e-02 -3.737974357893e+01 -6.021491814994e-01 5.082840072539e-03 7.983674141374e-01 5.494870822270e+01
8.137751092861e-01 4.688980290317e-02 5.792852646927e-01 3.952023393492e+02 -3.399934121155e-02 9.988738781572e-01 -3.309109143660e-02 -3.741965347029e+01 -5.801845536582e-01 7.233389177102e-03 8.144529217686e-01 5.576178943868e+01
8.274321621085e-01 4.951319224914e-02 5.593786382244e-01 3.957464580972e+02 -3.517661330425e-02 9.987191649740e-01 -3.636805452715e-02 -3.746330304523e+01 -5.604628649473e-01 1.041505194160e-02 8.281140644308e-01 5.657133993226e+01
8.394162695628e-01 5.124097998112e-02 5.410680995622e-01 3.962628949767e+02 -3.574583289999e-02 9.985951767102e-01 -3.911404455529e-02 -3.751019141628e+01 -5.423122364685e-01 1.349203549365e-02 8.400686895455e-01 5.740459857637e+01
8.507049146877e-01 4.992803305947e-02 5.232669869589e-01 3.967710024985e+02 -3.457662120462e-02 9.986379576321e-01 -3.907284021461e-02 -3.755768344943e+01 -5.245051052109e-01 1.514665280441e-02 8.512725612379e-01 5.824003625341e+01
8.617510116987e-01 4.517823856364e-02 5.053158622056e-01 3.972648263028e+02 -3.100426260246e-02 9.988551469341e-01 -3.642981119515e-02 -3.760465458856e+01 -5.063831844926e-01 1.572648096440e-02 8.621651513832e-01 5.908688306707e+01
8.723175575249e-01 4.168595181708e-02 4.871594813354e-01 3.977374400411e+02 -2.880971687284e-02 9.990099917434e-01 -3.389744253737e-02 -3.765227841040e+01 -4.880902365829e-01 1.553440755135e-02 8.726549164100e-01 5.992900713897e+01
8.823559331557e-01 3.788314123475e-02 4.690553004019e-01 3.981876347870e+02 -2.499463505160e-02 9.991202291517e-01 -3.367544978827e-02 -3.769749435911e+01 -4.699183710428e-01 1.798986686981e-02 8.825265374177e-01 6.080096118900e+01
8.921196040170e-01 3.527615014601e-02 4.504200321471e-01 3.986208348410e+02 -2.235463396062e-02 9.991725720945e-01 -3.397707336668e-02 -3.773981505783e+01 -4.512459223850e-01 2.024263829036e-02 8.921700247856e-01 6.166480656647e+01
9.014968775729e-01 3.442304994264e-02 4.314144565947e-01 3.990389041493e+02 -2.166311046589e-02 9.991713649728e-01 -3.445711919702e-02 -3.778122480479e+01 -4.322430905997e-01 2.171720633648e-02 9.014955760168e-01 6.253699226122e+01
9.104089430207e-01 3.211049341234e-02 4.124614802388e-01 3.994349799022e+02 -1.949800122283e-02 9.992057500293e-01 -3.475193601422e-02 -3.782459338717e+01 -4.132497845326e-01 2.359629888856e-02 9.103119411842e-01 6.339938815815e+01
9.191517912461e-01 2.996895799855e-02 3.927618186708e-01 3.998114832062e+02 -1.772424739457e-02 9.992382892673e-01 -3.476625255124e-02 -3.786747027161e+01 -3.935045561406e-01 2.499405566612e-02 9.189828406874e-01 6.428804025855e+01
9.274848309688e-01 2.708593963177e-02 3.728783182179e-01 4.001761959225e+02 -1.560919863330e-02 9.993079298915e-01 -3.376409593026e-02 -3.790781844531e+01 -3.735347925438e-01 2.549535507158e-02 9.272657362531e-01 6.519152602335e+01
9.353880003115e-01 2.408341543810e-02 3.528020379393e-01 4.005130576891e+02 -1.370273377796e-02 9.993973891094e-01 -3.189190694030e-02 -3.794960634648e+01 -3.533575016330e-01 2.499695465680e-02 9.351543339458e-01 6.608574733919e+01
9.427886541482e-01 2.123649507546e-02 3.327139385212e-01 4.008299870604e+02 -1.190208918517e-02 9.994769738317e-01 -3.006857251861e-02 -3.798949571325e+01 -3.331784715170e-01 2.438831804755e-02 9.425483096693e-01 6.699420994211e+01
9.501065947374e-01 1.753651509773e-02 3.114320620534e-01 4.011310785924e+02 -8.690657443206e-03 9.995190230805e-01 -2.976902708152e-02 -3.802785411531e+01 -3.118043154124e-01 2.557719958093e-02 9.498020192397e-01 6.791734656974e+01
9.574756505000e-01 1.490574895078e-02 2.881287860453e-01 4.014097461179e+02 -6.466928653535e-03 9.995224087011e-01 -3.021809620275e-02 -3.806509893977e+01 -2.884416015998e-01 2.706978301622e-02 9.571147628754e-01 6.883745054507e+01
9.648044710871e-01 1.168715335359e-02 2.627084753425e-01 4.016644919141e+02 -3.855736487993e-03 9.995332282084e-01 -3.030608855215e-02 -3.810449415853e+01 -2.629400423413e-01 2.822651508220e-02 9.643991901593e-01 6.977294957251e+01
9.716522201210e-01 9.433087046736e-03 2.362265438146e-01 4.018951341359e+02 -2.573883340234e-03 9.995665245302e-01 -2.932811216365e-02 -3.814109931195e+01 -2.364008000375e-01 2.788870573012e-02 9.712553123841e-01 7.071776957007e+01
9.779891641309e-01 7.690499001084e-03 2.085139109692e-01 4.020911584312e+02 -1.911474475351e-03 9.996088178680e-01 -2.790264334807e-02 -3.817895904424e+01 -2.086469293037e-01 2.688991382645e-02 9.776212924372e-01 7.164072910329e+01
9.836056085214e-01 5.314115385943e-03 1.802547282676e-01 4.022632771651e+02 -4.713965960824e-04 9.996380674153e-01 -2.689817762497e-02 -3.821329116693e+01 -1.803324282274e-01 2.637222690559e-02 9.832521146571e-01 7.260278123512e+01
9.885139704882e-01 4.395679731878e-03 1.510655756594e-01 4.024086056393e+02 -3.600301115330e-04 9.996425839887e-01 -2.673152922424e-02 -3.824973737368e+01 -1.511290856451e-01 2.637010193462e-02 9.881622423449e-01 7.356570219985e+01
9.924975571140e-01 1.939249158975e-03 1.222490835771e-01 4.025250406263e+02 1.255730001623e-03 9.996597864446e-01 -2.605253361364e-02 -3.828444916428e+01 -1.222580151356e-01 2.601058781009e-02 9.921574608180e-01 7.453158912020e+01
9.956661801758e-01 -1.647132017481e-03 9.298464717539e-02 4.026133367942e+02 4.018401546727e-03 9.996713143023e-01 -2.532026480948e-02 -3.831656135080e+01 -9.291237863290e-02 2.558418099393e-02 9.953455377805e-01 7.549676598277e+01
9.979501485882e-01 -6.373148637110e-03 6.367797035977e-02 4.026759717619e+02 8.001887253851e-03 9.996464708214e-01 -2.535553538748e-02 -3.834834351294e+01 -6.349386374341e-02 2.581310424684e-02 9.976483413087e-01 7.647584184822e+01
9.993446677289e-01 -9.793341678153e-03 3.484717406820e-02 4.027050620333e+02 1.072429272592e-02 9.995878472986e-01 -2.662940251823e-02 -3.838290169379e+01 -3.457202087372e-02 2.698566270678e-02 9.990378117874e-01 7.745503581893e+01
9.998951296193e-01 -1.238703021674e-02 7.502749233122e-03 4.027078722589e+02 1.259414411625e-02 9.995224678814e-01 -2.821743670538e-02 -3.841610556402e+01 -7.149636188277e-03 2.830896823716e-02 9.995736516234e-01 7.844905569668e+01
9.997512735927e-01 -1.392379023151e-02 -1.742179713338e-02 4.026888789190e+02 1.340276494908e-02 9.994697664490e-01 -2.967409385550e-02 -3.845025215640e+01 1.782573537018e-02 2.943321287278e-02 9.994077892124e-01 7.945215997368e+01
9.991192166947e-01 -1.511557546515e-02 -3.914473412576e-02 4.026418949431e+02 1.395992029084e-02 9.994634613414e-01 -2.962954722685e-02 -3.848817554206e+01 3.957159911973e-02 2.905699264811e-02 9.987941628390e-01 8.048032053666e+01
9.982388457772e-01 -1.393683334618e-02 -5.766256547903e-02 4.025710792381e+02 1.237967701533e-02 9.995513275814e-01 -2.727429425851e-02 -3.852142189056e+01 5.801681117003e-02 2.651241608350e-02 9.979634970354e-01 8.150714863443e+01
9.972446690135e-01 -1.233480307077e-02 -7.315000175966e-02 4.024907444533e+02 1.028126213696e-02 9.995442346146e-01 -2.838342293555e-02 -3.855838047209e+01 7.346676645330e-02 2.755314286743e-02 9.969169767564e-01 8.254528596833e+01
9.962667886989e-01 -1.305936185477e-02 -8.533427683860e-02 4.023915285730e+02 1.044370996943e-02 9.994639929187e-01 -3.102669465400e-02 -3.859667043492e+01 8.569372589458e-02 3.001965900912e-02 9.958691708328e-01 8.358223286271e+01
9.954206559353e-01 -9.117971163267e-03 -9.515555863563e-02 4.022769407135e+02 5.864543051531e-03 9.993904407055e-01 -3.441444698593e-02 -3.863073900891e+01 9.541134561565e-02 3.369880752217e-02 9.948673607569e-01 8.463661893432e+01
9.946991786243e-01 -8.957858416570e-03 -1.024368137763e-01 4.021582618089e+02 5.514138490858e-03 9.994116490720e-01 -3.385188289977e-02 -3.867261633703e+01 1.026797853560e-01 3.310758933756e-02 9.941633413114e-01 8.570576405188e+01
9.941052482493e-01 -9.329373384196e-03 -1.080172124964e-01 4.020361409243e+02 5.859226250170e-03 9.994578467070e-01 -3.239879818076e-02 -3.871354558689e+01 1.082609110944e-01 3.157491802153e-02 9.936209537248e-01 8.677791010030e+01
9.935801161346e-01 -1.009021004987e-02 -1.126798140001e-01 4.019068809363e+02 6.484528383268e-03 9.994565318946e-01 -3.232014456827e-02 -3.875928031280e+01 1.129446931626e-01 3.138197754152e-02 9.931055672848e-01 8.786326667237e+01
9.930903672120e-01 -1.146097916887e-02 -1.167911319715e-01 4.017756326168e+02 7.500447844800e-03 9.993836256299e-01 -3.429449088293e-02 -3.880413005371e+01 1.171121933567e-01 3.318154275019e-02 9.925642142390e-01 8.895204497842e+01
9.925891948405e-01 -1.365840340200e-02 -1.207482434757e-01 4.016424903639e+02 9.314922425607e-03 9.992915920797e-01 -3.646294309281e-02 -3.884645181596e+01 1.211607300497e-01 3.506796280500e-02 9.920132637614e-01 9.005330764847e+01
9.921498043571e-01 -1.531369126065e-02 -1.241138855007e-01 4.015024308900e+02 1.077631037218e-02 9.992516880857e-01 -3.714747626325e-02 -3.889297437773e+01 1.245898745840e-01 3.551837155529e-02 9.915723919277e-01 9.115911334688e+01
9.917694179865e-01 -1.533465619673e-02 -1.271151834597e-01 4.013579226514e+02 1.084018455304e-02 9.992939248993e-01 -3.597418599664e-02 -3.894031583695e+01 1.275770823679e-01 3.430014546023e-02 9.912353847981e-01 9.227385322726e+01
9.914034118889e-01 -1.518957902775e-02 -1.299559601712e-01 4.012045605682e+02 1.077353544982e-02 9.993425842524e-01 -3.461690676073e-02 -3.898722110162e+01 1.303963413175e-01 3.291923432781e-02 9.909152931418e-01 9.340194448379e+01
9.910598293029e-01 -1.552445212761e-02 -1.325119093826e-01 4.010401866004e+02 1.109826182838e-02 9.993576307541e-01 -3.407571624957e-02 -3.903450321696e+01 1.329557946329e-01 3.230042166397e-02 9.905954973822e-01 9.453853073945e+01
9.906603512724e-01 -1.563192256680e-02 -1.354537242520e-01 4.008794065532e+02 1.108681673702e-02 9.993519939220e-01 -3.424433878351e-02 -3.908291082137e+01 1.359012542677e-01 3.242275807124e-02 9.901917056043e-01 9.567979134626e+01
9.902522803088e-01 -1.648979414464e-02 -1.383058495953e-01 4.007126936902e+02 1.168229931086e-02 9.993013946892e-01 -3.549995007016e-02 -3.913348886137e+01 1.387946152631e-01 3.353817617641e-02 9.897531235175e-01 9.682458145195e+01
9.897947999345e-01 -1.765931739902e-02 -1.414015648135e-01 4.005473041555e+02 1.265350249069e-02 9.992636322894e-01 -3.622267326678e-02 -3.917814818536e+01 1.419371089512e-01 3.406378858663e-02 9.892893992203e-01 9.798697892780e+01
9.893934290550e-01 -1.870075994453e-02 -1.440518105415e-01 4.003747172664e+02 1.352053617619e-02 9.992291076850e-01 -3.685628110066e-02 -3.922875737601e+01 1.446300025731e-01 3.451770462473e-02 9.888835575654e-01 9.915424191639e+01
9.890809291486e-01 -1.940810154536e-02 -1.460898394449e-01 4.001964664722e+02 1.407368544604e-02 9.991990148232e-01 -3.746011418042e-02 -3.927992405978e+01 1.466998533490e-01 3.499506209237e-02 9.885618335019e-01 1.003267395282e+02
9.888082210591e-01 -2.011657086622e-02 -1.478297180626e-01 4.000167095438e+02 1.472984642086e-02 9.991901738117e-01 -3.744366678752e-02 -3.932990874069e+01 1.484632398620e-01 3.484709650259e-02 9.883037722659e-01 1.015089787694e+02
9.885876189254e-01 -2.097347642127e-02 -1.491798679252e-01 3.998361351880e+02 1.574050621432e-02 9.992215729773e-01 -3.617298108933e-02 -3.938522602571e+01 1.498224154507e-01 3.341199460640e-02 9.881482087445e-01 1.026847312978e+02
9.883262365367e-01 -2.228919297402e-02 -1.507131117379e-01 3.996496392336e+02 1.713863452115e-02 9.992266890138e-01 -3.538772625060e-02 -3.943468715244e+01 1.513853274921e-01 3.239160136523e-02 9.879439593323e-01 1.038996591419e+02
9.880626964970e-01 -2.378871045277e-02 -1.522044843163e-01 3.994590246546e+02 1.875806076385e-02 9.992319873164e-01 -3.440306207503e-02 -3.948445434250e+01 1.529059938242e-01 3.113732131628e-02 9.877500818901e-01 1.051164390455e+02
9.877469687028e-01 -2.486998813442e-02 -1.540694957107e-01 3.992701023628e+02 1.973296032466e-02 9.992000740430e-01 -3.478250004278e-02 -3.953624213596e+01 1.548112918853e-01 3.131606173506e-02 9.874476027528e-01 1.063422830444e+02
9.874231342686e-01 -2.493206345532e-02 -1.561215748162e-01 3.990700637021e+02 1.966454083744e-02 9.991870071696e-01 -3.519418328505e-02 -3.958600020513e+01 1.568721127061e-01 3.168149168377e-02 9.871106439198e-01 1.075744023498e+02
9.871178482134e-01 -2.427670374320e-02 -1.581423263832e-01 3.988697073287e+02 1.877780120179e-02 9.991690753882e-01 -3.617392665780e-02 -3.963670295500e+01 1.588891057328e-01 3.273836347746e-02 9.867534908153e-01 1.088086598935e+02
9.868833796623e-01 -2.224830281940e-02 -1.598943650288e-01 3.986645524131e+02 1.660325954686e-02 9.991937193954e-01 -3.655465624622e-02 -3.969009188194e+01 1.605787243651e-01 3.342041505601e-02 9.864570690804e-01 1.100462535085e+02
9.866275565977e-01 -2.089586385574e-02 -1.616459941840e-01 3.984514973979e+02 1.504761817126e-02 9.991900846387e-01 -3.731948481704e-02 -3.974444375983e+01 1.622948974842e-01 3.438804491913e-02 9.861429047644e-01 1.112957137796e+02
9.863018414585e-01 -2.060018212036e-02 -1.636591275552e-01 3.982365352753e+02 1.462710577052e-02 9.991851062272e-01 -3.761876221346e-02 -3.980257245581e+01 1.643007161041e-01 3.470959507546e-02 9.857994312726e-01 1.125466105452e+02
9.857592340851e-01 -2.272979874480e-02 -1.666195926803e-01 3.980250522863e+02 1.664860058358e-02 9.991464767059e-01 -3.780399694244e-02 -3.985925358916e+01 1.673366562190e-01 3.449165602340e-02 9.852962849571e-01 1.137970643254e+02
