1.000000000000e+00 9.043683000000e-12 2.326809000000e-11 1.110223000000e-16 9.043683000000e-12 1.000000000000e+00 2.392370000000e-10 3.330669000000e-16 2.326810000000e-11 2.392370000000e-10 9.999999000000e-01 -2.220446000000e-16
9.999967000000e-01 -2.220141000000e-03 -1.303943000000e-03 5.542524000000e-03 2.223603000000e-03 9.999940000000e-01 2.659561000000e-03 -3.047694000000e-02 1.298030000000e-03 -2.662451000000e-03 9.999956000000e-01 1.528975000000e+00
9.999915000000e-01 -3.006968000000e-03 -2.825820000000e-03 5.664279000000e-03 3.016952000000e-03 9.999892000000e-01 3.535540000000e-03 -6.012991000000e-02 2.815159000000e-03 -3.544035000000e-03 9.999897000000e-01 3.052409000000e+00
9.999889000000e-01 -2.128535000000e-03 -4.205819000000e-03 3.267206000000e-03 2.141750000000e-03 9.999928000000e-01 3.139851000000e-03 -8.838230000000e-02 4.199105000000e-03 -3.148823000000e-03 9.999862000000e-01 4.566315000000e+00
9.999830000000e-01 -1.524541000000e-03 -5.643893000000e-03 -6.648871000000e-03 1.542552000000e-03 9.999937000000e-01 3.188330000000e-03 -1.107150000000e-01 5.638997000000e-03 -3.196981000000e-03 9.999789000000e-01 6.079413000000e+00
9.999747000000e-01 -1.625829000000e-03 -6.926312000000e-03 -1.843176000000e-02 1.651081000000e-03 9.999920000000e-01 3.641708000000e-03 -1.314352000000e-01 6.920335000000e-03 -3.653051000000e-03 9.999693000000e-01 7.615299000000e+00
9.999623000000e-01 -1.739691000000e-03 -8.516225000000e-03 -3.171614000000e-02 1.772274000000e-03 9.999911000000e-01 3.819954000000e-03 -1.529581000000e-01 8.509503000000e-03 -3.834901000000e-03 9.999564000000e-01 9.099118000000e+00
9.999409000000e-01 -3.535931000000e-03 -1.028736000000e-02 -4.480997000000e-02 3.566679000000e-03 9.999892000000e-01 2.972015000000e-03 -1.743687000000e-01 1.027674000000e-02 -3.008530000000e-03 9.999426000000e-01 1.059934000000e+01
9.999212000000e-01 -4.713044000000e-03 -1.163888000000e-02 -6.193958000000e-02 4.751315000000e-03 9.999834000000e-01 3.262684000000e-03 -1.890327000000e-01 1.162331000000e-02 -3.317725000000e-03 9.999269000000e-01 1.209423000000e+01
9.999054000000e-01 -4.749818000000e-03 -1.290980000000e-02 -8.195167000000e-02 4.793738000000e-03 9.999828000000e-01 3.373208000000e-03 -2.057869000000e-01 1.289355000000e-02 -3.434774000000e-03 9.999109000000e-01 1.358737000000e+01
9.998920000000e-01 -4.228781000000e-03 -1.407697000000e-02 -1.077803000000e-01 4.271543000000e-03 9.999863000000e-01 3.009020000000e-03 -2.249050000000e-01 1.406406000000e-02 -3.068824000000e-03 9.998963000000e-01 1.507594000000e+01
9.998907000000e-01 -2.623327000000e-03 -1.455505000000e-02 -1.383473000000e-01 2.676639000000e-03 9.999898000000e-01 3.644477000000e-03 -2.492411000000e-01 1.454534000000e-02 -3.683036000000e-03 9.998874000000e-01 1.656039000000e+01
9.998870000000e-01 -1.053198000000e-03 -1.499950000000e-02 -1.727573000000e-01 1.118768000000e-03 9.999898000000e-01 4.363721000000e-03 -2.723182000000e-01 1.499475000000e-02 -4.380008000000e-03 9.998779000000e-01 1.804280000000e+01
9.998788000000e-01 -2.451032000000e-05 -1.557320000000e-02 -2.058484000000e-01 1.051712000000e-04 9.999866000000e-01 5.178666000000e-03 -2.957765000000e-01 1.557286000000e-02 -5.179675000000e-03 9.998653000000e-01 1.951642000000e+01
9.998719000000e-01 -2.353867000000e-05 -1.600922000000e-02 -2.386867000000e-01 1.097502000000e-04 9.999855000000e-01 5.384263000000e-03 -3.132795000000e-01 1.600886000000e-02 -5.385328000000e-03 9.998573000000e-01 2.098968000000e+01
9.998636000000e-01 4.413866000000e-04 -1.651007000000e-02 -2.678747000000e-01 -3.508676000000e-04 9.999849000000e-01 5.485152000000e-03 -3.280154000000e-01 1.651224000000e-02 -5.478609000000e-03 9.998486000000e-01 2.245164000000e+01
9.998625000000e-01 1.119432000000e-03 -1.654724000000e-02 -2.977989000000e-01 -1.019277000000e-03 9.999811000000e-01 6.059863000000e-03 -3.414779000000e-01 1.655371000000e-02 -6.042162000000e-03 9.998447000000e-01 2.390871000000e+01
9.998615000000e-01 2.049949000000e-03 -1.651601000000e-02 -3.286901000000e-01 -1.931135000000e-03 9.999721000000e-01 7.206627000000e-03 -3.566005000000e-01 1.653032000000e-02 -7.173732000000e-03 9.998376000000e-01 2.536099000000e+01
9.998618000000e-01 2.377257000000e-03 -1.645374000000e-02 -3.584000000000e-01 -2.272538000000e-03 9.999770000000e-01 6.380235000000e-03 -3.701780000000e-01 1.646853000000e-02 -6.341960000000e-03 9.998442000000e-01 2.680201000000e+01
9.998620000000e-01 2.769091000000e-03 -1.638309000000e-02 -3.881643000000e-01 -2.708306000000e-03 9.999893000000e-01 3.731267000000e-03 -3.903781000000e-01 1.639325000000e-02 -3.686380000000e-03 9.998588000000e-01 2.823509000000e+01
9.998699000000e-01 1.170299000000e-03 -1.608933000000e-02 -4.156875000000e-01 -1.111481000000e-03 9.999926000000e-01 3.664197000000e-03 -4.127461000000e-01 1.609350000000e-02 -3.645836000000e-03 9.998638000000e-01 2.966060000000e+01
9.998749000000e-01 2.102192000000e-04 -1.582067000000e-02 -4.428034000000e-01 -1.086559000000e-04 9.999794000000e-01 6.420245000000e-03 -4.350600000000e-01 1.582169000000e-02 -6.417721000000e-03 9.998542000000e-01 3.108204000000e+01
9.998765000000e-01 -1.461067000000e-03 -1.565080000000e-02 -4.678629000000e-01 1.586742000000e-03 9.999666000000e-01 8.020524000000e-03 -4.539657000000e-01 1.563856000000e-02 -8.044365000000e-03 9.998453000000e-01 3.249337000000e+01
9.998784000000e-01 -2.448086000000e-03 -1.540410000000e-02 -4.937117000000e-01 2.559861000000e-03 9.999705000000e-01 7.240648000000e-03 -4.678086000000e-01 1.538592000000e-02 -7.279197000000e-03 9.998551000000e-01 3.388789000000e+01
9.998849000000e-01 -2.351353000000e-03 -1.499188000000e-02 -5.230180000000e-01 2.434640000000e-03 9.999817000000e-01 5.539601000000e-03 -4.845156000000e-01 1.497858000000e-02 -5.575461000000e-03 9.998722000000e-01 3.527199000000e+01
9.998958000000e-01 -1.558195000000e-03 -1.435595000000e-02 -5.548668000000e-01 1.621394000000e-03 9.999890000000e-01 4.391701000000e-03 -5.027095000000e-01 1.434894000000e-02 -4.414519000000e-03 9.998872000000e-01 3.663973000000e+01
9.999091000000e-01 -8.665701000000e-04 -1.345465000000e-02 -5.831612000000e-01 9.187323000000e-04 9.999921000000e-01 3.871189000000e-03 -5.237000000000e-01 1.345119000000e-02 -3.883197000000e-03 9.999019000000e-01 3.799599000000e+01
9.999242000000e-01 -3.144412000000e-04 -1.231114000000e-02 -6.110062000000e-01 3.705383000000e-04 9.999895000000e-01 4.554592000000e-03 -5.446798000000e-01 1.230958000000e-02 -4.558807000000e-03 9.999138000000e-01 3.933019000000e+01
9.999427000000e-01 3.341605000000e-04 -1.070505000000e-02 -6.351590000000e-01 -2.610086000000e-04 9.999766000000e-01 6.834073000000e-03 -5.650871000000e-01 1.070708000000e-02 -6.830885000000e-03 9.999193000000e-01 4.065401000000e+01
9.999591000000e-01 -2.712027000000e-04 -9.045792000000e-03 -6.559744000000e-01 3.434903000000e-04 9.999680000000e-01 7.990691000000e-03 -5.837699000000e-01 9.043335000000e-03 -7.993469000000e-03 9.999271000000e-01 4.195719000000e+01
9.999772000000e-01 6.777910000000e-05 -6.759562000000e-03 -6.731874000000e-01 -1.046744000000e-05 9.999640000000e-01 8.478279000000e-03 -6.012229000000e-01 6.759893000000e-03 -8.478013000000e-03 9.999412000000e-01 4.323955000000e+01
9.999944000000e-01 5.490955000000e-05 -3.365373000000e-03 -6.865415000000e-01 -2.680498000000e-05 9.999651000000e-01 8.350575000000e-03 -6.178192000000e-01 3.365714000000e-03 -8.350436000000e-03 9.999594000000e-01 4.450289000000e+01
9.999997000000e-01 -7.846738000000e-04 3.218970000000e-04 -6.935884000000e-01 7.826665000000e-04 9.999805000000e-01 6.189643000000e-03 -6.350241000000e-01 -3.267476000000e-04 -6.189388000000e-03 9.999807000000e-01 4.574413000000e+01
9.999922000000e-01 -1.100101000000e-03 3.803485000000e-03 -6.959569000000e-01 1.082755000000e-03 9.999890000000e-01 4.559605000000e-03 -6.526707000000e-01 -3.808459000000e-03 -4.555450000000e-03 9.999823000000e-01 4.697748000000e+01
9.999689000000e-01 -6.772935000000e-04 7.861748000000e-03 -7.001992000000e-01 6.368232000000e-04 9.999865000000e-01 5.149118000000e-03 -6.645447000000e-01 -7.865129000000e-03 -5.143950000000e-03 9.999558000000e-01 4.819774000000e+01
9.999134000000e-01 -2.620471000000e-04 1.315831000000e-02 -6.975233000000e-01 1.937417000000e-04 9.999865000000e-01 5.192058000000e-03 -6.781882000000e-01 -1.315949000000e-02 -5.189058000000e-03 9.998999000000e-01 4.940741000000e+01
9.998044000000e-01 1.185349000000e-03 1.974544000000e-02 -6.903610000000e-01 -1.267194000000e-03 9.999906000000e-01 4.133010000000e-03 -6.899979000000e-01 -1.974035000000e-02 -4.157221000000e-03 9.997964000000e-01 5.060553000000e+01
9.996268000000e-01 2.727086000000e-03 2.718144000000e-02 -6.759702000000e-01 -2.833090000000e-03 9.999885000000e-01 3.862101000000e-03 -7.020690000000e-01 -2.717059000000e-02 -3.937667000000e-03 9.996230000000e-01 5.179127000000e+01
9.993594000000e-01 3.728632000000e-03 3.559358000000e-02 -6.473751000000e-01 -3.917026000000e-03 9.999787000000e-01 5.224639000000e-03 -7.126113000000e-01 -3.557334000000e-02 -5.360712000000e-03 9.993526000000e-01 5.296880000000e+01
9.989330000000e-01 5.955695000000e-03 4.579893000000e-02 -6.094624000000e-01 -6.221115000000e-03 9.999646000000e-01 5.654978000000e-03 -7.231034000000e-01 -4.576363000000e-02 -5.933863000000e-03 9.989346000000e-01 5.413296000000e+01
9.982392000000e-01 8.248457000000e-03 5.874191000000e-02 -5.600621000000e-01 -8.602116000000e-03 9.999463000000e-01 5.770220000000e-03 -7.297775000000e-01 -5.869116000000e-02 -6.265363000000e-03 9.982565000000e-01 5.528110000000e+01
9.972445000000e-01 1.030551000000e-02 7.346689000000e-02 -4.934098000000e-01 -1.079632000000e-02 9.999219000000e-01 6.286571000000e-03 -7.390768000000e-01 -7.339637000000e-02 -7.062419000000e-03 9.972778000000e-01 5.641219000000e+01
9.958861000000e-01 1.264625000000e-02 8.972728000000e-02 -4.111119000000e-01 -1.336115000000e-02 9.998835000000e-01 7.371203000000e-03 -7.469047000000e-01 -8.962361000000e-02 -8.539736000000e-03 9.959390000000e-01 5.753105000000e+01
9.941350000000e-01 1.287820000000e-02 1.073773000000e-01 -3.043738000000e-01 -1.390334000000e-02 9.998646000000e-01 8.803900000000e-03 -7.552160000000e-01 -1.072494000000e-01 -1.024517000000e-02 9.941793000000e-01 5.864015000000e+01
9.919005000000e-01 1.254741000000e-02 1.263966000000e-01 -1.772585000000e-01 -1.369399000000e-02 9.998725000000e-01 8.206430000000e-03 -7.637425000000e-01 -1.262775000000e-01 -9.870833000000e-03 9.919458000000e-01 5.973159000000e+01
9.891307000000e-01 1.167645000000e-02 1.465751000000e-01 -3.027954000000e-02 -1.282087000000e-02 9.998942000000e-01 6.865394000000e-03 -7.709585000000e-01 -1.464794000000e-01 -8.669990000000e-03 9.891757000000e-01 6.080734000000e+01
9.858577000000e-01 9.109430000000e-03 1.673369000000e-01 1.414162000000e-01 -1.029133000000e-02 9.999278000000e-01 6.197189000000e-03 -7.801986000000e-01 -1.672684000000e-01 -7.831665000000e-03 9.858802000000e-01 6.186839000000e+01
9.819655000000e-01 3.793581000000e-03 1.890225000000e-01 3.429236000000e-01 -5.471338000000e-03 9.999501000000e-01 8.354942000000e-03 -7.905714000000e-01 -1.889814000000e-01 -9.238469000000e-03 9.819372000000e-01 6.291291000000e+01
9.773046000000e-01 -1.709232000000e-03 2.118322000000e-01 5.688516000000e-01 -4.745824000000e-04 9.999473000000e-01 1.025790000000e-02 -7.991531000000e-01 -2.118385000000e-01 -1.012562000000e-02 9.772522000000e-01 6.394069000000e+01
9.718692000000e-01 -6.880933000000e-03 2.354211000000e-01 8.226070000000e-01 4.698978000000e-03 9.999406000000e-01 9.828066000000e-03 -8.026621000000e-01 -2.354747000000e-01 -8.445355000000e-03 9.718437000000e-01 6.494900000000e+01
9.654653000000e-01 -1.331156000000e-02 2.601914000000e-01 1.098599000000e+00 1.166580000000e-02 9.999010000000e-01 7.868493000000e-03 -8.056283000000e-01 -2.602703000000e-01 -4.561416000000e-03 9.655250000000e-01 6.593481000000e+01
9.580718000000e-01 -1.728534000000e-02 2.860065000000e-01 1.400581000000e+00 1.562878000000e-02 9.998452000000e-01 8.073843000000e-03 -8.048744000000e-01 -2.861018000000e-01 -3.265387000000e-03 9.581936000000e-01 6.690386000000e+01
9.495606000000e-01 -2.005549000000e-02 3.129416000000e-01 1.719450000000e+00 1.762511000000e-02 9.997885000000e-01 1.059348000000e-02 -8.099221000000e-01 -3.130879000000e-01 -4.543522000000e-03 9.497132000000e-01 6.785621000000e+01
9.399600000000e-01 -2.430701000000e-02 3.404181000000e-01 2.070873000000e+00 2.082730000000e-02 9.996868000000e-01 1.387286000000e-02 -8.116220000000e-01 -3.406487000000e-01 -5.949941000000e-03 9.401718000000e-01 6.879155000000e+01
9.291719000000e-01 -2.800214000000e-02 3.685860000000e-01 2.445156000000e+00 2.471863000000e-02 9.996015000000e-01 1.362813000000e-02 -8.131263000000e-01 -3.688207000000e-01 -3.551935000000e-03 9.294937000000e-01 6.970243000000e+01
9.172153000000e-01 -2.734522000000e-02 3.974524000000e-01 2.836652000000e+00 2.544892000000e-02 9.996256000000e-01 1.004610000000e-02 -8.139150000000e-01 -3.975783000000e-01 9.002929000000e-04 9.175678000000e-01 7.058836000000e+01
9.041595000000e-01 -2.861151000000e-02 4.262360000000e-01 3.253649000000e+00 2.944809000000e-02 9.995556000000e-01 4.628971000000e-03 -8.166667000000e-01 -4.261790000000e-01 8.366502000000e-03 9.046001000000e-01 7.145272000000e+01
8.900733000000e-01 -3.066895000000e-02 4.547845000000e-01 3.697183000000e+00 3.353669000000e-02 9.994359000000e-01 1.762472000000e-03 -8.217552000000e-01 -4.545820000000e-01 1.368323000000e-02 8.905997000000e-01 7.230010000000e+01
8.745234000000e-01 -3.199557000000e-02 4.839268000000e-01 4.165770000000e+00 3.386512000000e-02 9.994145000000e-01 4.878839000000e-03 -8.265719000000e-01 -4.837995000000e-01 1.212158000000e-02 8.750948000000e-01 7.313220000000e+01
8.569678000000e-01 -3.122428000000e-02 5.144232000000e-01 4.656399000000e+00 2.991533000000e-02 9.994937000000e-01 1.083157000000e-02 -8.326482000000e-01 -5.145010000000e-01 6.106832000000e-03 8.574680000000e-01 7.395134000000e+01
8.375209000000e-01 -3.135402000000e-02 5.455050000000e-01 5.171922000000e+00 2.716620000000e-02 9.995070000000e-01 1.574010000000e-02 -8.379065000000e-01 -5.457295000000e-01 1.636631000000e-03 8.379597000000e-01 7.474042000000e+01
8.164962000000e-01 -2.594618000000e-02 5.767676000000e-01 5.707425000000e+00 2.416207000000e-02 9.996501000000e-01 1.076493000000e-02 -8.397157000000e-01 -5.768450000000e-01 5.146369000000e-03 8.168373000000e-01 7.550137000000e+01
7.946459000000e-01 -1.916753000000e-02 6.067706000000e-01 6.267395000000e+00 2.143011000000e-02 9.997641000000e-01 3.516416000000e-03 -8.402731000000e-01 -6.066949000000e-01 1.020885000000e-02 7.948692000000e-01 7.623592000000e+01
7.722395000000e-01 -1.642356000000e-02 6.351193000000e-01 6.852965000000e+00 2.055808000000e-02 9.997883000000e-01 8.570305000000e-04 -8.436503000000e-01 -6.349988000000e-01 1.239500000000e-02 7.724136000000e-01 7.694187000000e+01
7.490502000000e-01 -1.930171000000e-02 6.622321000000e-01 7.469758000000e+00 2.196146000000e-02 9.997496000000e-01 4.298553000000e-03 -8.507153000000e-01 -6.621492000000e-01 1.132375000000e-02 7.492864000000e-01 7.762714000000e+01
7.247325000000e-01 -1.953835000000e-02 6.887533000000e-01 8.102844000000e+00 2.116676000000e-02 9.997574000000e-01 6.088352000000e-03 -8.620809000000e-01 -6.887052000000e-01 1.016625000000e-02 7.249702000000e-01 7.828406000000e+01
6.994597000000e-01 -1.826382000000e-02 7.144387000000e-01 8.750799000000e+00 2.269947000000e-02 9.997368000000e-01 3.333600000000e-03 -8.702408000000e-01 -7.143114000000e-01 1.388565000000e-02 6.996901000000e-01 7.890590000000e+01
6.733401000000e-01 -1.581716000000e-02 7.391637000000e-01 9.420955000000e+00 2.290921000000e-02 9.997374000000e-01 5.239928000000e-04 -8.762188000000e-01 -7.389778000000e-01 1.658082000000e-02 6.735256000000e-01 7.950640000000e+01
6.464027000000e-01 -1.342373000000e-02 7.628783000000e-01 1.010937000000e+01 2.085704000000e-02 9.997824000000e-01 -8.027689000000e-05 -8.844685000000e-01 -7.627113000000e-01 1.596327000000e-02 6.465420000000e-01 8.008158000000e+01
6.186204000000e-01 -1.239589000000e-02 7.855922000000e-01 1.082345000000e+01 2.120024000000e-02 9.997748000000e-01 -9.188054000000e-04 -8.963087000000e-01 -7.854039000000e-01 1.722313000000e-02 6.187439000000e-01 8.063432000000e+01
5.901006000000e-01 -6.313377000000e-03 8.073051000000e-01 1.155404000000e+01 2.023865000000e-02 9.997708000000e-01 -6.974943000000e-03 -9.103951000000e-01 -8.070760000000e-01 2.045467000000e-02 5.900931000000e-01 8.116168000000e+01
5.602449000000e-01 2.835353000000e-03 8.283222000000e-01 1.229823000000e+01 1.892332000000e-02 9.996893000000e-01 -1.622094000000e-02 -9.440788000000e-01 -8.281109000000e-01 2.476230000000e-02 5.600171000000e-01 8.167543000000e+01
5.295973000000e-01 1.127181000000e-02 8.481743000000e-01 1.306621000000e+01 1.835654000000e-02 9.995252000000e-01 -2.474496000000e-02 -9.899750000000e-01 -8.480505000000e-01 2.867440000000e-02 5.291390000000e-01 8.217844000000e+01
4.980180000000e-01 1.631846000000e-02 8.670132000000e-01 1.385636000000e+01 1.612194000000e-02 9.994759000000e-01 -2.807216000000e-02 -1.044292000000e+00 -8.670168000000e-01 2.795836000000e-02 4.974939000000e-01 8.266054000000e+01
4.656619000000e-01 1.582819000000e-02 8.848212000000e-01 1.467086000000e+01 1.381362000000e-02 9.995882000000e-01 -2.515102000000e-02 -1.091171000000e+00 -8.848548000000e-01 2.393445000000e-02 4.652515000000e-01 8.310277000000e+01
4.327521000000e-01 1.418518000000e-02 9.014014000000e-01 1.550495000000e+01 9.386123000000e-03 9.997511000000e-01 -2.023906000000e-02 -1.141769000000e+00 -9.014641000000e-01 1.721915000000e-02 4.325112000000e-01 8.352640000000e+01
3.985676000000e-01 1.506852000000e-02 9.170152000000e-01 1.635188000000e+01 5.370069000000e-03 9.998095000000e-01 -1.876304000000e-02 -1.182920000000e+00 -9.171232000000e-01 1.240277000000e-02 3.984108000000e-01 8.390596000000e+01
3.634390000000e-01 1.801940000000e-02 9.314438000000e-01 1.721884000000e+01 -1.324542000000e-03 9.998219000000e-01 -1.882540000000e-02 -1.223975000000e+00 -9.316170000000e-01 5.608144000000e-03 3.633981000000e-01 8.426630000000e+01
3.276884000000e-01 2.019548000000e-02 9.445700000000e-01 1.810134000000e+01 -6.744494000000e-03 9.997960000000e-01 -1.903646000000e-02 -1.258474000000e+00 -9.447617000000e-01 -1.326205000000e-04 3.277578000000e-01 8.458881000000e+01
2.915840000000e-01 1.934555000000e-02 9.563496000000e-01 1.900345000000e+01 -9.648340000000e-03 9.998041000000e-01 -1.728287000000e-02 -1.292921000000e+00 -9.564965000000e-01 -4.187781000000e-03 2.917135000000e-01 8.487369000000e+01
2.554161000000e-01 1.898680000000e-02 9.666448000000e-01 1.992032000000e+01 -1.046188000000e-02 9.998029000000e-01 -1.687376000000e-02 -1.333845000000e+00 -9.667746000000e-01 -5.803097000000e-03 2.555644000000e-01 8.512286000000e+01
2.195925000000e-01 1.816829000000e-02 9.754225000000e-01 2.085317000000e+01 -9.854782000000e-03 9.998169000000e-01 -1.640410000000e-02 -1.389328000000e+00 -9.755419000000e-01 -6.010360000000e-03 2.197313000000e-01 8.533947000000e+01
1.842613000000e-01 1.726802000000e-02 9.827256000000e-01 2.179622000000e+01 -7.939294000000e-03 9.998392000000e-01 -1.608012000000e-02 -1.441902000000e+00 -9.828452000000e-01 -4.839206000000e-03 1.843688000000e-01 8.551592000000e+01
1.497064000000e-01 1.548325000000e-02 9.886093000000e-01 2.274979000000e+01 -4.622691000000e-04 9.998783000000e-01 -1.558975000000e-02 -1.487418000000e+00 -9.887303000000e-01 1.876878000000e-03 1.496954000000e-01 8.565402000000e+01
1.161094000000e-01 1.870304000000e-02 9.930603000000e-01 2.370411000000e+01 3.197353000000e-03 9.998105000000e-01 -1.920401000000e-02 -1.536455000000e+00 -9.932312000000e-01 5.404927000000e-03 1.160276000000e-01 8.575774000000e+01
8.347086000000e-02 2.449840000000e-02 9.962091000000e-01 2.466336000000e+01 3.600780000000e-03 9.996838000000e-01 -2.488556000000e-02 -1.578857000000e+00 -9.965037000000e-01 5.664345000000e-03 8.335625000000e-02 8.583875000000e+01
5.411487000000e-02 2.811233000000e-02 9.981389000000e-01 2.562625000000e+01 1.029633000000e-02 9.995347000000e-01 -2.870987000000e-02 -1.637414000000e+00 -9.984816000000e-01 1.183079000000e-02 5.380024000000e-02 8.588405000000e+01
2.844833000000e-02 2.769310000000e-02 9.992116000000e-01 2.659670000000e+01 1.316383000000e-02 9.995191000000e-01 -2.807641000000e-02 -1.686769000000e+00 -9.995085000000e-01 1.395218000000e-02 2.807010000000e-02 8.590350000000e+01
5.896436000000e-03 2.376380000000e-02 9.997002000000e-01 2.757774000000e+01 1.408032000000e-02 9.996165000000e-01 -2.384486000000e-02 -1.740061000000e+00 -9.998834000000e-01 1.421669000000e-02 5.559573000000e-03 8.590820000000e+01
-1.322891000000e-02 2.055410000000e-02 9.997012000000e-01 2.856061000000e+01 1.436558000000e-02 9.996894000000e-01 -2.036377000000e-02 -1.785582000000e+00 -9.998093000000e-01 1.409189000000e-02 -1.352007000000e-02 8.589204000000e+01
-2.974218000000e-02 2.343909000000e-02 9.992828000000e-01 2.953912000000e+01 1.629226000000e-02 9.996036000000e-01 -2.296170000000e-02 -1.850372000000e+00 -9.994248000000e-01 1.559764000000e-02 -3.011226000000e-02 8.586002000000e+01
-4.451169000000e-02 2.917319000000e-02 9.985828000000e-01 3.052056000000e+01 1.897167000000e-02 9.994179000000e-01 -2.835194000000e-02 -1.910044000000e+00 -9.988287000000e-01 1.768279000000e-02 -4.503924000000e-02 8.580960000000e+01
-5.644683000000e-02 3.313707000000e-02 9.978556000000e-01 3.150611000000e+01 2.335369000000e-02 9.992194000000e-01 -3.186129000000e-02 -1.968582000000e+00 -9.981324000000e-01 2.150513000000e-02 -5.717664000000e-02 8.574610000000e+01
-6.558728000000e-02 3.696838000000e-02 9.971618000000e-01 3.249553000000e+01 2.936162000000e-02 9.989522000000e-01 -3.510353000000e-02 -2.034292000000e+00 -9.974147000000e-01 2.697593000000e-02 -6.660401000000e-02 8.566974000000e+01
-7.133181000000e-02 4.201284000000e-02 9.965675000000e-01 3.348523000000e+01 3.294277000000e-02 9.986667000000e-01 -3.974338000000e-02 -2.096511000000e+00 -9.969085000000e-01 2.999472000000e-02 -7.262072000000e-02 8.558750000000e+01
-7.497980000000e-02 4.736707000000e-02 9.960595000000e-01 3.447574000000e+01 3.484801000000e-02 9.983855000000e-01 -4.485447000000e-02 -2.165170000000e+00 -9.965759000000e-01 3.134750000000e-02 -7.650939000000e-02 8.550585000000e+01
-7.772054000000e-02 5.100177000000e-02 9.956698000000e-01 3.547392000000e+01 3.710220000000e-02 9.981468000000e-01 -4.823252000000e-02 -2.230292000000e+00 -9.962845000000e-01 3.319288000000e-02 -7.946878000000e-02 8.541929000000e+01
-8.041092000000e-02 5.455562000000e-02 9.952677000000e-01 3.647409000000e+01 3.755346000000e-02 9.979579000000e-01 -5.166903000000e-02 -2.302430000000e+00 -9.960541000000e-01 3.322099000000e-02 -8.229546000000e-02 8.533282000000e+01
-8.277044000000e-02 5.712855000000e-02 9.949299000000e-01 3.747623000000e+01 3.843787000000e-02 9.977957000000e-01 -5.409539000000e-02 -2.372412000000e+00 -9.958270000000e-01 3.376548000000e-02 -8.478388000000e-02 8.524353000000e+01
-8.466798000000e-02 6.126156000000e-02 9.945242000000e-01 3.847939000000e+01 3.950431000000e-02 9.975298000000e-01 -5.808354000000e-02 -2.446547000000e+00 -9.956258000000e-01 3.437017000000e-02 -8.687892000000e-02 8.515093000000e+01
-8.668535000000e-02 6.295573000000e-02 9.942446000000e-01 3.948794000000e+01 4.222097000000e-02 9.973368000000e-01 -5.947041000000e-02 -2.531911000000e+00 -9.953406000000e-01 3.682275000000e-02 -8.911253000000e-02 8.504711000000e+01
-8.870577000000e-02 6.205828000000e-02 9.941228000000e-01 4.050491000000e+01 4.252210000000e-02 9.973833000000e-01 -5.846758000000e-02 -2.620466000000e+00 -9.951498000000e-01 3.708576000000e-02 -9.111249000000e-02 8.494335000000e+01
-9.119746000000e-02 6.078595000000e-02 9.939759000000e-01 4.152314000000e+01 4.136854000000e-02 9.975049000000e-01 -5.720620000000e-02 -2.703793000000e+00 -9.949732000000e-01 3.590226000000e-02 -9.348453000000e-02 8.484011000000e+01
-9.318044000000e-02 6.236751000000e-02 9.936940000000e-01 4.254154000000e+01 4.189171000000e-02 9.973979000000e-01 -5.867174000000e-02 -2.782434000000e+00 -9.947675000000e-01 3.616047000000e-02 -9.555066000000e-02 8.473340000000e+01
-9.565326000000e-02 6.425885000000e-02 9.933385000000e-01 4.356321000000e+01 4.068653000000e-02 9.973326000000e-01 -6.059934000000e-02 -2.862846000000e+00 -9.945828000000e-01 3.461896000000e-02 -9.801257000000e-02 8.462639000000e+01
-9.826735000000e-02 6.680700000000e-02 9.929151000000e-01 4.459161000000e+01 3.932738000000e-02 9.972254000000e-01 -6.320485000000e-02 -2.947049000000e+00 -9.943826000000e-01 3.283776000000e-02 -1.006220000000e-01 8.451273000000e+01
-1.008219000000e-01 7.017314000000e-02 9.924267000000e-01 4.562390000000e+01 3.714918000000e-02 9.970794000000e-01 -6.672811000000e-02 -3.034107000000e+00 -9.942106000000e-01 3.014017000000e-02 -1.031343000000e-01 8.439616000000e+01
-1.030371000000e-01 7.454546000000e-02 9.918802000000e-01 4.665834000000e+01 3.383043000000e-02 9.968734000000e-01 -7.140641000000e-02 -3.121719000000e+00 -9.941020000000e-01 2.619821000000e-02 -1.052369000000e-01 8.428026000000e+01
-1.055615000000e-01 7.713973000000e-02 9.914163000000e-01 4.769859000000e+01 3.158554000000e-02 9.967437000000e-01 -7.419117000000e-02 -3.212409000000e+00 -9.939110000000e-01 2.348268000000e-02 -1.076543000000e-01 8.415974000000e+01
-1.082516000000e-01 7.568366000000e-02 9.912384000000e-01 4.874265000000e+01 2.980113000000e-02 9.968967000000e-01 -7.286116000000e-02 -3.300682000000e+00 -9.936767000000e-01 2.165268000000e-02 -1.101712000000e-01 8.403799000000e+01
-1.113399000000e-01 7.123111000000e-02 9.912263000000e-01 4.979767000000e+01 2.642006000000e-02 9.972875000000e-01 -6.869905000000e-02 -3.399467000000e+00 -9.934311000000e-01 1.853930000000e-02 -1.129199000000e-01 8.391179000000e+01
-1.139163000000e-01 6.959566000000e-02 9.910497000000e-01 5.085130000000e+01 2.627206000000e-02 9.974055000000e-01 -6.702216000000e-02 -3.491219000000e+00 -9.931429000000e-01 1.840200000000e-02 -1.154491000000e-01 8.378036000000e+01
-1.158250000000e-01 6.985040000000e-02 9.908106000000e-01 5.190709000000e+01 2.598171000000e-02 9.973959000000e-01 -6.727743000000e-02 -3.581332000000e+00 -9.929297000000e-01 1.795053000000e-02 -1.173382000000e-01 8.364593000000e+01
-1.171497000000e-01 7.263404000000e-02 9.904546000000e-01 5.296284000000e+01 2.737638000000e-02 9.971790000000e-01 -6.988915000000e-02 -3.668473000000e+00 -9.927368000000e-01 1.892756000000e-02 -1.188076000000e-01 8.350873000000e+01
-1.177716000000e-01 7.541683000000e-02 9.901728000000e-01 5.402128000000e+01 2.790440000000e-02 9.969695000000e-01 -7.261556000000e-02 -3.758476000000e+00 -9.926485000000e-01 1.907812000000e-02 -1.195192000000e-01 8.337012000000e+01
-1.182043000000e-01 7.659691000000e-02 9.900307000000e-01 5.508951000000e+01 2.708114000000e-02 9.968982000000e-01 -7.389492000000e-02 -3.853303000000e+00 -9.926199000000e-01 1.807646000000e-02 -1.199119000000e-01 8.323118000000e+01
-1.180776000000e-01 7.482940000000e-02 9.901809000000e-01 5.616217000000e+01 2.374347000000e-02 9.970843000000e-01 -7.251974000000e-02 -3.946919000000e+00 -9.927204000000e-01 1.494737000000e-02 -1.195100000000e-01 8.309674000000e+01
-1.183116000000e-01 7.450330000000e-02 9.901776000000e-01 5.723648000000e+01 1.999762000000e-02 9.971578000000e-01 -7.263910000000e-02 -4.043440000000e+00 -9.927751000000e-01 1.120714000000e-02 -1.194652000000e-01 8.296320000000e+01
-1.184144000000e-01 7.536459000000e-02 9.901001000000e-01 5.831225000000e+01 1.629358000000e-02 9.971287000000e-01 -7.395092000000e-02 -4.137484000000e+00 -9.928305000000e-01 7.375422000000e-03 -1.193023000000e-01 8.283188000000e+01
-1.187915000000e-01 7.570440000000e-02 9.900290000000e-01 5.939428000000e+01 1.225761000000e-02 9.971250000000e-01 -7.477625000000e-02 -4.235523000000e+00 -9.928435000000e-01 3.252604000000e-03 -1.193779000000e-01 8.269832000000e+01
-1.192827000000e-01 7.481209000000e-02 9.900378000000e-01 6.048415000000e+01 8.649815000000e-03 9.971976000000e-01 -7.431098000000e-02 -4.332877000000e+00 -9.928226000000e-01 -3.003721000000e-04 -1.195955000000e-01 8.256445000000e+01
-1.196761000000e-01 6.989088000000e-02 9.903499000000e-01 6.158947000000e+01 8.554825000000e-03 9.975546000000e-01 -6.936556000000e-02 -4.427686000000e+00 -9.927761000000e-01 1.708706000000e-04 -1.199813000000e-01 8.242007000000e+01
-1.199740000000e-01 6.147785000000e-02 9.908717000000e-01 6.269201000000e+01 1.156217000000e-02 9.980996000000e-01 -6.052637000000e-02 -4.507440000000e+00 -9.927097000000e-01 4.195035000000e-03 -1.204568000000e-01 8.227636000000e+01
-1.199894000000e-01 5.482827000000e-02 9.912600000000e-01 6.380163000000e+01 1.624666000000e-02 9.984485000000e-01 -5.325927000000e-02 -4.575110000000e+00 -9.926422000000e-01 9.714108000000e-03 -1.206940000000e-01 8.212657000000e+01
-1.191900000000e-01 5.753560000000e-02 9.912030000000e-01 6.490299000000e+01 2.502529000000e-02 9.981765000000e-01 -5.493116000000e-02 -4.637324000000e+00 -9.925560000000e-01 1.825789000000e-02 -1.204125000000e-01 8.197173000000e+01
-1.179477000000e-01 6.349043000000e-02 9.909881000000e-01 6.600675000000e+01 3.117512000000e-02 9.976988000000e-01 -6.020991000000e-02 -4.698824000000e+00 -9.925303000000e-01 2.379254000000e-02 -1.196556000000e-01 8.181847000000e+01
-1.170727000000e-01 6.916153000000e-02 9.907122000000e-01 6.711535000000e+01 3.455186000000e-02 9.972519000000e-01 -6.553508000000e-02 -4.769758000000e+00 -9.925221000000e-01 2.655857000000e-02 -1.191407000000e-01 8.167129000000e+01
-1.163451000000e-01 7.294952000000e-02 9.905262000000e-01 6.822842000000e+01 3.564820000000e-02 9.969631000000e-01 -6.923643000000e-02 -4.848159000000e+00 -9.925689000000e-01 2.725515000000e-02 -1.185923000000e-01 8.152737000000e+01
-1.163709000000e-01 7.198808000000e-02 9.905936000000e-01 6.935294000000e+01 3.285757000000e-02 9.971029000000e-01 -6.860117000000e-02 -4.927907000000e+00 -9.926621000000e-01 2.456532000000e-02 -1.183991000000e-01 8.138834000000e+01
-1.161347000000e-01 6.691418000000e-02 9.909769000000e-01 7.048500000000e+01 3.072070000000e-02 9.974927000000e-01 -6.375393000000e-02 -5.011017000000e+00 -9.927582000000e-01 2.303945000000e-02 -1.178991000000e-01 8.124871000000e+01
-1.159475000000e-01 6.394350000000e-02 9.911950000000e-01 7.162116000000e+01 2.916131000000e-02 9.977145000000e-01 -6.095288000000e-02 -5.086994000000e+00 -9.928271000000e-01 2.183720000000e-02 -1.175472000000e-01 8.111025000000e+01
-1.158279000000e-01 6.476000000000e-02 9.911559000000e-01 7.275311000000e+01 2.780437000000e-02 9.976926000000e-01 -6.193785000000e-02 -5.162949000000e+00 -9.928800000000e-01 2.038433000000e-02 -1.173612000000e-01 8.097266000000e+01
-1.156249000000e-01 6.921292000000e-02 9.908787000000e-01 7.388909000000e+01 2.803964000000e-02 9.973992000000e-01 -6.639647000000e-02 -5.241054000000e+00 -9.928971000000e-01 2.010678000000e-02 -1.172649000000e-01 8.083141000000e+01
-1.149327000000e-01 7.314930000000e-02 9.906764000000e-01 7.502755000000e+01 2.837532000000e-02 9.971199000000e-01 -7.033314000000e-02 -5.323826000000e+00 -9.929679000000e-01 2.002718000000e-02 -1.166773000000e-01 8.068962000000e+01
-1.145607000000e-01 7.215451000000e-02 9.907924000000e-01 7.617779000000e+01 2.843230000000e-02 9.971883000000e-01 -6.933281000000e-02 -5.409080000000e+00 -9.930092000000e-01 2.022768000000e-02 -1.162901000000e-01 8.054753000000e+01
-1.140320000000e-01 6.411854000000e-02 9.914059000000e-01 7.733948000000e+01 2.957171000000e-02 9.976920000000e-01 -6.112375000000e-02 -5.493650000000e+00 -9.930368000000e-01 2.234750000000e-02 -1.156649000000e-01 8.040286000000e+01
-1.142248000000e-01 6.325840000000e-02 9.914389000000e-01 7.849684000000e+01 2.937545000000e-02 9.977493000000e-01 -6.027667000000e-02 -5.575395000000e+00 -9.930205000000e-01 2.223887000000e-02 -1.158259000000e-01 8.026070000000e+01
-1.141173000000e-01 6.638015000000e-02 9.912472000000e-01 7.965385000000e+01 2.721180000000e-02 9.975997000000e-01 -6.367282000000e-02 -5.653289000000e+00 -9.930945000000e-01 1.970744000000e-02 -1.156497000000e-01 8.012242000000e+01
-1.138666000000e-01 6.956512000000e-02 9.910576000000e-01 8.081443000000e+01 2.669236000000e-02 9.973996000000e-01 -6.694351000000e-02 -5.733271000000e+00 -9.931374000000e-01 1.883103000000e-02 -1.154274000000e-01 7.998194000000e+01
-1.137738000000e-01 6.906425000000e-02 9.911033000000e-01 8.198866000000e+01 2.583138000000e-02 9.974492000000e-01 -6.654116000000e-02 -5.820181000000e+00 -9.931708000000e-01 1.803092000000e-02 -1.152676000000e-01 7.984084000000e+01
-1.133275000000e-01 6.578657000000e-02 9.913774000000e-01 8.314911000000e+01 2.502350000000e-02 9.976780000000e-01 -6.334417000000e-02 -5.906836000000e+00 -9.932425000000e-01 1.762909000000e-02 -1.147106000000e-01 7.970180000000e+01
-1.123304000000e-01 6.450052000000e-02 9.915753000000e-01 8.431156000000e+01 2.587357000000e-02 9.977425000000e-01 -6.197062000000e-02 -5.991644000000e+00 -9.933340000000e-01 1.869440000000e-02 -1.137457000000e-01 7.956056000000e+01
-1.108700000000e-01 6.472693000000e-02 9.917249000000e-01 8.548133000000e+01 2.733133000000e-02 9.976980000000e-01 -6.206128000000e-02 -6.073437000000e+00 -9.934590000000e-01 2.022442000000e-02 -1.123838000000e-01 7.941861000000e+01
-1.096846000000e-01 6.518914000000e-02 9.918265000000e-01 8.665574000000e+01 3.006997000000e-02 9.976079000000e-01 -6.224375000000e-02 -6.143337000000e+00 -9.935115000000e-01 2.299701000000e-02 -1.113824000000e-01 7.927416000000e+01
-1.085184000000e-01 6.474185000000e-02 9.919840000000e-01 8.784314000000e+01 2.975946000000e-02 9.976413000000e-01 -6.185554000000e-02 -6.220092000000e+00 -9.936489000000e-01 2.280844000000e-02 -1.101891000000e-01 7.913297000000e+01
-1.071260000000e-01 6.555051000000e-02 9.920823000000e-01 8.903034000000e+01 3.105347000000e-02 9.975580000000e-01 -6.255914000000e-02 -6.292724000000e+00 -9.937603000000e-01 2.410588000000e-02 -1.089000000000e-01 7.899178000000e+01
-1.060845000000e-01 6.303828000000e-02 9.923569000000e-01 9.023925000000e+01 3.127932000000e-02 9.977061000000e-01 -6.003429000000e-02 -6.375416000000e+00 -9.938650000000e-01 2.467154000000e-02 -1.078129000000e-01 7.885004000000e+01
-1.050696000000e-01 6.244270000000e-02 9.925026000000e-01 9.145274000000e+01 2.995006000000e-02 9.977727000000e-01 -5.960367000000e-02 -6.458889000000e+00 -9.940137000000e-01 2.346297000000e-02 -1.067057000000e-01 7.871205000000e+01
-1.037604000000e-01 6.200648000000e-02 9.926676000000e-01 9.266639000000e+01 3.098535000000e-02 9.977718000000e-01 -5.908652000000e-02 -6.542150000000e+00 -9.941195000000e-01 2.462730000000e-02 -1.054505000000e-01 7.857336000000e+01
-1.021775000000e-01 6.256298000000e-02 9.927969000000e-01 9.388743000000e+01 2.941137000000e-02 9.977740000000e-01 -5.984965000000e-02 -6.627664000000e+00 -9.943313000000e-01 2.308422000000e-02 -1.037901000000e-01 7.843781000000e+01
-1.006056000000e-01 6.553057000000e-02 9.927660000000e-01 9.510911000000e+01 2.978588000000e-02 9.975797000000e-01 -6.282986000000e-02 -6.713115000000e+00 -9.944804000000e-01 2.324936000000e-02 -1.023140000000e-01 7.830262000000e+01
-9.945430000000e-02 6.530825000000e-02 9.928966000000e-01 9.633804000000e+01 2.801108000000e-02 9.976321000000e-01 -6.281398000000e-02 -6.798660000000e+00 -9.946477000000e-01 2.156498000000e-02 -1.010481000000e-01 7.817155000000e+01
-9.903252000000e-02 6.264174000000e-02 9.931106000000e-01 9.756935000000e+01 2.388010000000e-02 9.978788000000e-01 -6.056120000000e-02 -6.882331000000e+00 -9.947976000000e-01 1.771805000000e-02 -1.003183000000e-01 7.805765000000e+01
-9.886702000000e-02 6.376206000000e-02 9.930558000000e-01 9.880208000000e+01 2.145327000000e-02 9.978496000000e-01 -6.193402000000e-02 -6.966266000000e+00 -9.948693000000e-01 1.518106000000e-02 -1.000223000000e-01 7.793983000000e+01
-9.915247000000e-02 6.387177000000e-02 9.930203000000e-01 1.000429000000e+02 1.887214000000e-02 9.978790000000e-01 -6.229993000000e-02 -7.052411000000e+00 -9.948932000000e-01 1.256322000000e-02 -1.001476000000e-01 7.782180000000e+01
-1.002303000000e-01 6.081209000000e-02 9.931041000000e-01 1.012886000000e+02 1.600489000000e-02 9.980998000000e-01 -5.950270000000e-02 -7.138670000000e+00 -9.948355000000e-01 9.930544000000e-03 -1.010131000000e-01 7.769989000000e+01
-1.015079000000e-01 5.933445000000e-02 9.930638000000e-01 1.025376000000e+02 1.383515000000e-02 9.982074000000e-01 -5.822760000000e-02 -7.224808000000e+00 -9.947385000000e-01 7.828622000000e-03 -1.021469000000e-01 7.757772000000e+01
-1.028405000000e-01 5.871368000000e-02 9.929635000000e-01 1.037849000000e+02 1.216107000000e-02 9.982560000000e-01 -5.776712000000e-02 -7.308559000000e+00 -9.946235000000e-01 6.134700000000e-03 -1.033751000000e-01 7.745043000000e+01
-1.045565000000e-01 5.860639000000e-02 9.927907000000e-01 1.050341000000e+02 1.185647000000e-02 9.982646000000e-01 -5.768087000000e-02 -7.394646000000e+00 -9.944482000000e-01 5.740074000000e-03 -1.050700000000e-01 7.731942000000e+01
-1.068276000000e-01 5.728775000000e-02 9.926258000000e-01 1.062831000000e+02 1.215405000000e-02 9.983394000000e-01 -5.630947000000e-02 -7.478364000000e+00 -9.942032000000e-01 6.049008000000e-03 -1.073465000000e-01 7.718259000000e+01
-1.098782000000e-01 5.235797000000e-02 9.925651000000e-01 1.075331000000e+02 8.644135000000e-03 9.986242000000e-01 -5.172068000000e-02 -7.561306000000e+00 -9.939074000000e-01 2.896888000000e-03 -1.101796000000e-01 7.704728000000e+01
-1.139706000000e-01 5.194301000000e-02 9.921253000000e-01 1.087743000000e+02 8.262714000000e-03 9.986473000000e-01 -5.133530000000e-02 -7.641329000000e+00 -9.934497000000e-01 2.346930000000e-03 -1.142456000000e-01 7.690436000000e+01
-1.195938000000e-01 5.673661000000e-02 9.912005000000e-01 1.100019000000e+02 2.541051000000e-03 9.983800000000e-01 -5.684099000000e-02 -7.722951000000e+00 -9.928196000000e-01 -4.279140000000e-03 -1.195442000000e-01 7.676378000000e+01
-1.267574000000e-01 6.210592000000e-02 9.899876000000e-01 1.112386000000e+02 3.716825000000e-03 9.980607000000e-01 -6.213650000000e-02 -7.807969000000e+00 -9.919267000000e-01 -4.196651000000e-03 -1.267424000000e-01 7.660787000000e+01
-1.357632000000e-01 5.923628000000e-02 9.889689000000e-01 1.124618000000e+02 6.028125000000e-03 9.982419000000e-01 -5.896419000000e-02 -7.896792000000e+00 -9.907229000000e-01 -2.043545000000e-03 -1.358816000000e-01 7.643702000000e+01
-1.468222000000e-01 5.383870000000e-02 9.876967000000e-01 1.136907000000e+02 5.285012000000e-03 9.985461000000e-01 -5.364448000000e-02 -7.983049000000e+00 -9.891487000000e-01 -2.656214000000e-03 -1.468933000000e-01 7.625308000000e+01
-1.594597000000e-01 5.569923000000e-02 9.856319000000e-01 1.149114000000e+02 7.842035000000e-03 9.984470000000e-01 -5.515472000000e-02 -8.061834000000e+00 -9.871732000000e-01 -1.065599000000e-03 -1.596488000000e-01 7.604901000000e+01
-1.737504000000e-01 5.634415000000e-02 9.831766000000e-01 1.161296000000e+02 9.453501000000e-03 9.984113000000e-01 -5.554659000000e-02 -8.141038000000e+00 -9.847443000000e-01 -3.567834000000e-04 -1.740070000000e-01 7.582078000000e+01
-1.884259000000e-01 5.405645000000e-02 9.805986000000e-01 1.173410000000e+02 9.523557000000e-03 9.985376000000e-01 -5.321538000000e-02 -8.223598000000e+00 -9.820412000000e-01 -6.883714000000e-04 -1.886651000000e-01 7.558130000000e+01
-2.036572000000e-01 5.590004000000e-02 9.774451000000e-01 1.185414000000e+02 1.458706000000e-02 9.984311000000e-01 -5.406093000000e-02 -8.306282000000e+00 -9.789336000000e-01 3.248151000000e-03 -2.041530000000e-01 7.531661000000e+01
-2.190626000000e-01 5.932381000000e-02 9.739057000000e-01 1.197281000000e+02 1.460824000000e-02 9.982374000000e-01 -5.752009000000e-02 -8.388866000000e+00 -9.756014000000e-01 1.626542000000e-03 -2.195431000000e-01 7.504274000000e+01
-2.343892000000e-01 6.389957000000e-02 9.700405000000e-01 1.209037000000e+02 1.493501000000e-02 9.979563000000e-01 -6.212977000000e-02 -8.474808000000e+00 -9.720281000000e-01 -7.498799000000e-05 -2.348645000000e-01 7.475130000000e+01
-2.506675000000e-01 6.208529000000e-02 9.660804000000e-01 1.220798000000e+02 1.136813000000e-02 9.980613000000e-01 -6.119089000000e-02 -8.561332000000e+00 -9.680065000000e-01 -4.356038000000e-03 -2.508873000000e-01 7.444731000000e+01
-2.670267000000e-01 5.550955000000e-02 9.620891000000e-01 1.232631000000e+02 5.398909000000e-03 9.984102000000e-01 -5.610671000000e-02 -8.644916000000e+00 -9.636740000000e-01 -9.787759000000e-03 -2.669018000000e-01 7.412704000000e+01
-2.830064000000e-01 5.113256000000e-02 9.577541000000e-01 1.244375000000e+02 1.087702000000e-03 9.985943000000e-01 -5.299155000000e-02 -8.723087000000e+00 -9.591174000000e-01 -1.395520000000e-02 -2.826642000000e-01 7.378566000000e+01
-2.984538000000e-01 5.237678000000e-02 9.529859000000e-01 1.255966000000e+02 -6.646978000000e-04 9.984814000000e-01 -5.508542000000e-02 -8.799145000000e+00 -9.544238000000e-01 -1.707390000000e-02 -2.979657000000e-01 7.342718000000e+01
-3.131229000000e-01 5.450156000000e-02 9.481475000000e-01 1.267459000000e+02 -8.339620000000e-04 9.983358000000e-01 -5.766192000000e-02 -8.874807000000e+00 -9.497122000000e-01 -1.884598000000e-02 -3.125563000000e-01 7.304799000000e+01
-3.271078000000e-01 5.623719000000e-02 9.433122000000e-01 1.278828000000e+02 5.194592000000e-04 9.982382000000e-01 -5.933158000000e-02 -8.954510000000e+00 -9.449869000000e-01 -1.891781000000e-02 -3.265607000000e-01 7.265186000000e+01
-3.413455000000e-01 5.661713000000e-02 9.382312000000e-01 1.290149000000e+02 2.514476000000e-03 9.982356000000e-01 -5.932327000000e-02 -9.035824000000e+00 -9.399345000000e-01 -1.789057000000e-02 -3.408856000000e-01 7.223590000000e+01
-3.555538000000e-01 5.435651000000e-02 9.330739000000e-01 1.301383000000e+02 2.025469000000e-03 9.983499000000e-01 -5.738738000000e-02 -9.118396000000e+00 -9.346536000000e-01 -1.851439000000e-02 -3.550772000000e-01 7.180658000000e+01
-3.701034000000e-01 5.298037000000e-02 9.274786000000e-01 1.312536000000e+02 1.738222000000e-03 9.984102000000e-01 -5.633858000000e-02 -9.199095000000e+00 -9.289889000000e-01 -1.923894000000e-02 -3.696071000000e-01 7.136168000000e+01
-3.850383000000e-01 5.379297000000e-02 9.213316000000e-01 1.323546000000e+02 1.404929000000e-04 9.983033000000e-01 -5.822835000000e-02 -9.279118000000e+00 -9.229006000000e-01 -2.229070000000e-02 -3.843925000000e-01 7.090448000000e+01
-3.998406000000e-01 5.665126000000e-02 9.148323000000e-01 1.334422000000e+02 1.254572000000e-03 9.981210000000e-01 -6.126063000000e-02 -9.359054000000e+00 -9.165838000000e-01 -2.334676000000e-02 -3.991603000000e-01 7.042848000000e+01
-4.147639000000e-01 5.782533000000e-02 9.080898000000e-01 1.345288000000e+02 1.957902000000e-03 9.980331000000e-01 -6.265849000000e-02 -9.441782000000e+00 -9.099269000000e-01 -2.421053000000e-02 -4.140613000000e-01 6.993130000000e+01
-4.291460000000e-01 6.062984000000e-02 9.011980000000e-01 1.356043000000e+02 4.536845000000e-03 9.978766000000e-01 -6.497368000000e-02 -9.527433000000e+00 -9.032237000000e-01 -2.379459000000e-02 -4.285098000000e-01 6.941460000000e+01
-4.440749000000e-01 6.369173000000e-02 8.937231000000e-01 1.366762000000e+02 4.605216000000e-03 9.976193000000e-01 -6.880773000000e-02 -9.614880000000e+00 -8.959778000000e-01 -2.644000000000e-02 -4.433110000000e-01 6.888030000000e+01
-4.591859000000e-01 6.647746000000e-02 8.858494000000e-01 1.377420000000e+02 5.241398000000e-03 9.973814000000e-01 -7.213034000000e-02 -9.704590000000e+00 -8.883247000000e-01 -2.847814000000e-02 -4.583319000000e-01 6.832845000000e+01
-4.745463000000e-01 6.377536000000e-02 8.779172000000e-01 1.388096000000e+02 4.079370000000e-03 9.975204000000e-01 -7.025878000000e-02 -9.795509000000e+00 -8.802211000000e-01 -2.975969000000e-02 -4.736297000000e-01 6.775361000000e+01
-4.907005000000e-01 5.958726000000e-02 8.692885000000e-01 1.398723000000e+02 9.702285000000e-04 9.976956000000e-01 -6.784154000000e-02 -9.888913000000e+00 -8.713278000000e-01 -3.244647000000e-02 -4.896275000000e-01 6.716223000000e+01
-5.068055000000e-01 5.910555000000e-02 8.600319000000e-01 1.409268000000e+02 3.201704000000e-04 9.976596000000e-01 -6.837534000000e-02 -9.978781000000e+00 -8.620604000000e-01 -3.437764000000e-02 -5.056382000000e-01 6.654673000000e+01
-5.227946000000e-01 5.862140000000e-02 8.504407000000e-01 1.419671000000e+02 -9.632887000000e-04 9.975914000000e-01 -6.935677000000e-02 -1.006744000000e+01 -8.524581000000e-01 -3.707856000000e-02 -5.214789000000e-01 6.591185000000e+01
-5.386551000000e-01 5.748528000000e-02 8.405630000000e-01 1.430034000000e+02 -1.762478000000e-03 9.975906000000e-01 -6.935370000000e-02 -1.015971000000e+01 -8.425245000000e-01 -3.883919000000e-02 -5.372558000000e-01 6.525392000000e+01
-5.543975000000e-01 5.665967000000e-02 8.303211000000e-01 1.440312000000e+02 -3.289861000000e-03 9.975229000000e-01 -7.026585000000e-02 -1.025440000000e+01 -8.322455000000e-01 -4.168685000000e-02 -5.528378000000e-01 6.457481000000e+01
-5.699025000000e-01 5.633664000000e-02 8.197789000000e-01 1.450446000000e+02 -3.767636000000e-03 9.974573000000e-01 -7.116625000000e-02 -1.034928000000e+01 -8.217037000000e-01 -4.364645000000e-02 -5.682411000000e-01 6.387549000000e+01
-5.852070000000e-01 5.380572000000e-02 8.090969000000e-01 1.460542000000e+02 -4.333161000000e-03 9.975743000000e-01 -6.947377000000e-02 -1.044366000000e+01 -8.108724000000e-01 -4.416248000000e-02 -5.835543000000e-01 6.315165000000e+01
-6.003517000000e-01 4.984753000000e-02 7.981811000000e-01 1.470512000000e+02 -4.691967000000e-03 9.978189000000e-01 -6.584427000000e-02 -1.053685000000e+01 -7.997223000000e-01 -4.327475000000e-02 -5.988083000000e-01 6.240627000000e+01
-6.151770000000e-01 4.798841000000e-02 7.869272000000e-01 1.480355000000e+02 -3.861206000000e-03 9.979504000000e-01 -6.387552000000e-02 -1.062705000000e+01 -7.883796000000e-01 -4.233323000000e-02 -6.137308000000e-01 6.164068000000e+01
-6.300491000000e-01 4.677825000000e-02 7.751451000000e-01 1.490120000000e+02 -4.430473000000e-03 9.979512000000e-01 -6.382526000000e-02 -1.071697000000e+01 -7.765426000000e-01 -4.364730000000e-02 -6.285510000000e-01 6.085284000000e+01
-6.448530000000e-01 4.765821000000e-02 7.628194000000e-01 1.499695000000e+02 -5.932360000000e-03 9.977119000000e-01 -6.734842000000e-02 -1.080867000000e+01 -7.642836000000e-01 -4.795514000000e-02 -6.430947000000e-01 6.004930000000e+01
-6.601554000000e-01 4.807287000000e-02 7.495892000000e-01 1.509179000000e+02 -7.959097000000e-03 9.974461000000e-01 -7.097801000000e-02 -1.090070000000e+01 -7.510869000000e-01 -5.282256000000e-02 -6.580868000000e-01 5.922635000000e+01
-6.759769000000e-01 4.389162000000e-02 7.356145000000e-01 1.518570000000e+02 -1.026709000000e-02 9.975668000000e-01 -6.895616000000e-02 -1.099532000000e+01 -7.368512000000e-01 -5.416538000000e-02 -6.738815000000e-01 5.837761000000e+01
-6.920178000000e-01 3.666505000000e-02 7.209487000000e-01 1.527818000000e+02 -1.387299000000e-02 9.978494000000e-01 -6.406359000000e-02 -1.108992000000e+01 -7.217471000000e-01 -5.433486000000e-02 -6.900208000000e-01 5.750416000000e+01
-7.087861000000e-01 3.354619000000e-02 7.046254000000e-01 1.536878000000e+02 -1.554520000000e-02 9.978833000000e-01 -6.314479000000e-02 -1.118205000000e+01 -7.052521000000e-01 -5.570968000000e-02 -7.067643000000e-01 5.660812000000e+01
-7.261680000000e-01 3.174083000000e-02 6.867843000000e-01 1.545733000000e+02 -1.701688000000e-02 9.977979000000e-01 -6.410755000000e-02 -1.126982000000e+01 -6.873067000000e-01 -5.823976000000e-02 -7.240287000000e-01 5.568878000000e+01
-7.436033000000e-01 2.726223000000e-02 6.680651000000e-01 1.554368000000e+02 -2.066737000000e-02 9.977537000000e-01 -6.372032000000e-02 -1.136018000000e+01 -6.683016000000e-01 -6.118978000000e-02 -7.413695000000e-01 5.474664000000e+01
-7.603254000000e-01 2.534661000000e-02 6.490477000000e-01 1.562981000000e+02 -2.095143000000e-02 9.977614000000e-01 -6.350810000000e-02 -1.144851000000e+01 -6.492044000000e-01 -6.188529000000e-02 -7.580922000000e-01 5.377203000000e+01
-7.763938000000e-01 2.696189000000e-02 6.296712000000e-01 1.571378000000e+02 -1.901017000000e-02 9.976281000000e-01 -6.615727000000e-02 -1.153501000000e+01 -6.299614000000e-01 -6.333424000000e-02 -7.740396000000e-01 5.277454000000e+01
-7.916322000000e-01 2.782679000000e-02 6.103640000000e-01 1.579474000000e+02 -1.540224000000e-02 9.977360000000e-01 -6.546375000000e-02 -1.162413000000e+01 -6.108037000000e-01 -6.122417000000e-02 -7.894114000000e-01 5.175294000000e+01
-8.061937000000e-01 2.802466000000e-02 5.909876000000e-01 1.587557000000e+02 -1.178252000000e-02 9.979190000000e-01 -6.339446000000e-02 -1.172195000000e+01 -5.915343000000e-01 -5.807153000000e-02 -8.041857000000e-01 5.072638000000e+01
-8.205562000000e-01 2.934926000000e-02 5.708119000000e-01 1.595353000000e+02 -1.020400000000e-02 9.977694000000e-01 -6.597051000000e-02 -1.182015000000e+01 -5.714748000000e-01 -5.995707000000e-02 -8.184263000000e-01 4.968737000000e+01
-8.343732000000e-01 3.073320000000e-02 5.503426000000e-01 1.602798000000e+02 -9.666920000000e-03 9.974749000000e-01 -7.035876000000e-02 -1.191873000000e+01 -5.511152000000e-01 -6.402557000000e-02 -8.319691000000e-01 4.863458000000e+01
-8.473601000000e-01 3.138936000000e-02 5.300903000000e-01 1.610032000000e+02 -7.512040000000e-03 9.974429000000e-01 -7.107187000000e-02 -1.202126000000e+01 -5.309656000000e-01 -6.420551000000e-02 -8.449574000000e-01 4.756063000000e+01
-8.591530000000e-01 2.947331000000e-02 5.108694000000e-01 1.616863000000e+02 -5.867495000000e-03 9.977069000000e-01 -6.742782000000e-02 -1.212200000000e+01 -5.116852000000e-01 -6.092832000000e-02 -8.570098000000e-01 4.646556000000e+01
-8.696587000000e-01 3.033618000000e-02 4.927205000000e-01 1.623490000000e+02 -4.478865000000e-03 9.975840000000e-01 -6.932527000000e-02 -1.223005000000e+01 -4.936332000000e-01 -6.249614000000e-02 -8.674217000000e-01 4.535334000000e+01
-8.791217000000e-01 3.444202000000e-02 4.753513000000e-01 1.629730000000e+02 -4.303311000000e-04 9.973276000000e-01 -7.305819000000e-02 -1.233141000000e+01 -4.765972000000e-01 -6.443159000000e-02 -8.767574000000e-01 4.422905000000e+01
-8.880977000000e-01 3.251626000000e-02 4.585033000000e-01 1.635887000000e+02 -1.746026000000e-03 9.972489000000e-01 -7.410516000000e-02 -1.244119000000e+01 -4.596515000000e-01 -6.661317000000e-02 -8.855976000000e-01 4.309552000000e+01
-8.963481000000e-01 2.945246000000e-02 4.423716000000e-01 1.641798000000e+02 -3.886570000000e-03 9.972306000000e-01 -7.426928000000e-02 -1.255286000000e+01 -4.433339000000e-01 -6.829043000000e-02 -8.937513000000e-01 4.194672000000e+01
-9.036836000000e-01 2.714888000000e-02 4.273395000000e-01 1.647509000000e+02 -4.750838000000e-03 9.972909000000e-01 -7.340441000000e-02 -1.266162000000e+01 -4.281746000000e-01 -6.836456000000e-02 -9.011064000000e-01 4.078883000000e+01
-9.102455000000e-01 2.600678000000e-02 4.132515000000e-01 1.652989000000e+02 -4.902027000000e-03 9.972789000000e-01 -7.355827000000e-02 -1.277147000000e+01 -4.140400000000e-01 -6.898184000000e-02 -9.076411000000e-01 3.962170000000e+01
-9.164022000000e-01 2.343048000000e-02 3.995724000000e-01 1.658309000000e+02 -6.282311000000e-03 9.973202000000e-01 -7.288999000000e-02 -1.287876000000e+01 -4.002094000000e-01 -6.930677000000e-02 -9.137991000000e-01 3.844779000000e+01
-9.220764000000e-01 1.853237000000e-02 3.865639000000e-01 1.663487000000e+02 -8.920852000000e-03 9.975696000000e-01 -6.910382000000e-02 -1.298468000000e+01 -3.869050000000e-01 -6.716747000000e-02 -9.196700000000e-01 3.726247000000e+01
-9.272038000000e-01 1.438065000000e-02 3.742813000000e-01 1.668523000000e+02 -1.080005000000e-02 9.978207000000e-01 -6.509320000000e-02 -1.308684000000e+01 -3.744017000000e-01 -6.439690000000e-02 -9.250277000000e-01 3.606610000000e+01
-9.315300000000e-01 1.506714000000e-02 3.633523000000e-01 1.673354000000e+02 -8.349529000000e-03 9.979918000000e-01 -6.278956000000e-02 -1.318536000000e+01 -3.635687000000e-01 -6.152416000000e-02 -9.295335000000e-01 3.486197000000e+01
-9.347864000000e-01 1.886181000000e-02 3.547094000000e-01 1.677973000000e+02 -4.031579000000e-03 9.979615000000e-01 -6.369168000000e-02 -1.327958000000e+01 -3.551876000000e-01 -6.096814000000e-02 -9.328047000000e-01 3.365811000000e+01
-9.370317000000e-01 2.457554000000e-02 3.483787000000e-01 1.682484000000e+02 1.714583000000e-03 9.978328000000e-01 -6.577806000000e-02 -1.337387000000e+01 -3.492402000000e-01 -6.103879000000e-02 -9.350430000000e-01 3.244993000000e+01
-9.387719000000e-01 2.887410000000e-02 3.433274000000e-01 1.686912000000e+02 5.720562000000e-03 9.976511000000e-01 -6.826133000000e-02 -1.347182000000e+01 -3.444919000000e-01 -6.211778000000e-02 -9.367319000000e-01 3.124282000000e+01
-9.406262000000e-01 2.649369000000e-02 3.384089000000e-01 1.691379000000e+02 3.739559000000e-03 9.976977000000e-01 -6.771447000000e-02 -1.357156000000e+01 -3.394238000000e-01 -6.242849000000e-02 -9.385596000000e-01 3.002817000000e+01
-9.425240000000e-01 1.898839000000e-02 3.335987000000e-01 1.695751000000e+02 -2.382830000000e-03 9.979766000000e-01 -6.353697000000e-02 -1.367179000000e+01 -3.341302000000e-01 -6.068001000000e-02 -9.405716000000e-01 2.881254000000e+01
-9.443599000000e-01 1.275283000000e-02 3.286667000000e-01 1.699695000000e+02 -7.661388000000e-03 9.981240000000e-01 -6.074246000000e-02 -1.377138000000e+01 -3.288247000000e-01 -5.988078000000e-02 -9.424906000000e-01 2.758224000000e+01
-9.460336000000e-01 6.644945000000e-03 3.240005000000e-01 1.703619000000e+02 -1.457739000000e-02 9.979051000000e-01 -6.302993000000e-02 -1.386787000000e+01 -3.237406000000e-01 -6.435150000000e-02 -9.439549000000e-01 2.635507000000e+01
-9.473135000000e-01 4.236096000000e-03 3.202801000000e-01 1.707494000000e+02 -1.761706000000e-02 9.977099000000e-01 -6.530310000000e-02 -1.396352000000e+01 -3.198232000000e-01 -6.750488000000e-02 -9.450694000000e-01 2.513071000000e+01
-9.481384000000e-01 4.640768000000e-03 3.178242000000e-01 1.711273000000e+02 -1.792368000000e-02 9.975218000000e-01 -6.803574000000e-02 -1.406469000000e+01 -3.173523000000e-01 -7.020386000000e-02 -9.457055000000e-01 2.390019000000e+01
-9.484550000000e-01 4.732105000000e-03 3.168766000000e-01 1.715130000000e+02 -1.828631000000e-02 9.974054000000e-01 -6.962830000000e-02 -1.416740000000e+01 -3.163839000000e-01 -7.183380000000e-02 -9.459075000000e-01 2.267273000000e+01
-9.483731000000e-01 7.781758000000e-03 3.170613000000e-01 1.718911000000e+02 -1.555184000000e-02 9.973553000000e-01 -7.099613000000e-02 -1.427268000000e+01 -3.167753000000e-01 -7.226170000000e-02 -9.457439000000e-01 2.144258000000e+01
-9.480194000000e-01 9.724102000000e-03 3.180641000000e-01 1.722632000000e+02 -1.434561000000e-02 9.972107000000e-01 -7.324593000000e-02 -1.438257000000e+01 -3.178892000000e-01 -7.400137000000e-02 -9.452355000000e-01 2.022133000000e+01
-9.476428000000e-01 9.822768000000e-03 3.191812000000e-01 1.726177000000e+02 -1.491672000000e-02 9.970740000000e-01 -7.497235000000e-02 -1.449077000000e+01 -3.189837000000e-01 -7.580813000000e-02 -9.447235000000e-01 1.901008000000e+01
-9.470945000000e-01 1.100027000000e-02 3.207663000000e-01 1.729947000000e+02 -1.363043000000e-02 9.971323000000e-01 -7.444064000000e-02 -1.459753000000e+01 -3.206653000000e-01 -7.487449000000e-02 -9.442285000000e-01 1.779910000000e+01
-9.462450000000e-01 1.157848000000e-02 3.232437000000e-01 1.733770000000e+02 -1.320085000000e-02 9.971440000000e-01 -7.436078000000e-02 -1.470734000000e+01 -3.231815000000e-01 -7.463059000000e-02 -9.433896000000e-01 1.659909000000e+01
-9.449736000000e-01 1.047688000000e-02 3.269790000000e-01 1.737830000000e+02 -1.487282000000e-02 9.970778000000e-01 -7.493049000000e-02 -1.481889000000e+01 -3.268086000000e-01 -7.567042000000e-02 -9.420563000000e-01 1.540117000000e+01
-9.434098000000e-01 9.139435000000e-03 3.315033000000e-01 1.741985000000e+02 -1.580782000000e-02 9.972445000000e-01 -7.248046000000e-02 -1.492971000000e+01 -3.312523000000e-01 -7.361911000000e-02 -9.406657000000e-01 1.420288000000e+01
-9.413760000000e-01 6.548169000000e-03 3.372957000000e-01 1.746270000000e+02 -1.775362000000e-02 9.974646000000e-01 -6.891405000000e-02 -1.503629000000e+01 -3.368917000000e-01 -7.086224000000e-02 -9.388729000000e-01 1.300435000000e+01
-9.389337000000e-01 4.898762000000e-03 3.440633000000e-01 1.750609000000e+02 -1.926985000000e-02 9.975809000000e-01 -6.679015000000e-02 -1.513842000000e+01 -3.435581000000e-01 -6.934156000000e-02 -9.365679000000e-01 1.181186000000e+01
-9.361848000000e-01 6.838381000000e-03 3.514418000000e-01 1.754926000000e+02 -1.729108000000e-02 9.977044000000e-01 -6.547411000000e-02 -1.523869000000e+01 -3.510828000000e-01 -6.737266000000e-02 -9.339174000000e-01 1.062387000000e+01
-9.329017000000e-01 7.633253000000e-03 3.600503000000e-01 1.759425000000e+02 -1.748685000000e-02 9.976359000000e-01 -6.645940000000e-02 -1.533995000000e+01 -3.597064000000e-01 -6.829622000000e-02 -9.305626000000e-01 9.442182000000e+00
-9.292045000000e-01 9.590084000000e-03 3.694415000000e-01 1.763996000000e+02 -1.636866000000e-02 9.976142000000e-01 -6.706623000000e-02 -1.544296000000e+01 -3.692033000000e-01 -6.836549000000e-02 -9.268306000000e-01 8.270144000000e+00
-9.249782000000e-01 1.243720000000e-02 3.798168000000e-01 1.768674000000e+02 -1.433284000000e-02 9.976114000000e-01 -6.757225000000e-02 -1.554426000000e+01 -3.797499000000e-01 -6.794669000000e-02 -9.225904000000e-01 7.090384000000e+00
-9.200882000000e-01 1.406705000000e-02 3.914586000000e-01 1.773568000000e+02 -1.378514000000e-02 9.975731000000e-01 -6.824850000000e-02 -1.564895000000e+01 -3.914686000000e-01 -6.819094000000e-02 -9.176613000000e-01 5.917093000000e+00
-9.144018000000e-01 1.656591000000e-02 4.044688000000e-01 1.778608000000e+02 -1.283812000000e-02 9.974729000000e-01 -6.987748000000e-02 -1.574904000000e+01 -4.046042000000e-01 -6.908870000000e-02 -9.118783000000e-01 4.751502000000e+00
-9.082935000000e-01 1.851377000000e-02 4.179237000000e-01 1.783814000000e+02 -1.149285000000e-02 9.975388000000e-01 -6.916836000000e-02 -1.585596000000e+01 -4.181756000000e-01 -6.762830000000e-02 -9.058451000000e-01 3.587553000000e+00
-9.020526000000e-01 1.808352000000e-02 4.312473000000e-01 1.789288000000e+02 -1.198908000000e-02 9.976867000000e-01 -6.691399000000e-02 -1.595971000000e+01 -4.314597000000e-01 -6.553018000000e-02 -8.997490000000e-01 2.434985000000e+00
-8.954347000000e-01 2.025720000000e-02 4.447319000000e-01 1.794976000000e+02 -1.042715000000e-02 9.977359000000e-01 -6.644043000000e-02 -1.605749000000e+01 -4.450709000000e-01 -6.413034000000e-02 -8.931960000000e-01 1.286303000000e+00
-8.885482000000e-01 2.304306000000e-02 4.582043000000e-01 1.800782000000e+02 -8.184333000000e-03 9.977828000000e-01 -6.604949000000e-02 -1.615417000000e+01 -4.587103000000e-01 -6.243824000000e-02 -8.863894000000e-01 1.518369000000e-01
-8.811820000000e-01 2.466797000000e-02 4.721333000000e-01 1.806758000000e+02 -6.112156000000e-03 9.979600000000e-01 -6.354897000000e-02 -1.625068000000e+01 -4.727377000000e-01 -5.888395000000e-02 -8.792336000000e-01 -9.718759000000e-01
-8.734527000000e-01 2.634193000000e-02 4.861960000000e-01 1.812884000000e+02 -3.474420000000e-03 9.981729000000e-01 -6.032250000000e-02 -1.634719000000e+01 -4.868966000000e-01 -5.437809000000e-02 -8.717652000000e-01 -2.083451000000e+00
-8.652660000000e-01 2.933019000000e-02 5.004544000000e-01 1.819124000000e+02 4.676872000000e-05 9.982917000000e-01 -5.842616000000e-02 -1.644108000000e+01 -5.013131000000e-01 -5.053075000000e-02 -8.637892000000e-01 -3.175742000000e+00
-8.561114000000e-01 3.255949000000e-02 5.157647000000e-01 1.825544000000e+02 3.561865000000e-03 9.983614000000e-01 -5.711286000000e-02 -1.653684000000e+01 -5.167791000000e-01 -4.705788000000e-02 -8.548244000000e-01 -4.252484000000e+00
-8.457804000000e-01 3.547323000000e-02 5.323507000000e-01 1.832060000000e+02 6.694286000000e-03 9.984143000000e-01 -5.589378000000e-02 -1.662889000000e+01 -5.334893000000e-01 -4.371014000000e-02 -8.446766000000e-01 -5.312670000000e+00
-8.347783000000e-01 3.853858000000e-02 5.492358000000e-01 1.838767000000e+02 1.002387000000e-02 9.984457000000e-01 -5.482341000000e-02 -1.671309000000e+01 -5.504950000000e-01 -4.025992000000e-02 -8.338671000000e-01 -6.356535000000e+00
-8.235014000000e-01 4.043438000000e-02 5.658715000000e-01 1.845607000000e+02 1.185435000000e-02 9.984655000000e-01 -5.409403000000e-02 -1.678878000000e+01 -5.671904000000e-01 -3.783846000000e-02 -8.227169000000e-01 -7.384682000000e+00
-8.116733000000e-01 4.254831000000e-02 5.825600000000e-01 1.852717000000e+02 1.357688000000e-02 9.984482000000e-01 -5.400698000000e-02 -1.685989000000e+01 -5.839538000000e-01 -3.592667000000e-02 -8.109914000000e-01 -8.397022000000e+00
-7.989402000000e-01 4.453744000000e-02 5.997592000000e-01 1.860033000000e+02 1.539242000000e-02 9.984417000000e-01 -5.363892000000e-02 -1.693795000000e+01 -6.012135000000e-01 -3.362254000000e-02 -7.983807000000e-01 -9.390930000000e+00
-7.851375000000e-01 4.563178000000e-02 6.176382000000e-01 1.867509000000e+02 1.726200000000e-02 9.985068000000e-01 -5.182745000000e-02 -1.701685000000e+01 -6.190809000000e-01 -3.002999000000e-02 -7.847528000000e-01 -1.036879000000e+01
-7.698594000000e-01 4.679091000000e-02 6.364961000000e-01 1.875240000000e+02 1.954956000000e-02 9.985697000000e-01 -4.976242000000e-02 -1.709398000000e+01 -6.379141000000e-01 -2.586684000000e-02 -7.696729000000e-01 -1.132239000000e+01
-7.531570000000e-01 4.964898000000e-02 6.559647000000e-01 1.883161000000e+02 2.159436000000e-02 9.984764000000e-01 -5.077926000000e-02 -1.717484000000e+01 -6.574863000000e-01 -2.407961000000e-02 -7.530815000000e-01 -1.224512000000e+01
-7.357859000000e-01 5.257551000000e-02 6.751704000000e-01 1.891165000000e+02 2.279980000000e-02 9.983398000000e-01 -5.289401000000e-02 -1.725841000000e+01 -6.768303000000e-01 -2.352492000000e-02 -7.357630000000e-01 -1.313563000000e+01
-7.179204000000e-01 5.335086000000e-02 6.940779000000e-01 1.899427000000e+02 2.251928000000e-02 9.983169000000e-01 -5.344362000000e-02 -1.734401000000e+01 -6.957609000000e-01 -2.273813000000e-02 -7.179134000000e-01 -1.400312000000e+01
-6.988036000000e-01 5.334505000000e-02 7.133217000000e-01 1.907892000000e+02 2.243061000000e-02 9.983591000000e-01 -5.268723000000e-02 -1.742978000000e+01 -7.149618000000e-01 -2.081778000000e-02 -6.988534000000e-01 -1.484446000000e+01
-6.788333000000e-01 5.270760000000e-02 7.323983000000e-01 1.916657000000e+02 2.088409000000e-02 9.984028000000e-01 -5.249414000000e-02 -1.751550000000e+01 -7.339954000000e-01 -2.033930000000e-02 -6.788498000000e-01 -1.565688000000e+01
-6.583472000000e-01 5.283580000000e-02 7.508578000000e-01 1.925591000000e+02 1.914929000000e-02 9.983861000000e-01 -5.346373000000e-02 -1.760506000000e+01 -7.524708000000e-01 -2.081930000000e-02 -6.582964000000e-01 -1.643657000000e+01
-6.375578000000e-01 5.240607000000e-02 7.686181000000e-01 1.934648000000e+02 1.687597000000e-02 9.983943000000e-01 -5.407435000000e-02 -1.768808000000e+01 -7.702177000000e-01 -2.150434000000e-02 -6.374184000000e-01 -1.719672000000e+01
-6.161963000000e-01 5.218652000000e-02 7.858618000000e-01 1.943859000000e+02 1.587175000000e-02 9.984225000000e-01 -5.385692000000e-02 -1.776122000000e+01 -7.874326000000e-01 -2.071344000000e-02 -6.160525000000e-01 -1.793122000000e+01
-5.936213000000e-01 5.189981000000e-02 8.030692000000e-01 1.953232000000e+02 1.617560000000e-02 9.984861000000e-01 -5.257214000000e-02 -1.783289000000e+01 -8.045819000000e-01 -1.821781000000e-02 -5.935621000000e-01 -1.864428000000e+01
-5.694423000000e-01 5.213294000000e-02 8.203766000000e-01 1.962565000000e+02 1.603100000000e-02 9.985014000000e-01 -5.232487000000e-02 -1.790335000000e+01 -8.218750000000e-01 -1.664453000000e-02 -5.694246000000e-01 -1.932892000000e+01
-5.440034000000e-01 5.521021000000e-02 8.372647000000e-01 1.972261000000e+02 1.809848000000e-02 9.983728000000e-01 -5.407460000000e-02 -1.797620000000e+01 -8.388878000000e-01 -1.426354000000e-02 -5.441174000000e-01 -1.998080000000e+01
-5.171328000000e-01 5.632981000000e-02 8.540496000000e-01 1.982141000000e+02 1.860245000000e-02 9.983359000000e-01 -5.458249000000e-02 -1.804905000000e+01 -8.557030000000e-01 -1.233898000000e-02 -5.173201000000e-01 -2.060575000000e+01
-4.899252000000e-01 5.488205000000e-02 8.700352000000e-01 1.992336000000e+02 1.716191000000e-02 9.984301000000e-01 -5.331722000000e-02 -1.812215000000e+01 -8.715955000000e-01 -1.118999000000e-02 -4.900979000000e-01 -2.119040000000e+01
-4.618397000000e-01 5.266267000000e-02 8.853987000000e-01 2.002718000000e+02 1.614475000000e-02 9.985695000000e-01 -5.097259000000e-02 -1.819392000000e+01 -8.868165000000e-01 -9.246622000000e-03 -4.620292000000e-01 -2.174303000000e+01
-4.322490000000e-01 5.332423000000e-02 9.001763000000e-01 2.013106000000e+02 1.663332000000e-02 9.985517000000e-01 -5.116472000000e-02 -1.827035000000e+01 -9.016008000000e-01 -7.142980000000e-03 -4.325099000000e-01 -2.226336000000e+01
-4.011809000000e-01 5.580592000000e-02 9.142974000000e-01 2.023713000000e+02 1.725580000000e-02 9.984257000000e-01 -5.336927000000e-02 -1.833982000000e+01 -9.158363000000e-01 -5.633802000000e-03 -4.015123000000e-01 -2.274978000000e+01
-3.691348000000e-01 5.748137000000e-02 9.275966000000e-01 2.034483000000e+02 1.897112000000e-02 9.983435000000e-01 -5.431593000000e-02 -1.840364000000e+01 -9.291822000000e-01 -2.452357000000e-03 -3.696138000000e-01 -2.320318000000e+01
-3.369369000000e-01 5.817495000000e-02 9.397283000000e-01 2.045291000000e+02 2.099576000000e-02 9.983053000000e-01 -5.427327000000e-02 -1.847329000000e+01 -9.412931000000e-01 1.443641000000e-03 -3.375873000000e-01 -2.361922000000e+01
-3.041173000000e-01 5.746240000000e-02 9.509000000000e-01 2.056382000000e+02 2.099531000000e-02 9.983409000000e-01 -5.361451000000e-02 -1.854755000000e+01 -9.524032000000e-01 3.659334000000e-03 -3.048191000000e-01 -2.399109000000e+01
-2.704016000000e-01 5.656836000000e-02 9.610843000000e-01 2.067589000000e+02 2.278022000000e-02 9.983687000000e-01 -5.235367000000e-02 -1.862449000000e+01 -9.624780000000e-01 7.737187000000e-03 -2.712492000000e-01 -2.432519000000e+01
-2.361937000000e-01 5.423640000000e-02 9.701912000000e-01 2.079046000000e+02 2.253868000000e-02 9.984782000000e-01 -5.033068000000e-02 -1.870354000000e+01 -9.714445000000e-01 9.979034000000e-03 -2.370567000000e-01 -2.461443000000e+01
-2.011242000000e-01 5.287146000000e-02 9.781379000000e-01 2.090532000000e+02 2.351278000000e-02 9.985152000000e-01 -4.913824000000e-02 -1.878448000000e+01 -9.792835000000e-01 1.311585000000e-02 -2.020688000000e-01 -2.486248000000e+01
-1.657778000000e-01 5.206309000000e-02 9.847879000000e-01 2.101843000000e+02 2.445446000000e-02 9.985154000000e-01 -4.867220000000e-02 -1.886430000000e+01 -9.858598000000e-01 1.601368000000e-02 -1.668048000000e-01 -2.506817000000e+01
-1.300221000000e-01 5.177117000000e-02 9.901586000000e-01 2.113358000000e+02 2.493802000000e-02 9.984907000000e-01 -4.893211000000e-02 -1.894167000000e+01 -9.911974000000e-01 1.833034000000e-02 -1.311169000000e-01 -2.522909000000e+01
-9.416868000000e-02 5.145834000000e-02 9.942255000000e-01 2.124889000000e+02 2.570050000000e-02 9.984561000000e-01 -4.924308000000e-02 -1.902022000000e+01 -9.952244000000e-01 2.091493000000e-02 -9.534579000000e-02 -2.534952000000e+01
-5.873709000000e-02 5.163443000000e-02 9.969373000000e-01 2.136307000000e+02 2.461228000000e-02 9.984327000000e-01 -5.026180000000e-02 -1.910093000000e+01 -9.979700000000e-01 2.158465000000e-02 -5.991587000000e-02 -2.542449000000e+01
-2.407939000000e-02 5.144077000000e-02 9.983857000000e-01 2.147979000000e+02 2.395692000000e-02 9.984182000000e-01 -5.086466000000e-02 -1.917493000000e+01 -9.994229000000e-01 2.269345000000e-02 -2.527366000000e-02 -2.546063000000e+01
9.577161000000e-03 5.025395000000e-02 9.986906000000e-01 2.159576000000e+02 2.292501000000e-02 9.984628000000e-01 -5.046234000000e-02 -1.924675000000e+01 -9.996913000000e-01 2.337826000000e-02 8.410367000000e-03 -2.545508000000e+01
4.275877000000e-02 5.033924000000e-02 9.978165000000e-01 2.171170000000e+02 2.152922000000e-02 9.984515000000e-01 -5.129387000000e-02 -1.932543000000e+01 -9.988534000000e-01 2.367547000000e-02 4.160879000000e-02 -2.540746000000e+01
7.585907000000e-02 5.033438000000e-02 9.958473000000e-01 2.182711000000e+02 2.232151000000e-02 9.983891000000e-01 -5.216321000000e-02 -1.940655000000e+01 -9.968686000000e-01 2.618586000000e-02 7.461332000000e-02 -2.531946000000e+01
1.081227000000e-01 4.825522000000e-02 9.929657000000e-01 2.194167000000e+02 2.335676000000e-02 9.984222000000e-01 -5.106369000000e-02 -1.948433000000e+01 -9.938631000000e-01 2.871360000000e-02 1.068250000000e-01 -2.519951000000e+01
1.395127000000e-01 4.659667000000e-02 9.891234000000e-01 2.205719000000e+02 2.455047000000e-02 9.984224000000e-01 -5.049751000000e-02 -1.956459000000e+01 -9.899159000000e-01 3.132848000000e-02 1.381486000000e-01 -2.503982000000e+01
1.699060000000e-01 4.654172000000e-02 9.843606000000e-01 2.217231000000e+02 2.572482000000e-02 9.983342000000e-01 -5.164266000000e-02 -1.964163000000e+01 -9.851244000000e-01 3.409688000000e-02 1.684257000000e-01 -2.484743000000e+01
1.999265000000e-01 4.632560000000e-02 9.787152000000e-01 2.228707000000e+02 2.759799000000e-02 9.982191000000e-01 -5.288635000000e-02 -1.971631000000e+01 -9.794221000000e-01 3.758394000000e-02 1.982919000000e-01 -2.462354000000e+01
2.299944000000e-01 4.534770000000e-02 9.721349000000e-01 2.240212000000e+02 2.968319000000e-02 9.981221000000e-01 -5.358260000000e-02 -1.979060000000e+01 -9.727391000000e-01 4.117974000000e-02 2.282164000000e-01 -2.436371000000e+01
2.602941000000e-01 4.364096000000e-02 9.645426000000e-01 2.251627000000e+02 3.222907000000e-02 9.980286000000e-01 -5.385347000000e-02 -1.986716000000e+01 -9.649913000000e-01 4.510404000000e-02 2.583745000000e-01 -2.406861000000e+01
2.902679000000e-01 4.198546000000e-02 9.560240000000e-01 2.263000000000e+02 3.400687000000e-02 9.979534000000e-01 -5.415204000000e-02 -1.994366000000e+01 -9.563409000000e-01 4.822997000000e-02 2.882460000000e-01 -2.373710000000e+01
3.199517000000e-01 4.092864000000e-02 9.465494000000e-01 2.274299000000e+02 3.704000000000e-02 9.977623000000e-01 -5.566331000000e-02 -2.002061000000e+01 -9.467095000000e-01 5.286975000000e-02 3.177197000000e-01 -2.337292000000e+01
3.485898000000e-01 4.031639000000e-02 9.364079000000e-01 2.285386000000e+02 3.749710000000e-02 9.976747000000e-01 -5.691297000000e-02 -2.009904000000e+01 -9.365250000000e-01 5.495185000000e-02 3.462675000000e-01 -2.297037000000e+01
3.767229000000e-01 3.830567000000e-02 9.255337000000e-01 2.296486000000e+02 3.816295000000e-02 9.976545000000e-01 -5.682418000000e-02 -2.017834000000e+01 -9.255395000000e-01 5.672806000000e-02 3.743775000000e-01 -2.253278000000e+01
4.047494000000e-01 3.726952000000e-02 9.136678000000e-01 2.307475000000e+02 3.819186000000e-02 9.976082000000e-01 -5.761231000000e-02 -2.025931000000e+01 -9.136297000000e-01 5.821321000000e-02 4.023579000000e-01 -2.205870000000e+01
4.330703000000e-01 3.808961000000e-02 9.005550000000e-01 2.318181000000e+02 3.921906000000e-02 9.973642000000e-01 -6.104439000000e-02 -2.034293000000e+01 -9.005065000000e-01 6.175542000000e-02 4.304350000000e-01 -2.155490000000e+01
4.612298000000e-01 3.877064000000e-02 8.864333000000e-01 2.328868000000e+02 4.053635000000e-02 9.970809000000e-01 -6.470205000000e-02 -2.042941000000e+01 -8.863542000000e-01 6.577526000000e-02 4.583118000000e-01 -2.101599000000e+01
4.885604000000e-01 3.771474000000e-02 8.717146000000e-01 2.339284000000e+02 4.145481000000e-02 9.969338000000e-01 -6.636608000000e-02 -2.052253000000e+01 -8.715447000000e-01 6.856058000000e-02 4.854989000000e-01 -2.044385000000e+01
5.151047000000e-01 3.453696000000e-02 8.564312000000e-01 2.349792000000e+02 4.224436000000e-02 9.969506000000e-01 -6.561171000000e-02 -2.060518000000e+01 -8.560856000000e-01 6.997627000000e-02 5.120749000000e-01 -1.983554000000e+01
5.402185000000e-01 3.236943000000e-02 8.409021000000e-01 2.360124000000e+02 4.156516000000e-02 9.970139000000e-01 -6.508135000000e-02 -2.068599000000e+01 -8.404977000000e-01 7.011036000000e-02 5.372598000000e-01 -1.919422000000e+01
5.633304000000e-01 3.210978000000e-02 8.256076000000e-01 2.370196000000e+02 3.971925000000e-02 9.970368000000e-01 -6.587839000000e-02 -2.076805000000e+01 -8.252764000000e-01 6.990380000000e-02 5.603857000000e-01 -1.852677000000e+01
5.843328000000e-01 3.215985000000e-02 8.108767000000e-01 2.380160000000e+02 3.840815000000e-02 9.969987000000e-01 -6.721919000000e-02 -2.086008000000e+01 -8.106047000000e-01 7.042263000000e-02 5.813438000000e-01 -1.782777000000e+01
6.037991000000e-01 3.082784000000e-02 7.965402000000e-01 2.389997000000e+02 3.739595000000e-02 9.970562000000e-01 -6.693539000000e-02 -2.095439000000e+01 -7.962589000000e-01 7.020289000000e-02 6.008688000000e-01 -1.710277000000e+01
6.220780000000e-01 2.821468000000e-02 7.824468000000e-01 2.399610000000e+02 3.691618000000e-02 9.971820000000e-01 -6.530786000000e-02 -2.104741000000e+01 -7.820845000000e-01 6.951151000000e-02 6.192834000000e-01 -1.635594000000e+01
6.391623000000e-01 2.490061000000e-02 7.686687000000e-01 2.409137000000e+02 3.780612000000e-02 9.972500000000e-01 -6.374188000000e-02 -2.113844000000e+01 -7.681420000000e-01 6.980177000000e-02 6.364632000000e-01 -1.558475000000e+01
6.552142000000e-01 2.252144000000e-02 7.551074000000e-01 2.418488000000e+02 3.840746000000e-02 9.972697000000e-01 -6.307058000000e-02 -2.122694000000e+01 -7.544662000000e-01 7.032648000000e-02 6.525602000000e-01 -1.479112000000e+01
6.705493000000e-01 2.011560000000e-02 7.415923000000e-01 2.427798000000e+02 4.002910000000e-02 9.971950000000e-01 -6.324320000000e-02 -2.130601000000e+01 -7.407843000000e-01 7.209293000000e-02 6.678632000000e-01 -1.398455000000e+01
6.855542000000e-01 1.965789000000e-02 7.277562000000e-01 2.436978000000e+02 3.973815000000e-02 9.971347000000e-01 -6.436802000000e-02 -2.139183000000e+01 -7.269363000000e-01 7.304743000000e-02 6.828086000000e-01 -1.315891000000e+01
7.005457000000e-01 1.820511000000e-02 7.133753000000e-01 2.445843000000e+02 4.015983000000e-02 9.970844000000e-01 -6.488286000000e-02 -2.148418000000e+01 -7.124766000000e-01 7.410242000000e-02 6.977721000000e-01 -1.230142000000e+01
7.153220000000e-01 1.606306000000e-02 6.986104000000e-01 2.454585000000e+02 3.945976000000e-02 9.972121000000e-01 -6.333247000000e-02 -2.158194000000e+01 -6.976800000000e-01 7.287009000000e-02 7.126938000000e-01 -1.141406000000e+01
7.294358000000e-01 1.271575000000e-02 6.839311000000e-01 2.463238000000e+02 3.969872000000e-02 9.973551000000e-01 -6.088302000000e-02 -2.166508000000e+01 -6.828963000000e-01 7.156143000000e-02 7.270017000000e-01 -1.051863000000e+01
7.433877000000e-01 1.107941000000e-02 6.687691000000e-01 2.471693000000e+02 3.951499000000e-02 9.973889000000e-01 -6.044753000000e-02 -2.174737000000e+01 -6.676926000000e-01 7.136233000000e-02 7.410088000000e-01 -9.605238000000e+00
7.568594000000e-01 1.001092000000e-02 6.535011000000e-01 2.479970000000e+02 4.109201000000e-02 9.971756000000e-01 -6.286679000000e-02 -2.183017000000e+01 -6.522847000000e-01 7.443498000000e-02 7.543103000000e-01 -8.674394000000e+00
7.693900000000e-01 9.691660000000e-03 6.387058000000e-01 2.488108000000e+02 4.126419000000e-02 9.970424000000e-01 -6.483619000000e-02 -2.191923000000e+01 -6.374451000000e-01 7.623998000000e-02 7.667145000000e-01 -7.723093000000e+00
7.809766000000e-01 8.669113000000e-03 6.245002000000e-01 2.496079000000e+02 4.051072000000e-02 9.970949000000e-01 -6.450254000000e-02 -2.200935000000e+01 -6.232451000000e-01 7.567391000000e-02 7.783565000000e-01 -6.749400000000e+00
7.919238000000e-01 6.268942000000e-03 6.105879000000e-01 2.503906000000e+02 4.062092000000e-02 9.971914000000e-01 -6.292298000000e-02 -2.210053000000e+01 -6.092674000000e-01 7.463283000000e-02 7.894448000000e-01 -5.759310000000e+00
8.025342000000e-01 3.050388000000e-03 5.965984000000e-01 2.511588000000e+02 4.208502000000e-02 9.972064000000e-01 -6.171075000000e-02 -2.219183000000e+01 -5.951200000000e-01 7.463283000000e-02 8.001638000000e-01 -4.750831000000e+00
8.124464000000e-01 2.352376000000e-03 5.830311000000e-01 2.519117000000e+02 4.226955000000e-02 9.971227000000e-01 -6.292520000000e-02 -2.228256000000e+01 -5.815016000000e-01 7.576780000000e-02 8.100093000000e-01 -3.727347000000e+00
8.215643000000e-01 -7.952617000000e-05 5.701160000000e-01 2.526556000000e+02 4.534549000000e-02 9.968410000000e-01 -6.520596000000e-02 -2.237398000000e+01 -5.683097000000e-01 7.942306000000e-02 8.189725000000e-01 -2.686673000000e+00
8.300930000000e-01 -2.521415000000e-03 5.576193000000e-01 2.533816000000e+02 4.691222000000e-02 9.967605000000e-01 -6.532818000000e-02 -2.246494000000e+01 -5.556481000000e-01 8.038761000000e-02 8.275221000000e-01 -1.629795000000e+00
8.378877000000e-01 -6.169470000000e-03 5.458078000000e-01 2.540996000000e+02 4.894939000000e-02 9.967566000000e-01 -6.387712000000e-02 -2.255787000000e+01 -5.436434000000e-01 8.023880000000e-02 8.354720000000e-01 -5.569069000000e-01
8.448170000000e-01 -7.197428000000e-03 5.350070000000e-01 2.548065000000e+02 4.989954000000e-02 9.966115000000e-01 -6.538781000000e-02 -2.265094000000e+01 -5.327235000000e-01 8.193732000000e-02 8.423134000000e-01 5.340190000000e-01
8.504416000000e-01 -8.997077000000e-03 5.259926000000e-01 2.554974000000e+02 5.076607000000e-02 9.965909000000e-01 -6.503357000000e-02 -2.274419000000e+01 -5.236143000000e-01 8.200981000000e-02 8.479990000000e-01 1.628717000000e+00
8.544344000000e-01 -9.782287000000e-03 5.194673000000e-01 2.561826000000e+02 5.006762000000e-02 9.967198000000e-01 -6.358301000000e-02 -2.283906000000e+01 -5.171414000000e-01 8.033598000000e-02 8.521214000000e-01 2.742665000000e+00
8.573847000000e-01 -1.135724000000e-02 5.145508000000e-01 2.568640000000e+02 5.049887000000e-02 9.967888000000e-01 -6.214388000000e-02 -2.293222000000e+01 -5.121927000000e-01 7.926543000000e-02 8.552049000000e-01 3.862410000000e+00
8.600172000000e-01 -1.211744000000e-02 5.101212000000e-01 2.575400000000e+02 5.047970000000e-02 9.968343000000e-01 -6.142525000000e-02 -2.302562000000e+01 -5.077620000000e-01 7.857752000000e-02 8.579063000000e-01 4.989321000000e+00
8.624972000000e-01 -1.352007000000e-02 5.058813000000e-01 2.582139000000e+02 5.180622000000e-02 9.967501000000e-01 -6.168755000000e-02 -2.311631000000e+01 -5.034032000000e-01 7.941312000000e-02 8.603945000000e-01 6.122792000000e+00
8.646826000000e-01 -1.557921000000e-02 5.020770000000e-01 2.588844000000e+02 5.255451000000e-02 9.968392000000e-01 -5.957852000000e-02 -2.320738000000e+01 -4.995618000000e-01 7.790290000000e-02 8.627682000000e-01 7.263272000000e+00
8.667994000000e-01 -1.776168000000e-02 4.983406000000e-01 2.595538000000e+02 5.415000000000e-02 9.968083000000e-01 -5.865907000000e-02 -2.329792000000e+01 -4.957082000000e-01 7.783077000000e-02 8.649946000000e-01 8.410914000000e+00
8.690764000000e-01 -1.913789000000e-02 4.943076000000e-01 2.602177000000e+02 5.558421000000e-02 9.967011000000e-01 -5.913761000000e-02 -2.338751000000e+01 -4.915451000000e-01 7.887078000000e-02 8.672731000000e-01 9.561299000000e+00
8.712172000000e-01 -2.014540000000e-02 4.904842000000e-01 2.608776000000e+02 5.633959000000e-02 9.966587000000e-01 -5.913732000000e-02 -2.347785000000e+01 -4.876540000000e-01 7.915511000000e-02 8.694412000000e-01 1.071832000000e+01
8.733381000000e-01 -1.981769000000e-02 4.867114000000e-01 2.615318000000e+02 5.532408000000e-02 9.967422000000e-01 -5.868670000000e-02 -2.356959000000e+01 -4.839627000000e-01 7.818017000000e-02 8.715892000000e-01 1.188297000000e+01
8.754505000000e-01 -2.043746000000e-02 4.828756000000e-01 2.621825000000e+02 5.556316000000e-02 9.967370000000e-01 -5.854927000000e-02 -2.366098000000e+01 -4.801034000000e-01 7.808706000000e-02 8.737294000000e-01 1.305063000000e+01
8.773528000000e-01 -2.026634000000e-02 4.794177000000e-01 2.628287000000e+02 5.501302000000e-02 9.967681000000e-01 -5.853973000000e-02 -2.375316000000e+01 -4.766819000000e-01 7.773419000000e-02 8.756322000000e-01 1.422261000000e+01
8.786943000000e-01 -1.898258000000e-02 4.770074000000e-01 2.634683000000e+02 5.327962000000e-02 9.968660000000e-01 -5.847584000000e-02 -2.384485000000e+01 -4.744024000000e-01 7.679714000000e-02 8.769518000000e-01 1.539509000000e+01
8.795538000000e-01 -1.713225000000e-02 4.754911000000e-01 2.641063000000e+02 5.081091000000e-02 9.970188000000e-01 -5.806577000000e-02 -2.393728000000e+01 -4.730787000000e-01 7.523208000000e-02 8.778021000000e-01 1.657248000000e+01
8.800517000000e-01 -1.679953000000e-02 4.745807000000e-01 2.647416000000e+02 5.024747000000e-02 9.970580000000e-01 -5.788325000000e-02 -2.402944000000e+01 -4.722120000000e-01 7.478671000000e-02 8.783067000000e-01 1.774592000000e+01
8.806470000000e-01 -1.513616000000e-02 4.735313000000e-01 2.653736000000e+02 4.889292000000e-02 9.970565000000e-01 -5.905794000000e-02 -2.412178000000e+01 -4.712435000000e-01 7.516151000000e-02 8.787947000000e-01 1.891696000000e+01
8.812814000000e-01 -1.324083000000e-02 4.724064000000e-01 2.660071000000e+02 4.753442000000e-02 9.970216000000e-01 -6.073120000000e-02 -2.421655000000e+01 -4.701952000000e-01 7.597683000000e-02 8.792860000000e-01 2.009385000000e+01
8.816651000000e-01 -1.175852000000e-02 4.717293000000e-01 2.666376000000e+02 4.673882000000e-02 9.969496000000e-01 -6.250476000000e-02 -2.431116000000e+01 -4.695554000000e-01 7.715631000000e-02 8.795252000000e-01 2.126615000000e+01
8.816461000000e-01 -1.002529000000e-02 4.718048000000e-01 2.672661000000e+02 4.469889000000e-02 9.970534000000e-01 -6.234112000000e-02 -2.440836000000e+01 -4.697896000000e-01 7.605194000000e-02 8.794963000000e-01 2.244106000000e+01
8.818460000000e-01 -9.433519000000e-03 4.714433000000e-01 2.678947000000e+02 4.355353000000e-02 9.971554000000e-01 -6.151497000000e-02 -2.450560000000e+01 -4.695219000000e-01 7.477973000000e-02 8.797483000000e-01 2.361274000000e+01
8.819981000000e-01 -1.112639000000e-02 4.711216000000e-01 2.685277000000e+02 4.481706000000e-02 9.971704000000e-01 -6.035313000000e-02 -2.460279000000e+01 -4.691170000000e-01 7.434562000000e-02 8.800011000000e-01 2.478610000000e+01
8.821088000000e-01 -1.426371000000e-02 4.708297000000e-01 2.691617000000e+02 4.748292000000e-02 9.971427000000e-01 -5.875191000000e-02 -2.469678000000e+01 -4.686464000000e-01 7.418193000000e-02 8.802656000000e-01 2.595922000000e+01
8.822045000000e-01 -1.636056000000e-02 4.705822000000e-01 2.697745000000e+02 4.929495000000e-02 9.971134000000e-01 -5.774737000000e-02 -2.479217000000e+01 -4.682790000000e-01 7.414230000000e-02 8.804644000000e-01 2.714565000000e+01
8.824070000000e-01 -1.733486000000e-02 4.701674000000e-01 2.703750000000e+02 5.118227000000e-02 9.969271000000e-01 -5.930228000000e-02 -2.488855000000e+01 -4.676946000000e-01 7.639297000000e-02 8.805826000000e-01 2.833421000000e+01
8.826342000000e-01 -1.769649000000e-02 4.697274000000e-01 2.709762000000e+02 5.275372000000e-02 9.967073000000e-01 -6.157617000000e-02 -2.498198000000e+01 -4.670910000000e-01 7.912908000000e-02 8.806614000000e-01 2.952576000000e+01
8.827621000000e-01 -1.775061000000e-02 4.694848000000e-01 2.715972000000e+02 5.296702000000e-02 9.966753000000e-01 -6.190973000000e-02 -2.506758000000e+01 -4.668250000000e-01 7.951876000000e-02 8.807673000000e-01 3.072067000000e+01
8.828171000000e-01 -1.795764000000e-02 4.693737000000e-01 2.722195000000e+02 5.217744000000e-02 9.968337000000e-01 -5.999987000000e-02 -2.515485000000e+01 -4.668100000000e-01 7.745961000000e-02 8.809587000000e-01 3.191781000000e+01
8.828801000000e-01 -1.867902000000e-02 4.692270000000e-01 2.728429000000e+02 5.202131000000e-02 9.969489000000e-01 -5.819475000000e-02 -2.524066000000e+01 -4.667083000000e-01 7.578877000000e-02 8.811580000000e-01 3.312009000000e+01
8.828738000000e-01 -1.899195000000e-02 4.692262000000e-01 2.734771000000e+02 5.173659000000e-02 9.970333000000e-01 -5.699015000000e-02 -2.532468000000e+01 -4.667518000000e-01 7.459126000000e-02 8.812371000000e-01 3.431742000000e+01
8.829195000000e-01 -1.886100000000e-02 4.691454000000e-01 2.741247000000e+02 5.174333000000e-02 9.970154000000e-01 -5.729672000000e-02 -2.539916000000e+01 -4.666645000000e-01 7.486353000000e-02 8.812602000000e-01 3.550224000000e+01
8.829802000000e-01 -1.872236000000e-02 4.690367000000e-01 2.747717000000e+02 5.183910000000e-02 9.969818000000e-01 -5.779301000000e-02 -2.547556000000e+01 -4.665390000000e-01 7.534451000000e-02 8.812857000000e-01 3.669434000000e+01
8.830545000000e-01 -1.836151000000e-02 4.689112000000e-01 2.754146000000e+02 5.153257000000e-02 9.969853000000e-01 -5.800653000000e-02 -2.555348000000e+01 -4.664324000000e-01 7.538711000000e-02 8.813385000000e-01 3.787300000000e+01
8.831713000000e-01 -1.727388000000e-02 4.687325000000e-01 2.760505000000e+02 5.078890000000e-02 9.969678000000e-01 -5.895430000000e-02 -2.564312000000e+01 -4.662929000000e-01 7.587314000000e-02 8.813706000000e-01 3.906005000000e+01
8.832902000000e-01 -1.591472000000e-02 4.685565000000e-01 2.766804000000e+02 4.944939000000e-02 9.970114000000e-01 -5.935466000000e-02 -2.573958000000e+01 -4.662115000000e-01 7.559720000000e-02 8.814373000000e-01 4.025886000000e+01
8.833160000000e-01 -1.717209000000e-02 4.684635000000e-01 2.773332000000e+02 4.849503000000e-02 9.973144000000e-01 -5.488254000000e-02 -2.581772000000e+01 -4.662629000000e-01 7.119676000000e-02 8.817765000000e-01 4.146026000000e+01
8.833949000000e-01 -1.996735000000e-02 4.682038000000e-01 2.779897000000e+02 4.854712000000e-02 9.976157000000e-01 -4.905241000000e-02 -2.589095000000e+01 -4.661080000000e-01 6.606258000000e-02 8.822579000000e-01 4.266533000000e+01
8.835419000000e-01 -2.080835000000e-02 4.678897000000e-01 2.786412000000e+02 4.837570000000e-02 9.977238000000e-01 -4.697897000000e-02 -2.596207000000e+01 -4.658471000000e-01 6.414237000000e-02 8.825373000000e-01 4.386931000000e+01
8.837829000000e-01 -2.005834000000e-02 4.674671000000e-01 2.792787000000e+02 4.788040000000e-02 9.977129000000e-01 -4.771120000000e-02 -2.603112000000e+01 -4.654410000000e-01 6.454884000000e-02 8.827220000000e-01 4.507929000000e+01
8.840439000000e-01 -1.962083000000e-02 4.669920000000e-01 2.799126000000e+02 4.760399000000e-02 9.977027000000e-01 -4.819839000000e-02 -2.608758000000e+01 -4.649735000000e-01 6.484016000000e-02 8.829470000000e-01 4.630183000000e+01
8.844652000000e-01 -2.000550000000e-02 4.661772000000e-01 2.805375000000e+02 4.669350000000e-02 9.978602000000e-01 -4.576819000000e-02 -2.614117000000e+01 -4.642640000000e-01 6.224780000000e-02 8.835067000000e-01 4.751695000000e+01
8.851486000000e-01 -2.172738000000e-02 4.648010000000e-01 2.811555000000e+02 4.723304000000e-02 9.979450000000e-01 -4.329922000000e-02 -2.620061000000e+01 -4.629051000000e-01 6.028020000000e-02 8.843558000000e-01 4.873888000000e+01
8.859643000000e-01 -2.256063000000e-02 4.632045000000e-01 2.817758000000e+02 4.796379000000e-02 9.979172000000e-01 -4.313548000000e-02 -2.626818000000e+01 -4.612666000000e-01 6.043353000000e-02 8.852010000000e-01 4.994990000000e+01
8.869182000000e-01 -2.297194000000e-02 4.613550000000e-01 2.823751000000e+02 4.866709000000e-02 9.978510000000e-01 -4.387327000000e-02 -2.634535000000e+01 -4.593557000000e-01 6.136480000000e-02 8.861301000000e-01 5.115076000000e+01
8.882337000000e-01 -2.253104000000e-02 4.588391000000e-01 2.829719000000e+02 4.799828000000e-02 9.978815000000e-01 -4.391601000000e-02 -2.643327000000e+01 -4.568776000000e-01 6.103115000000e-02 8.874334000000e-01 5.234355000000e+01
8.896842000000e-01 -2.297630000000e-02 4.559980000000e-01 2.835631000000e+02 4.761079000000e-02 9.979568000000e-01 -4.260810000000e-02 -2.652407000000e+01 -4.540873000000e-01 5.961816000000e-02 8.889602000000e-01 5.353272000000e+01
8.910715000000e-01 -2.358221000000e-02 4.532500000000e-01 2.841668000000e+02 4.695450000000e-02 9.980804000000e-01 -4.038139000000e-02 -2.660443000000e+01 -4.514277000000e-01 5.726482000000e-02 8.904682000000e-01 5.471160000000e+01
8.923803000000e-01 -2.533091000000e-02 4.505728000000e-01 2.847651000000e+02 4.718236000000e-02 9.981885000000e-01 -3.732933000000e-02 -2.668221000000e+01 -4.488110000000e-01 5.457103000000e-02 8.919588000000e-01 5.588580000000e+01
8.937322000000e-01 -2.758897000000e-02 4.477518000000e-01 2.853565000000e+02 4.837207000000e-02 9.982143000000e-01 -3.504613000000e-02 -2.675282000000e+01 -4.459854000000e-01 5.298053000000e-02 8.934708000000e-01 5.705677000000e+01
8.951369000000e-01 -2.863093000000e-02 4.448711000000e-01 2.859400000000e+02 4.942895000000e-02 9.981565000000e-01 -3.521814000000e-02 -2.681824000000e+01 -4.430426000000e-01 5.351455000000e-02 8.949019000000e-01 5.822462000000e+01
8.965490000000e-01 -2.922661000000e-02 4.419794000000e-01 2.865120000000e+02 5.020654000000e-02 9.980955000000e-01 -3.584256000000e-02 -2.688396000000e+01 -4.400900000000e-01 5.432486000000e-02 8.963088000000e-01 5.938303000000e+01
8.979296000000e-01 -2.825816000000e-02 4.392312000000e-01 2.870756000000e+02 4.972088000000e-02 9.980613000000e-01 -3.743464000000e-02 -2.695456000000e+01 -4.373218000000e-01 5.545262000000e-02 8.975937000000e-01 6.053646000000e+01
8.990265000000e-01 -2.784710000000e-02 4.370080000000e-01 2.876286000000e+02 4.920081000000e-02 9.980802000000e-01 -3.761758000000e-02 -2.702747000000e+01 -4.351214000000e-01 5.532034000000e-02 8.986706000000e-01 6.168480000000e+01
8.998586000000e-01 -2.744439000000e-02 4.353176000000e-01 2.881771000000e+02 4.789099000000e-02 9.982012000000e-01 -3.606582000000e-02 -2.709889000000e+01 -4.335448000000e-01 5.330191000000e-02 8.995542000000e-01 6.282951000000e+01
9.002990000000e-01 -2.617090000000e-02 4.344847000000e-01 2.887120000000e+02 4.737827000000e-02 9.981520000000e-01 -3.804983000000e-02 -2.718433000000e+01 -4.326859000000e-01 5.484135000000e-02 8.998751000000e-01 6.395491000000e+01
9.004102000000e-01 -2.505723000000e-02 4.343197000000e-01 2.892480000000e+02 4.852627000000e-02 9.978945000000e-01 -4.303068000000e-02 -2.726850000000e+01 -4.323270000000e-01 5.982116000000e-02 8.997303000000e-01 6.507854000000e+01
9.004747000000e-01 -2.031906000000e-02 4.344336000000e-01 2.897689000000e+02 4.569844000000e-02 9.977988000000e-01 -4.805324000000e-02 -2.735745000000e+01 -4.325009000000e-01 6.312365000000e-02 8.994211000000e-01 6.618529000000e+01
8.997096000000e-01 -1.748636000000e-02 4.361387000000e-01 2.902939000000e+02 4.313559000000e-02 9.978680000000e-01 -4.897622000000e-02 -2.744639000000e+01 -4.343524000000e-01 6.287746000000e-02 8.985457000000e-01 6.728910000000e+01
8.980739000000e-01 -1.401572000000e-02 4.396214000000e-01 2.908162000000e+02 3.943145000000e-02 9.980332000000e-01 -4.873331000000e-02 -2.755177000000e+01 -4.380737000000e-01 6.110101000000e-02 8.968601000000e-01 6.838540000000e+01
8.953256000000e-01 -8.339108000000e-03 4.453343000000e-01 2.913402000000e+02 3.396951000000e-02 9.981912000000e-01 -4.960260000000e-02 -2.765073000000e+01 -4.441151000000e-01 5.953825000000e-02 8.939893000000e-01 6.947439000000e+01
8.916821000000e-01 -5.157048000000e-03 4.526329000000e-01 2.918711000000e+02 3.092781000000e-02 9.982925000000e-01 -4.955348000000e-02 -2.775392000000e+01 -4.516044000000e-01 5.818488000000e-02 8.903190000000e-01 7.055982000000e+01
8.874219000000e-01 -3.436524000000e-03 4.609453000000e-01 2.924080000000e+02 2.966026000000e-02 9.983257000000e-01 -4.965967000000e-02 -2.785444000000e+01 -4.600029000000e-01 5.774082000000e-02 8.860380000000e-01 7.163397000000e+01
8.824717000000e-01 -2.404826000000e-03 4.703594000000e-01 2.929650000000e+02 2.883561000000e-02 9.983826000000e-01 -4.899587000000e-02 -2.794039000000e+01 -4.694808000000e-01 5.680056000000e-02 8.811137000000e-01 7.269948000000e+01
8.768318000000e-01 -2.218774000000e-03 4.807921000000e-01 2.935381000000e+02 2.865906000000e-02 9.984524000000e-01 -4.765851000000e-02 -2.801389000000e+01 -4.799423000000e-01 5.556753000000e-02 8.755384000000e-01 7.375360000000e+01
8.703099000000e-01 -4.029010000000e-03 4.924880000000e-01 2.941300000000e+02 3.098748000000e-02 9.984332000000e-01 -4.659202000000e-02 -2.808563000000e+01 -4.915287000000e-01 5.581045000000e-02 8.690711000000e-01 7.479825000000e+01
8.631432000000e-01 -2.886490000000e-03 5.049511000000e-01 2.947341000000e+02 2.996174000000e-02 9.985146000000e-01 -4.550751000000e-02 -2.815544000000e+01 -5.040696000000e-01 5.440869000000e-02 8.619474000000e-01 7.583600000000e+01
8.551974000000e-01 -2.242481000000e-03 5.182976000000e-01 2.953511000000e+02 2.959165000000e-02 9.985707000000e-01 -4.450615000000e-02 -2.822322000000e+01 -5.174570000000e-01 5.339882000000e-02 8.540414000000e-01 7.686456000000e+01
8.462370000000e-01 3.015126000000e-04 5.328066000000e-01 2.959714000000e+02 2.749574000000e-02 9.986427000000e-01 -4.423560000000e-02 -2.830366000000e+01 -5.320967000000e-01 5.208370000000e-02 8.450800000000e-01 7.788702000000e+01
8.359234000000e-01 4.234362000000e-03 5.488299000000e-01 2.966105000000e+02 2.583621000000e-02 9.985581000000e-01 -4.705528000000e-02 -2.838466000000e+01 -5.482378000000e-01 5.351428000000e-02 8.346086000000e-01 7.889731000000e+01
8.243849000000e-01 6.865350000000e-03 5.659880000000e-01 2.972617000000e+02 2.477404000000e-02 9.985306000000e-01 -4.819645000000e-02 -2.846592000000e+01 -5.654872000000e-01 5.375423000000e-02 8.230034000000e-01 7.989280000000e+01
8.117974000000e-01 9.316890000000e-03 5.838649000000e-01 2.979466000000e+02 2.322763000000e-02 9.985661000000e-01 -4.822975000000e-02 -2.854581000000e+01 -5.834770000000e-01 5.271457000000e-02 8.104169000000e-01 8.087240000000e+01
7.977762000000e-01 1.066194000000e-02 6.028595000000e-01 2.986448000000e+02 2.210333000000e-02 9.986544000000e-01 -4.691161000000e-02 -2.862837000000e+01 -6.025485000000e-01 5.075015000000e-02 7.964670000000e-01 8.183689000000e+01
7.830685000000e-01 1.239010000000e-02 6.218121000000e-01 2.993679000000e+02 1.976829000000e-02 9.988005000000e-01 -4.479675000000e-02 -2.870452000000e+01 -6.216212000000e-01 4.737108000000e-02 7.818842000000e-01 8.277199000000e+01
7.670636000000e-01 1.451887000000e-02 6.414068000000e-01 3.001134000000e+02 1.738000000000e-02 9.989067000000e-01 -4.339611000000e-02 -2.877963000000e+01 -6.413356000000e-01 4.443522000000e-02 7.659726000000e-01 8.368846000000e+01
7.500728000000e-01 1.722674000000e-02 6.611310000000e-01 3.008679000000e+02 1.557867000000e-02 9.989231000000e-01 -4.370288000000e-02 -2.885420000000e+01 -6.611718000000e-01 4.307988000000e-02 7.489966000000e-01 8.457890000000e+01
7.318410000000e-01 2.020307000000e-02 6.811760000000e-01 3.016547000000e+02 1.425274000000e-02 9.988880000000e-01 -4.493897000000e-02 -2.892578000000e+01 -6.813264000000e-01 4.259679000000e-02 7.307392000000e-01 8.544443000000e+01
7.119818000000e-01 2.296702000000e-02 7.018223000000e-01 3.024631000000e+02 1.253375000000e-02 9.988901000000e-01 -4.540370000000e-02 -2.899859000000e+01 -7.020861000000e-01 4.112307000000e-02 7.109036000000e-01 8.628440000000e+01
6.905519000000e-01 2.575476000000e-02 7.228242000000e-01 3.032798000000e+02 1.038920000000e-02 9.989095000000e-01 -4.551724000000e-02 -2.907074000000e+01 -7.232082000000e-01 3.894158000000e-02 6.895313000000e-01 8.709419000000e+01
6.672326000000e-01 2.703787000000e-02 7.443586000000e-01 3.041299000000e+02 9.116819000000e-03 9.989696000000e-01 -4.445848000000e-02 -2.914176000000e+01 -7.447936000000e-01 3.645032000000e-02 6.662985000000e-01 8.787373000000e+01
6.420709000000e-01 2.814106000000e-02 7.661286000000e-01 3.049878000000e+02 7.707750000000e-03 9.990386000000e-01 -4.315585000000e-02 -2.921197000000e+01 -7.666065000000e-01 3.361423000000e-02 6.412367000000e-01 8.861999000000e+01
6.156333000000e-01 2.787550000000e-02 7.875396000000e-01 3.058818000000e+02 7.660545000000e-03 9.991152000000e-01 -4.135275000000e-02 -2.927962000000e+01 -7.879955000000e-01 3.149111000000e-02 6.148750000000e-01 8.933310000000e+01
5.880299000000e-01 2.882443000000e-02 8.083254000000e-01 3.067958000000e+02 6.838965000000e-03 9.991519000000e-01 -4.060432000000e-02 -2.934553000000e+01 -8.088102000000e-01 2.940465000000e-02 5.873340000000e-01 9.000974000000e+01
5.597121000000e-01 3.037988000000e-02 8.281301000000e-01 3.077053000000e+02 6.426586000000e-03 9.991386000000e-01 -4.099688000000e-02 -2.941041000000e+01 -8.286622000000e-01 2.826849000000e-02 5.590347000000e-01 9.064561000000e+01
5.307598000000e-01 3.317570000000e-02 8.468727000000e-01 3.086449000000e+02 5.653365000000e-03 9.990727000000e-01 -4.268117000000e-02 -2.947378000000e+01 -8.475034000000e-01 2.744112000000e-02 5.300801000000e-01 9.124501000000e+01
5.008540000000e-01 3.378160000000e-02 8.648723000000e-01 3.096103000000e+02 5.528904000000e-03 9.990928000000e-01 -4.222604000000e-02 -2.953513000000e+01 -8.655141000000e-01 2.593087000000e-02 5.002128000000e-01 9.181531000000e+01
4.704945000000e-01 3.301070000000e-02 8.817853000000e-01 3.105669000000e+02 5.450799000000e-03 9.991722000000e-01 -4.031362000000e-02 -2.959748000000e+01 -8.823861000000e-01 2.377376000000e-02 4.699250000000e-01 9.234168000000e+01
4.397830000000e-01 3.211367000000e-02 8.975298000000e-01 3.115574000000e+02 5.950806000000e-03 9.992344000000e-01 -3.866852000000e-02 -2.965731000000e+01 -8.980843000000e-01 2.234678000000e-02 4.392551000000e-01 9.283539000000e+01
4.082298000000e-01 3.394773000000e-02 9.122478000000e-01 3.125406000000e+02 4.728995000000e-03 9.992162000000e-01 -3.930033000000e-02 -2.971672000000e+01 -9.128669000000e-01 2.035758000000e-02 4.077493000000e-01 9.328799000000e+01
3.758892000000e-01 3.637339000000e-02 9.259505000000e-01 3.135495000000e+02 5.649057000000e-03 9.991208000000e-01 -4.154093000000e-02 -2.977541000000e+01 -9.266474000000e-01 2.084552000000e-02 3.753532000000e-01 9.370432000000e+01
3.429078000000e-01 3.917740000000e-02 9.385518000000e-01 3.145745000000e+02 6.081535000000e-03 9.990164000000e-01 -4.392328000000e-02 -2.983560000000e+01 -9.393493000000e-01 2.076947000000e-02 3.423323000000e-01 9.408525000000e+01
3.098186000000e-01 3.982746000000e-02 9.499612000000e-01 3.155897000000e+02 6.643982000000e-03 9.990072000000e-01 -4.405060000000e-02 -2.989502000000e+01 -9.507724000000e-01 1.995921000000e-02 3.092464000000e-01 9.442487000000e+01
2.758771000000e-01 3.844616000000e-02 9.604237000000e-01 3.166366000000e+02 4.512634000000e-03 9.991369000000e-01 -4.129210000000e-02 -2.995473000000e+01 -9.611823000000e-01 1.572558000000e-02 2.754655000000e-01 9.473325000000e+01
2.414517000000e-01 3.613818000000e-02 9.697397000000e-01 3.176908000000e+02 4.722397000000e-03 9.992507000000e-01 -3.841375000000e-02 -3.001187000000e+01 -9.704013000000e-01 1.385455000000e-02 2.411001000000e-01 9.500157000000e+01
2.069094000000e-01 3.571477000000e-02 9.777080000000e-01 3.187311000000e+02 3.630099000000e-03 9.992986000000e-01 -3.727168000000e-02 -3.006850000000e+01 -9.783533000000e-01 1.126103000000e-02 2.066346000000e-01 9.523110000000e+01
1.717369000000e-01 3.703548000000e-02 9.844465000000e-01 3.197947000000e+02 3.953233000000e-03 9.992591000000e-01 -3.828239000000e-02 -3.012356000000e+01 -9.851349000000e-01 1.046624000000e-02 1.714633000000e-01 9.542232000000e+01
1.368249000000e-01 4.202488000000e-02 9.897034000000e-01 3.208590000000e+02 1.623560000000e-03 9.990888000000e-01 -4.264787000000e-02 -3.016824000000e+01 -9.905939000000e-01 7.442130000000e-03 1.366320000000e-01 9.558824000000e+01
1.019517000000e-01 4.625686000000e-02 9.937133000000e-01 3.219470000000e+02 6.942772000000e-04 9.989148000000e-01 -4.657023000000e-02 -3.021446000000e+01 -9.947891000000e-01 5.437821000000e-03 1.018089000000e-01 9.571904000000e+01
6.703631000000e-02 4.748231000000e-02 9.966201000000e-01 3.230375000000e+02 -2.666890000000e-04 9.988678000000e-01 -4.757147000000e-02 -3.026402000000e+01 -9.977505000000e-01 2.923224000000e-03 6.697307000000e-02 9.581136000000e+01
3.156718000000e-02 4.484208000000e-02 9.984952000000e-01 3.241126000000e+02 -2.041458000000e-03 9.989939000000e-01 -4.479994000000e-02 -3.031537000000e+01 -9.994995000000e-01 -6.241818000000e-04 3.162696000000e-02 9.586232000000e+01
-3.940387000000e-03 3.962768000000e-02 9.992068000000e-01 3.252020000000e+02 -2.810660000000e-03 9.992101000000e-01 -3.963891000000e-02 -3.036708000000e+01 -9.999882000000e-01 -2.964626000000e-03 -3.825893000000e-03 9.587514000000e+01
-3.962908000000e-02 3.658258000000e-02 9.985446000000e-01 3.262896000000e+02 -4.638304000000e-03 9.993121000000e-01 -3.679479000000e-02 -3.041637000000e+01 -9.992037000000e-01 -6.089699000000e-03 -3.943213000000e-02 9.585109000000e+01
-7.606457000000e-02 3.893567000000e-02 9.963424000000e-01 3.273400000000e+02 -4.138606000000e-03 9.992163000000e-01 -3.936394000000e-02 -3.046610000000e+01 -9.970943000000e-01 -7.117672000000e-03 -7.584382000000e-02 9.577936000000e+01
-1.123520000000e-01 4.207939000000e-02 9.927771000000e-01 3.284041000000e+02 -2.828521000000e-03 9.990853000000e-01 -4.266688000000e-02 -3.051098000000e+01 -9.936644000000e-01 -7.601802000000e-03 -1.121302000000e-01 9.567252000000e+01
-1.488951000000e-01 4.202969000000e-02 9.879594000000e-01 3.294405000000e+02 -4.514681000000e-03 9.990570000000e-01 -4.318222000000e-02 -3.056169000000e+01 -9.888427000000e-01 -1.088994000000e-02 -1.485649000000e-01 9.552365000000e+01
-1.851665000000e-01 3.857334000000e-02 9.819499000000e-01 3.305458000000e+02 -7.005235000000e-03 9.991521000000e-01 -4.057007000000e-02 -3.060903000000e+01 -9.826822000000e-01 -1.439101000000e-02 -1.847392000000e-01 9.532182000000e+01
-2.212745000000e-01 3.581193000000e-02 9.745538000000e-01 3.316354000000e+02 -7.939630000000e-03 9.992262000000e-01 -3.852128000000e-02 -3.065512000000e+01 -9.751792000000e-01 -1.626137000000e-02 -2.208189000000e-01 9.508603000000e+01
-2.568828000000e-01 3.277614000000e-02 9.658866000000e-01 3.326914000000e+02 -9.884094000000e-03 9.992834000000e-01 -3.653816000000e-02 -3.069719000000e+01 -9.663920000000e-01 -1.893294000000e-02 -2.563747000000e-01 9.481170000000e+01
-2.918987000000e-01 3.012843000000e-02 9.559746000000e-01 3.337304000000e+02 -9.656136000000e-03 9.993600000000e-01 -3.444419000000e-02 -3.073619000000e+01 -9.564004000000e-01 -1.928524000000e-02 -2.914210000000e-01 9.450986000000e+01
-3.265623000000e-01 2.682701000000e-02 9.447949000000e-01 3.347562000000e+02 -9.887336000000e-03 9.994454000000e-01 -3.179629000000e-02 -3.077361000000e+01 -9.451239000000e-01 -1.972498000000e-02 -3.261160000000e-01 9.417190000000e+01
-3.610514000000e-01 2.421858000000e-02 9.322314000000e-01 3.357192000000e+02 -9.562099000000e-03 9.995140000000e-01 -2.966992000000e-02 -3.078325000000e+01 -9.324969000000e-01 -1.962645000000e-02 -3.606443000000e-01 9.380084000000e+01
-3.951080000000e-01 2.253221000000e-02 9.183583000000e-01 3.366889000000e+02 -1.073748000000e-02 9.995176000000e-01 -2.914310000000e-02 -3.081099000000e+01 -9.185719000000e-01 -2.137552000000e-02 -3.946754000000e-01 9.339796000000e+01
-4.287009000000e-01 2.216813000000e-02 9.031745000000e-01 3.376369000000e+02 -1.193111000000e-02 9.994728000000e-01 -3.019497000000e-02 -3.085966000000e+01 -9.033677000000e-01 -2.372048000000e-02 -4.282103000000e-01 9.296335000000e+01
-4.613655000000e-01 2.251846000000e-02 8.869244000000e-01 3.385572000000e+02 -1.070344000000e-02 9.994638000000e-01 -3.094355000000e-02 -3.090431000000e+01 -8.871456000000e-01 -2.376943000000e-02 -4.608770000000e-01 9.248807000000e+01
-4.934209000000e-01 2.081948000000e-02 8.695415000000e-01 3.394758000000e+02 -1.154287000000e-02 9.994687000000e-01 -3.048034000000e-02 -3.093784000000e+01 -8.697140000000e-01 -2.507664000000e-02 -4.929184000000e-01 9.199528000000e+01
-5.256449000000e-01 1.892426000000e-02 8.504936000000e-01 3.403632000000e+02 -1.286509000000e-02 9.994614000000e-01 -3.019017000000e-02 -3.097476000000e+01 -8.506068000000e-01 -2.681098000000e-02 -5.251182000000e-01 9.146107000000e+01
-5.578479000000e-01 1.935754000000e-02 8.297175000000e-01 3.412507000000e+02 -1.388537000000e-02 9.993703000000e-01 -3.265122000000e-02 -3.101885000000e+01 -8.298270000000e-01 -2.973534000000e-02 -5.572278000000e-01 9.091840000000e+01
-5.894881000000e-01 1.870110000000e-02 8.075606000000e-01 3.421278000000e+02 -1.663015000000e-02 9.992391000000e-01 -3.527928000000e-02 -3.106294000000e+01 -8.076058000000e-01 -3.422657000000e-02 -5.887285000000e-01 9.032548000000e+01
-6.203686000000e-01 1.694081000000e-02 7.841275000000e-01 3.429641000000e+02 -1.844662000000e-02 9.991750000000e-01 -3.618104000000e-02 -3.111183000000e+01 -7.840934000000e-01 -3.691008000000e-02 -6.195442000000e-01 8.969218000000e+01
-6.501193000000e-01 1.535427000000e-02 7.596771000000e-01 3.438048000000e+02 -1.920517000000e-02 9.991443000000e-01 -3.662976000000e-02 -3.116246000000e+01 -7.595894000000e-01 -3.840343000000e-02 -6.492680000000e-01 8.901640000000e+01
-6.791392000000e-01 1.280569000000e-02 7.338979000000e-01 3.446277000000e+02 -2.178977000000e-02 9.990554000000e-01 -3.759636000000e-02 -3.122212000000e+01 -7.336860000000e-01 -4.152462000000e-02 -6.782186000000e-01 8.831983000000e+01
-7.070121000000e-01 1.240558000000e-02 7.070927000000e-01 3.454033000000e+02 -2.158443000000e-02 9.990018000000e-01 -3.910897000000e-02 -3.128356000000e+01 -7.068720000000e-01 -4.291270000000e-02 -7.060385000000e-01 8.757917000000e+01
-7.338981000000e-01 1.032965000000e-02 6.791811000000e-01 3.461744000000e+02 -2.348121000000e-02 9.989009000000e-01 -4.056520000000e-02 -3.133560000000e+01 -6.788536000000e-01 -4.571871000000e-02 -7.328489000000e-01 8.679168000000e+01
-7.599961000000e-01 9.120945000000e-03 6.498636000000e-01 3.468926000000e+02 -2.446515000000e-02 9.987913000000e-01 -4.262948000000e-02 -3.139203000000e+01 -6.494670000000e-01 -4.829724000000e-02 -7.588544000000e-01 8.596231000000e+01
-7.843105000000e-01 8.261315000000e-03 6.203135000000e-01 3.475922000000e+02 -2.341038000000e-02 9.988050000000e-01 -4.290162000000e-02 -3.143194000000e+01 -6.199266000000e-01 -4.816996000000e-02 -7.831798000000e-01 8.509257000000e+01
-8.075909000000e-01 6.169080000000e-03 5.897109000000e-01 3.482601000000e+02 -2.269372000000e-02 9.988796000000e-01 -4.152784000000e-02 -3.147383000000e+01 -5.893064000000e-01 -4.692023000000e-02 -8.065460000000e-01 8.418825000000e+01
-8.299145000000e-01 5.352765000000e-03 5.578650000000e-01 3.488732000000e+02 -2.086912000000e-02 9.989562000000e-01 -4.063128000000e-02 -3.152191000000e+01 -5.575002000000e-01 -4.536263000000e-02 -8.289365000000e-01 8.326112000000e+01
-8.507188000000e-01 5.384843000000e-03 5.255936000000e-01 3.494634000000e+02 -1.916965000000e-02 9.989644000000e-01 -4.126241000000e-02 -3.156643000000e+01 -5.252714000000e-01 -4.517815000000e-02 -8.497345000000e-01 8.232149000000e+01
-8.703117000000e-01 2.096763000000e-03 4.924969000000e-01 3.500267000000e+02 -2.005626000000e-02 9.990105000000e-01 -3.969547000000e-02 -3.161810000000e+01 -4.920928000000e-01 -4.442508000000e-02 -8.694084000000e-01 8.136120000000e+01
-8.882599000000e-01 2.102433000000e-03 4.593365000000e-01 3.505207000000e+02 -1.612978000000e-02 9.992300000000e-01 -3.576520000000e-02 -3.166459000000e+01 -4.590580000000e-01 -3.917778000000e-02 -8.875420000000e-01 8.038229000000e+01
-9.040897000000e-01 -1.517751000000e-03 4.273400000000e-01 3.510025000000e+02 -1.699108000000e-02 9.993306000000e-01 -3.239746000000e-02 -3.171342000000e+01 -4.270048000000e-01 -3.655117000000e-02 -9.035103000000e-01 7.939779000000e+01
-9.185637000000e-01 -5.436511000000e-03 3.952357000000e-01 3.514504000000e+02 -1.945706000000e-02 9.993151000000e-01 -3.147430000000e-02 -3.176115000000e+01 -3.947938000000e-01 -3.660127000000e-02 -9.180403000000e-01 7.840742000000e+01
-9.318690000000e-01 4.605406000000e-05 3.627950000000e-01 3.518307000000e+02 -1.342805000000e-02 9.993104000000e-01 -3.461792000000e-02 -3.180643000000e+01 -3.625464000000e-01 -3.713099000000e-02 -9.312257000000e-01 7.740523000000e+01
-9.431365000000e-01 -1.769090000000e-03 3.324010000000e-01 3.522040000000e+02 -1.631811000000e-02 9.990266000000e-01 -4.098317000000e-02 -3.185273000000e+01 -3.320049000000e-01 -4.407687000000e-02 -9.422472000000e-01 7.640283000000e+01
-9.521466000000e-01 -1.413377000000e-03 3.056386000000e-01 3.525292000000e+02 -1.618512000000e-02 9.988194000000e-01 -4.580216000000e-02 -3.190374000000e+01 -3.052130000000e-01 -4.855716000000e-02 -9.510453000000e-01 7.538747000000e+01
-9.597008000000e-01 1.155832000000e-03 2.810216000000e-01 3.528360000000e+02 -1.185485000000e-02 9.989349000000e-01 -4.459344000000e-02 -3.195765000000e+01 -2.807738000000e-01 -4.612783000000e-02 -9.586648000000e-01 7.435964000000e+01
-9.660147000000e-01 4.352187000000e-03 2.584507000000e-01 3.531078000000e+02 -6.851740000000e-03 9.990758000000e-01 -4.243383000000e-02 -3.201222000000e+01 -2.583965000000e-01 -4.276253000000e-02 -9.650920000000e-01 7.330649000000e+01
-9.709271000000e-01 6.021935000000e-03 2.392999000000e-01 3.533538000000e+02 -3.789561000000e-03 9.991715000000e-01 -4.051963000000e-02 -3.206292000000e+01 -2.393456000000e-01 -4.024844000000e-02 -9.700998000000e-01 7.224390000000e+01
-9.745985000000e-01 7.619454000000e-03 2.238300000000e-01 3.535839000000e+02 -1.346842000000e-03 9.992036000000e-01 -3.987859000000e-02 -3.210888000000e+01 -2.239556000000e-01 -3.916707000000e-02 -9.738120000000e-01 7.116473000000e+01
-9.772849000000e-01 9.588432000000e-03 2.117129000000e-01 3.538112000000e+02 1.052517000000e-03 9.991832000000e-01 -4.039434000000e-02 -3.213885000000e+01 -2.119273000000e-01 -3.925393000000e-02 -9.764967000000e-01 7.009665000000e+01
-9.792743000000e-01 9.971020000000e-03 2.022929000000e-01 3.540381000000e+02 1.582210000000e-03 9.991336000000e-01 -4.158808000000e-02 -3.216678000000e+01 -2.025323000000e-01 -4.040606000000e-02 -9.784416000000e-01 6.902950000000e+01
-9.809430000000e-01 1.047483000000e-02 1.940132000000e-01 3.542547000000e+02 2.364847000000e-03 9.991154000000e-01 -4.198575000000e-02 -3.219995000000e+01 -1.942813000000e-01 -4.072681000000e-02 -9.801000000000e-01 6.796041000000e+01
-9.824772000000e-01 1.000820000000e-02 1.861143000000e-01 3.544647000000e+02 2.313930000000e-03 9.991353000000e-01 -4.151307000000e-02 -3.224229000000e+01 -1.863688000000e-01 -4.035498000000e-02 -9.816507000000e-01 6.688905000000e+01
-9.840022000000e-01 9.795356000000e-03 1.778869000000e-01 3.546730000000e+02 2.578459000000e-03 9.991658000000e-01 -4.075615000000e-02 -3.229780000000e+01 -1.781377000000e-01 -3.964546000000e-02 -9.832065000000e-01 6.581079000000e+01
-9.854022000000e-01 9.583833000000e-03 1.699726000000e-01 3.548705000000e+02 2.568297000000e-03 9.991374000000e-01 -4.144651000000e-02 -3.235261000000e+01 -1.702232000000e-01 -4.040493000000e-02 -9.845768000000e-01 6.473818000000e+01
-9.867794000000e-01 1.030711000000e-02 1.617415000000e-01 3.550474000000e+02 3.583864000000e-03 9.991193000000e-01 -4.180475000000e-02 -3.240759000000e+01 -1.620299000000e-01 -4.067240000000e-02 -9.859472000000e-01 6.366461000000e+01
-9.880906000000e-01 1.052240000000e-02 1.535133000000e-01 3.552099000000e+02 4.172685000000e-03 9.991245000000e-01 -4.162641000000e-02 -3.246546000000e+01 -1.538169000000e-01 -4.049009000000e-02 -9.872694000000e-01 6.258830000000e+01
-9.893378000000e-01 9.608208000000e-03 1.453222000000e-01 3.553577000000e+02 3.681741000000e-03 9.991525000000e-01 -4.099572000000e-02 -3.252830000000e+01 -1.455930000000e-01 -4.002356000000e-02 -9.885346000000e-01 6.151644000000e+01
-9.904889000000e-01 9.780735000000e-03 1.372447000000e-01 3.555005000000e+02 4.359943000000e-03 9.992004000000e-01 -3.974250000000e-02 -3.258716000000e+01 -1.375237000000e-01 -3.876612000000e-02 -9.897395000000e-01 6.044910000000e+01
-9.914795000000e-01 9.417587000000e-03 1.299225000000e-01 3.556323000000e+02 4.366222000000e-03 9.992253000000e-01 -3.911009000000e-02 -3.264747000000e+01 -1.301902000000e-01 -3.820957000000e-02 -9.907525000000e-01 5.938780000000e+01
-9.921885000000e-01 1.116568000000e-02 1.242474000000e-01 3.557580000000e+02 6.344096000000e-03 9.992138000000e-01 -3.913463000000e-02 -3.270491000000e+01 -1.245867000000e-01 -3.804069000000e-02 -9.914792000000e-01 5.833524000000e+01
-9.926419000000e-01 1.304932000000e-02 1.203818000000e-01 3.558669000000e+02 8.391197000000e-03 9.991992000000e-01 -3.912072000000e-02 -3.276051000000e+01 -1.207959000000e-01 -3.782271000000e-02 -9.919565000000e-01 5.729608000000e+01
-9.928659000000e-01 1.570197000000e-02 1.181986000000e-01 3.559811000000e+02 1.136840000000e-02 9.992413000000e-01 -3.724898000000e-02 -3.283128000000e+01 -1.186938000000e-01 -3.563950000000e-02 -9.922910000000e-01 5.625903000000e+01
-9.928830000000e-01 1.792028000000e-02 1.177379000000e-01 3.560912000000e+02 1.382365000000e-02 9.992733000000e-01 -3.551959000000e-02 -3.290197000000e+01 -1.182889000000e-01 -3.363922000000e-02 -9.924092000000e-01 5.522781000000e+01
-9.927392000000e-01 2.009212000000e-02 1.185971000000e-01 3.561985000000e+02 1.603784000000e-02 9.992571000000e-01 -3.504143000000e-02 -3.297656000000e+01 -1.192131000000e-01 -3.288495000000e-02 -9.923239000000e-01 5.420816000000e+01
-9.922906000000e-01 2.453684000000e-02 1.214798000000e-01 3.563117000000e+02 2.038991000000e-02 9.991700000000e-01 -3.526318000000e-02 -3.304706000000e+01 -1.222442000000e-01 -3.251436000000e-02 -9.919673000000e-01 5.320035000000e+01
-9.916055000000e-01 2.780911000000e-02 1.262744000000e-01 3.564113000000e+02 2.334937000000e-02 9.990549000000e-01 -3.666205000000e-02 -3.310303000000e+01 -1.271745000000e-01 -3.340585000000e-02 -9.913176000000e-01 5.220450000000e+01
-9.906151000000e-01 2.857293000000e-02 1.336614000000e-01 3.565258000000e+02 2.355103000000e-02 9.989615000000e-01 -3.900352000000e-02 -3.315419000000e+01 -1.346370000000e-01 -3.548961000000e-02 -9.902592000000e-01 5.122105000000e+01
-9.891408000000e-01 2.975224000000e-02 1.439286000000e-01 3.566428000000e+02 2.421763000000e-02 9.989039000000e-01 -4.005457000000e-02 -3.319595000000e+01 -1.449626000000e-01 -3.613399000000e-02 -9.887771000000e-01 5.025407000000e+01
-9.872740000000e-01 2.924524000000e-02 1.563165000000e-01 3.567934000000e+02 2.360484000000e-02 9.990058000000e-01 -3.781891000000e-02 -3.322211000000e+01 -1.572671000000e-01 -3.364779000000e-02 -9.869827000000e-01 4.930054000000e+01
-9.850059000000e-01 2.811086000000e-02 1.702153000000e-01 3.569613000000e+02 2.269478000000e-02 9.991749000000e-01 -3.368197000000e-02 -3.323857000000e+01 -1.710217000000e-01 -2.931393000000e-02 -9.848310000000e-01 4.836940000000e+01
-9.820579000000e-01 2.639948000000e-02 1.867229000000e-01 3.571465000000e+02 2.057740000000e-02 9.992418000000e-01 -3.305047000000e-02 -3.326250000000e+01 -1.874538000000e-01 -2.861520000000e-02 -9.818565000000e-01 4.747128000000e+01
-9.780685000000e-01 2.702408000000e-02 2.065230000000e-01 3.573321000000e+02 2.034523000000e-02 9.992012000000e-01 -3.439558000000e-02 -3.328258000000e+01 -2.072876000000e-01 -2.943947000000e-02 -9.778369000000e-01 4.659630000000e+01
-9.726318000000e-01 3.109031000000e-02 2.302627000000e-01 3.575389000000e+02 2.379552000000e-02 9.991251000000e-01 -3.439049000000e-02 -3.330692000000e+01 -2.311305000000e-01 -2.797006000000e-02 -9.725206000000e-01 4.575254000000e+01
-9.659795000000e-01 3.113546000000e-02 2.567376000000e-01 3.577696000000e+02 2.320466000000e-02 9.991570000000e-01 -3.386338000000e-02 -3.333504000000e+01 -2.575755000000e-01 -2.675382000000e-02 -9.658877000000e-01 4.493893000000e+01
-9.576885000000e-01 3.167717000000e-02 2.860584000000e-01 3.580029000000e+02 2.303872000000e-02 9.991726000000e-01 -3.351436000000e-02 -3.336145000000e+01 -2.868833000000e-01 -2.550589000000e-02 -9.576259000000e-01 4.414950000000e+01
-9.468315000000e-01 3.499419000000e-02 3.198212000000e-01 3.582753000000e+02 2.504018000000e-02 9.990671000000e-01 -3.518441000000e-02 -3.338981000000e+01 -3.207541000000e-01 -2.530532000000e-02 -9.468243000000e-01 4.338883000000e+01
-9.330286000000e-01 3.590855000000e-02 3.580061000000e-01 3.585870000000e+02 2.447176000000e-02 9.990366000000e-01 -3.642709000000e-02 -3.341599000000e+01 -3.589692000000e-01 -2.522647000000e-02 -9.330084000000e-01 4.264795000000e+01
-9.157356000000e-01 3.666592000000e-02 4.001049000000e-01 3.588868000000e+02 2.460682000000e-02 9.990760000000e-01 -3.523754000000e-02 -3.344659000000e+01 -4.010272000000e-01 -2.242296000000e-02 -9.157916000000e-01 4.192556000000e+01
-8.944732000000e-01 3.398493000000e-02 4.458282000000e-01 3.592668000000e+02 2.144982000000e-02 9.992207000000e-01 -3.313420000000e-02 -3.347315000000e+01 -4.466068000000e-01 -2.007472000000e-02 -8.945050000000e-01 4.123889000000e+01
-8.696613000000e-01 2.858657000000e-02 4.928205000000e-01 3.596877000000e+02 1.572535000000e-02 9.994195000000e-01 -3.022249000000e-02 -3.349971000000e+01 -4.933983000000e-01 -1.853356000000e-02 -8.696059000000e-01 4.058576000000e+01
-8.408458000000e-01 2.218100000000e-02 5.408202000000e-01 3.600826000000e+02 9.153789000000e-03 9.995998000000e-01 -2.676530000000e-02 -3.352433000000e+01 -5.411974000000e-01 -1.755493000000e-02 -8.407123000000e-01 3.995770000000e+01
-8.079307000000e-01 1.467433000000e-02 5.890949000000e-01 3.605718000000e+02 2.279310000000e-03 9.997602000000e-01 -2.177798000000e-02 -3.354565000000e+01 -5.892732000000e-01 -1.625236000000e-02 -8.077703000000e-01 3.937383000000e+01
-7.708360000000e-01 6.768953000000e-03 6.369978000000e-01 3.610953000000e+02 -4.617726000000e-03 9.998579000000e-01 -1.621279000000e-02 -3.356709000000e+01 -6.370169000000e-01 -1.543888000000e-02 -7.706951000000e-01 3.882716000000e+01
-7.297351000000e-01 -8.736865000000e-04 6.837295000000e-01 3.615792000000e+02 -1.039472000000e-02 9.998978000000e-01 -9.816461000000e-03 -3.359500000000e+01 -6.836510000000e-01 -1.427059000000e-02 -7.296695000000e-01 3.830721000000e+01
-6.852489000000e-01 -7.526310000000e-03 7.282701000000e-01 3.621563000000e+02 -1.446055000000e-02 9.998901000000e-01 -3.272961000000e-03 -3.361158000000e+01 -7.281654000000e-01 -1.277398000000e-02 -6.852824000000e-01 3.783554000000e+01
-6.377288000000e-01 -1.374224000000e-02 7.701384000000e-01 3.627586000000e+02 -1.926288000000e-02 9.998126000000e-01 1.889488000000e-03 -3.362456000000e+01 -7.700200000000e-01 -1.363010000000e-02 -6.378740000000e-01 3.740528000000e+01
-5.870550000000e-01 -1.534423000000e-02 8.094017000000e-01 3.633163000000e+02 -2.030223000000e-02 9.997849000000e-01 4.228306000000e-03 -3.363112000000e+01 -8.092924000000e-01 -1.395041000000e-02 -5.872402000000e-01 3.699907000000e+01
-5.332807000000e-01 -1.429363000000e-02 8.458177000000e-01 3.639744000000e+02 -2.043037000000e-02 9.997832000000e-01 4.014346000000e-03 -3.363497000000e+01 -8.456916000000e-01 -1.513960000000e-02 -5.334570000000e-01 3.663830000000e+01
-4.764013000000e-01 -1.331145000000e-02 8.791272000000e-01 3.645881000000e+02 -2.201997000000e-02 9.997524000000e-01 3.205230000000e-03 -3.363449000000e+01 -8.789522000000e-01 -1.783138000000e-02 -4.765764000000e-01 3.630391000000e+01
-4.177350000000e-01 -1.467348000000e-02 9.084505000000e-01 3.653160000000e+02 -2.216797000000e-02 9.997365000000e-01 5.954392000000e-03 -3.362887000000e+01 -9.082984000000e-01 -1.765114000000e-02 -4.179502000000e-01 3.601420000000e+01
-3.576935000000e-01 -1.960480000000e-02 9.336333000000e-01 3.660804000000e+02 -2.161635000000e-02 9.996855000000e-01 1.271013000000e-02 -3.361559000000e+01 -9.335888000000e-01 -1.563542000000e-02 -3.580048000000e-01 3.576111000000e+01
-2.984808000000e-01 -2.937946000000e-02 9.539634000000e-01 3.668277000000e+02 -2.324905000000e-02 9.994533000000e-01 2.350614000000e-02 -3.356380000000e+01 -9.541324000000e-01 -1.516261000000e-02 -2.990007000000e-01 3.554989000000e+01
-2.414009000000e-01 -3.767190000000e-02 9.696940000000e-01 3.676796000000e+02 -1.982693000000e-02 9.992291000000e-01 3.388350000000e-02 -3.349200000000e+01 -9.702229000000e-01 -1.104655000000e-02 -2.419617000000e-01 3.537805000000e+01
-1.868591000000e-01 -4.220263000000e-02 9.814798000000e-01 3.685473000000e+02 -1.529209000000e-02 9.990807000000e-01 4.004806000000e-02 -3.344788000000e+01 -9.822677000000e-01 -7.525531000000e-03 -1.873327000000e-01 3.523449000000e+01
-1.347443000000e-01 -4.053713000000e-02 9.900509000000e-01 3.693904000000e+02 -1.147526000000e-02 9.991596000000e-01 3.934832000000e-02 -3.337762000000e+01 -9.908139000000e-01 -6.059128000000e-03 -1.350962000000e-01 3.512647000000e+01
-8.526409000000e-02 -3.221245000000e-02 9.958376000000e-01 3.702830000000e+02 -8.665872000000e-03 9.994634000000e-01 3.158776000000e-02 -3.330190000000e+01 -9.963207000000e-01 -5.936502000000e-03 -8.549748000000e-02 3.506860000000e+01
-3.969895000000e-02 -2.144397000000e-02 9.989816000000e-01 3.711484000000e+02 -5.923247000000e-03 9.997572000000e-01 2.122523000000e-02 -3.323144000000e+01 -9.991941000000e-01 -5.074597000000e-03 -3.981632000000e-02 3.504506000000e+01
8.915831000000e-04 -1.274252000000e-02 9.999184000000e-01 3.720553000000e+02 -2.865196000000e-03 9.999147000000e-01 1.274503000000e-02 -3.319996000000e+01 -9.999955000000e-01 -2.876328000000e-03 8.549985000000e-04 3.505669000000e+01
3.820618000000e-02 -9.277852000000e-03 9.992268000000e-01 3.729801000000e+02 -4.560965000000e-04 9.999566000000e-01 9.302064000000e-03 -3.317309000000e+01 -9.992697000000e-01 -8.111434000000e-04 3.820029000000e-02 3.510059000000e+01
7.412075000000e-02 -9.316757000000e-03 9.972058000000e-01 3.738995000000e+02 5.536779000000e-04 9.999566000000e-01 9.301300000000e-03 -3.315114000000e+01 -9.972491000000e-01 -1.372919000000e-04 7.412268000000e-02 3.517527000000e+01
1.091164000000e-01 -7.927940000000e-03 9.939974000000e-01 3.748381000000e+02 2.850440000000e-03 9.999666000000e-01 7.662638000000e-03 -3.314269000000e+01 -9.940248000000e-01 1.997207000000e-03 1.091353000000e-01 3.529061000000e+01
1.426449000000e-01 -5.254754000000e-03 9.897600000000e-01 3.757620000000e+02 3.850588000000e-03 9.999813000000e-01 4.754067000000e-03 -3.314812000000e+01 -9.897664000000e-01 3.133010000000e-03 1.426625000000e-01 3.543163000000e+01
1.741228000000e-01 -2.284599000000e-03 9.847213000000e-01 3.766981000000e+02 2.469906000000e-03 9.999952000000e-01 1.883292000000e-03 -3.315656000000e+01 -9.847208000000e-01 2.104241000000e-03 1.741276000000e-01 3.561111000000e+01
2.041557000000e-01 -9.918520000000e-04 9.789380000000e-01 3.776308000000e+02 1.946762000000e-03 9.999979000000e-01 6.071925000000e-04 -3.317151000000e+01 -9.789365000000e-01 1.781794000000e-03 2.041572000000e-01 3.581759000000e+01
2.345111000000e-01 2.843718000000e-04 9.721134000000e-01 3.785394000000e+02 3.960190000000e-04 9.999998000000e-01 -3.880683000000e-04 -3.320483000000e+01 -9.721133000000e-01 4.759782000000e-04 2.345110000000e-01 3.605362000000e+01
2.649021000000e-01 1.706481000000e-03 9.642738000000e-01 3.794709000000e+02 -8.573140000000e-04 9.999984000000e-01 -1.534189000000e-03 -3.323408000000e+01 -9.642749000000e-01 -4.202791000000e-04 2.649031000000e-01 3.632279000000e+01
2.947547000000e-01 2.831736000000e-03 9.555688000000e-01 3.803812000000e+02 -1.044521000000e-03 9.999959000000e-01 -2.641202000000e-03 -3.326282000000e+01 -9.555723000000e-01 -2.196079000000e-04 2.947565000000e-01 3.661413000000e+01
3.237599000000e-01 3.367060000000e-03 9.461333000000e-01 3.812994000000e+02 -7.172531000000e-04 9.999942000000e-01 -3.313303000000e-03 -3.328834000000e+01 -9.461390000000e-01 3.940943000000e-04 3.237604000000e-01 3.693969000000e+01
3.518784000000e-01 4.424781000000e-03 9.360353000000e-01 3.822121000000e+02 -1.835825000000e-03 9.999901000000e-01 -4.036978000000e-03 -3.332490000000e+01 -9.360439000000e-01 -2.978750000000e-04 3.518830000000e-01 3.729447000000e+01
3.796540000000e-01 5.876795000000e-03 9.251099000000e-01 3.830946000000e+02 -3.917350000000e-03 9.999810000000e-01 -4.744787000000e-03 -3.339281000000e+01 -9.251202000000e-01 -1.822605000000e-03 3.796698000000e-01 3.767709000000e+01
4.089588000000e-01 4.061068000000e-03 9.125438000000e-01 3.839934000000e+02 -7.806332000000e-04 9.999913000000e-01 -4.100393000000e-03 -3.345613000000e+01 -9.125525000000e-01 9.645266000000e-04 4.089584000000e-01 3.808485000000e+01
4.398912000000e-01 2.725818000000e-03 8.980470000000e-01 3.848677000000e+02 1.374979000000e-03 9.999922000000e-01 -3.708761000000e-03 -3.354234000000e+01 -8.980500000000e-01 2.866243000000e-03 4.398840000000e-01 3.851799000000e+01
4.711869000000e-01 3.713947000000e-03 8.820256000000e-01 3.857123000000e+02 2.937914000000e-03 9.999790000000e-01 -5.780080000000e-03 -3.360364000000e+01 -8.820285000000e-01 5.314809000000e-03 4.711661000000e-01 3.897693000000e+01
5.033558000000e-01 5.732545000000e-03 8.640603000000e-01 3.865588000000e+02 4.978345000000e-03 9.999421000000e-01 -9.534167000000e-03 -3.367128000000e+01 -8.640649000000e-01 9.100664000000e-03 5.032981000000e-01 3.946897000000e+01
5.364980000000e-01 6.659652000000e-03 8.438754000000e-01 3.873641000000e+02 6.733585000000e-03 9.999032000000e-01 -1.217190000000e-02 -3.373586000000e+01 -8.438747000000e-01 1.221250000000e-02 5.364012000000e-01 3.999185000000e+01
5.692474000000e-01 7.773993000000e-03 8.221295000000e-01 3.881748000000e+02 6.028589000000e-03 9.998889000000e-01 -1.362911000000e-02 -3.381662000000e+01 -8.221441000000e-01 1.271461000000e-02 5.691373000000e-01 4.055651000000e+01
6.008739000000e-01 7.100588000000e-03 7.993123000000e-01 3.889690000000e+02 6.732682000000e-03 9.998801000000e-01 -1.394353000000e-02 -3.387763000000e+01 -7.993154000000e-01 1.375981000000e-02 6.007540000000e-01 4.115519000000e+01
6.317929000000e-01 7.887445000000e-03 7.750971000000e-01 3.897015000000e+02 5.155966000000e-03 9.998833000000e-01 -1.437759000000e-02 -3.395798000000e+01 -7.751200000000e-01 1.308003000000e-02 6.316785000000e-01 4.178071000000e+01
6.616220000000e-01 8.221083000000e-03 7.497925000000e-01 3.904374000000e+02 5.483713000000e-03 9.998601000000e-01 -1.580181000000e-02 -3.402704000000e+01 -7.498174000000e-01 1.456647000000e-02 6.614843000000e-01 4.244005000000e+01
6.899681000000e-01 9.017717000000e-03 7.237836000000e-01 3.911447000000e+02 5.841473000000e-03 9.998204000000e-01 -1.802546000000e-02 -3.410827000000e+01 -7.238162000000e-01 1.666495000000e-02 6.897915000000e-01 4.312774000000e+01
7.158190000000e-01 1.076350000000e-02 6.982030000000e-01 3.918027000000e+02 4.521019000000e-03 9.997888000000e-01 -2.004784000000e-02 -3.418143000000e+01 -6.982713000000e-01 1.750721000000e-02 7.156191000000e-01 4.383919000000e+01
7.389816000000e-01 1.266783000000e-02 6.736065000000e-01 3.924645000000e+02 3.060188000000e-03 9.997498000000e-01 -2.215847000000e-02 -3.423077000000e+01 -6.737186000000e-01 1.843606000000e-02 7.387579000000e-01 4.457573000000e+01
7.593860000000e-01 1.444666000000e-02 6.504800000000e-01 3.930816000000e+02 1.389448000000e-03 9.997152000000e-01 -2.382499000000e-02 -3.428262000000e+01 -6.506389000000e-01 1.899617000000e-02 7.591496000000e-01 4.532673000000e+01
7.768003000000e-01 1.714039000000e-02 6.295137000000e-01 3.936894000000e+02 -4.172484000000e-04 9.996433000000e-01 -2.670341000000e-02 -3.434673000000e+01 -6.297468000000e-01 2.048055000000e-02 7.765303000000e-01 4.609901000000e+01
7.917985000000e-01 2.024043000000e-02 6.104470000000e-01 3.942713000000e+02 -1.928549000000e-03 9.995286000000e-01 -3.063963000000e-02 -3.442028000000e+01 -6.107794000000e-01 2.308313000000e-02 7.914642000000e-01 4.688364000000e+01
8.051408000000e-01 2.240385000000e-02 5.926605000000e-01 3.948301000000e+02 -2.565568000000e-03 9.994085000000e-01 -3.429444000000e-02 -3.448355000000e+01 -5.930782000000e-01 2.609134000000e-02 8.047220000000e-01 4.767295000000e+01
8.174758000000e-01 2.168043000000e-02 5.755549000000e-01 3.953839000000e+02 -1.860193000000e-03 9.993854000000e-01 -3.500353000000e-02 -3.454300000000e+01 -5.759600000000e-01 2.754389000000e-02 8.170136000000e-01 4.847434000000e+01
8.294927000000e-01 1.707175000000e-02 5.582566000000e-01 3.959193000000e+02 1.630840000000e-03 9.994544000000e-01 -3.298699000000e-02 -3.459666000000e+01 -5.585152000000e-01 2.827288000000e-02 8.290123000000e-01 4.928275000000e+01
8.410505000000e-01 1.360605000000e-02 5.407855000000e-01 3.964402000000e+02 3.682510000000e-03 9.995165000000e-01 -3.087481000000e-02 -3.465811000000e+01 -5.409441000000e-01 2.795871000000e-02 8.405936000000e-01 5.010229000000e+01
8.523070000000e-01 1.023580000000e-02 5.229417000000e-01 3.969422000000e+02 7.287317000000e-03 9.994790000000e-01 -3.144040000000e-02 -3.472440000000e+01 -5.229910000000e-01 3.060771000000e-02 8.517884000000e-01 5.092834000000e+01
8.631015000000e-01 7.910946000000e-03 5.049686000000e-01 3.974155000000e+02 9.817751000000e-03 9.994255000000e-01 -3.243790000000e-02 -3.479064000000e+01 -5.049351000000e-01 3.295485000000e-02 8.625279000000e-01 5.175759000000e+01
8.735747000000e-01 6.835699000000e-03 4.866422000000e-01 3.978788000000e+02 1.090884000000e-02 9.993751000000e-01 -3.362042000000e-02 -3.484613000000e+01 -4.865679000000e-01 3.467864000000e-02 8.729542000000e-01 5.260068000000e+01
8.834929000000e-01 5.188626000000e-03 4.684158000000e-01 3.983255000000e+02 1.232518000000e-02 9.993350000000e-01 -3.431649000000e-02 -3.489413000000e+01 -4.682823000000e-01 3.609168000000e-02 8.828414000000e-01 5.345014000000e+01
8.932636000000e-01 2.993198000000e-03 4.495235000000e-01 3.987455000000e+02 1.432759000000e-02 9.992802000000e-01 -3.512467000000e-02 -3.494183000000e+01 -4.493050000000e-01 3.781617000000e-02 8.925776000000e-01 5.430549000000e+01
9.026616000000e-01 4.811902000000e-04 4.303509000000e-01 3.991586000000e+02 1.603413000000e-02 9.992674000000e-01 -3.474894000000e-02 -3.498917000000e+01 -4.300523000000e-01 3.826683000000e-02 9.019926000000e-01 5.517430000000e+01
9.117332000000e-01 -2.504649000000e-03 4.107753000000e-01 3.995449000000e+02 1.786266000000e-02 9.992772000000e-01 -3.355396000000e-02 -3.503638000000e+01 -4.103943000000e-01 3.792979000000e-02 9.111189000000e-01 5.605255000000e+01
9.203186000000e-01 -4.916431000000e-03 3.911389000000e-01 3.999185000000e+02 1.909062000000e-02 9.992940000000e-01 -3.235805000000e-02 -3.508258000000e+01 -3.907037000000e-01 3.724679000000e-02 9.197626000000e-01 5.693701000000e+01
9.287947000000e-01 -8.417468000000e-03 3.704992000000e-01 4.002660000000e+02 2.205013000000e-02 9.992260000000e-01 -3.257519000000e-02 -3.513954000000e+01 -3.699382000000e-01 3.842521000000e-02 9.282613000000e-01 5.783029000000e+01
9.374916000000e-01 -1.073849000000e-02 3.478422000000e-01 4.005797000000e+02 2.397034000000e-02 9.991425000000e-01 -3.375874000000e-02 -3.520410000000e+01 -3.471814000000e-01 3.998642000000e-02 9.369451000000e-01 5.872894000000e+01
9.462958000000e-01 -1.358873000000e-02 3.230166000000e-01 4.008770000000e+02 2.621269000000e-02 9.990517000000e-01 -3.476326000000e-02 -3.527203000000e+01 -3.222379000000e-01 4.136345000000e-02 9.457546000000e-01 5.963632000000e+01
9.547855000000e-01 -1.563078000000e-02 2.968845000000e-01 4.011550000000e+02 2.716251000000e-02 9.990266000000e-01 -3.475699000000e-02 -3.533263000000e+01 -2.960522000000e-01 4.124959000000e-02 9.542806000000e-01 6.055869000000e+01
9.627559000000e-01 -1.709856000000e-02 2.698311000000e-01 4.013907000000e+02 2.729442000000e-02 9.990463000000e-01 -3.407911000000e-02 -3.539454000000e+01 -2.689911000000e-01 4.017474000000e-02 9.623044000000e-01 6.148659000000e+01
9.701143000000e-01 -1.925216000000e-02 2.418838000000e-01 4.016180000000e+02 2.822661000000e-02 9.990336000000e-01 -3.369173000000e-02 -3.545124000000e+01 -2.410014000000e-01 3.951238000000e-02 9.697201000000e-01 6.243004000000e+01
9.767613000000e-01 -2.015773000000e-02 2.133802000000e-01 4.018197000000e+02 2.811832000000e-02 9.990146000000e-01 -3.433787000000e-02 -3.550653000000e+01 -2.124777000000e-01 3.953979000000e-02 9.763656000000e-01 6.337956000000e+01
9.825529000000e-01 -2.209944000000e-02 1.846657000000e-01 4.019780000000e+02 2.892493000000e-02 9.989912000000e-01 -3.434924000000e-02 -3.556119000000e+01 -1.837203000000e-01 3.909138000000e-02 9.822009000000e-01 6.433313000000e+01
9.874699000000e-01 -2.573869000000e-02 1.556945000000e-01 4.021292000000e+02 3.144134000000e-02 9.989177000000e-01 -3.427567000000e-02 -3.561209000000e+01 -1.546438000000e-01 3.874143000000e-02 9.872104000000e-01 6.529724000000e+01
9.914978000000e-01 -3.019192000000e-02 1.265730000000e-01 4.022378000000e+02 3.488513000000e-02 9.987773000000e-01 -3.502734000000e-02 -3.566599000000e+01 -1.253607000000e-01 3.914504000000e-02 9.913386000000e-01 6.626794000000e+01
9.946653000000e-01 -3.347427000000e-02 9.757330000000e-02 4.023353000000e+02 3.722990000000e-02 9.986242000000e-01 -3.692682000000e-02 -3.571717000000e+01 -9.620295000000e-02 4.036246000000e-02 9.945430000000e-01 6.725027000000e+01
9.969015000000e-01 -3.582260000000e-02 7.003050000000e-02 4.024043000000e+02 3.863067000000e-02 9.984858000000e-01 -3.916296000000e-02 -3.576867000000e+01 -6.852153000000e-02 4.174693000000e-02 9.967757000000e-01 6.824631000000e+01
9.982942000000e-01 -3.735670000000e-02 4.486823000000e-02 4.024374000000e+02 3.922630000000e-02 9.983666000000e-01 -4.153723000000e-02 -3.582134000000e+01 -4.324324000000e-02 4.322638000000e-02 9.981289000000e-01 6.925254000000e+01
9.990029000000e-01 -3.813275000000e-02 2.322225000000e-02 4.024746000000e+02 3.908604000000e-02 9.983493000000e-01 -4.208276000000e-02 -3.586056000000e+01 -2.157919000000e-02 4.294845000000e-02 9.988442000000e-01 7.025974000000e+01
9.992823000000e-01 -3.761870000000e-02 4.441075000000e-03 4.024835000000e+02 3.776799000000e-02 9.984647000000e-01 -4.051807000000e-02 -3.590399000000e+01 -2.910020000000e-03 4.065671000000e-02 9.991689000000e-01 7.128524000000e+01
9.993010000000e-01 -3.562078000000e-02 -1.135082000000e-02 4.024705000000e+02 3.512900000000e-02 9.985446000000e-01 -4.092233000000e-02 -3.595094000000e+01 1.279199000000e-02 4.049497000000e-02 9.990978000000e-01 7.231435000000e+01
9.990558000000e-01 -3.646414000000e-02 -2.361984000000e-02 4.024473000000e+02 3.539206000000e-02 9.983903000000e-01 -4.431872000000e-02 -3.599860000000e+01 2.519786000000e-02 4.344091000000e-02 9.987381000000e-01 7.335603000000e+01
9.988883000000e-01 -3.290724000000e-02 -3.375351000000e-02 4.024084000000e+02 3.124185000000e-02 9.983230000000e-01 -4.873390000000e-02 -3.604656000000e+01 3.530060000000e-02 4.762519000000e-02 9.982413000000e-01 7.440387000000e+01
9.986452000000e-01 -3.177876000000e-02 -4.120588000000e-02 4.023695000000e+02 2.979452000000e-02 9.984074000000e-01 -4.790574000000e-02 -3.609455000000e+01 4.266263000000e-02 4.661312000000e-02 9.980015000000e-01 7.546715000000e+01
9.983799000000e-01 -3.252266000000e-02 -4.668984000000e-02 4.023418000000e+02 3.034653000000e-02 9.984533000000e-01 -4.658402000000e-02 -3.613481000000e+01 4.813266000000e-02 4.509166000000e-02 9.978226000000e-01 7.654088000000e+01
9.981451000000e-01 -3.322168000000e-02 -5.101798000000e-02 4.023114000000e+02 3.085736000000e-02 9.984438000000e-01 -4.645155000000e-02 -3.617662000000e+01 5.248178000000e-02 4.479109000000e-02 9.976168000000e-01 7.762106000000e+01
9.978801000000e-01 -3.493503000000e-02 -5.490912000000e-02 4.022695000000e+02 3.228293000000e-02 9.983029000000e-01 -4.846658000000e-02 -3.622498000000e+01 5.650912000000e-02 4.659119000000e-02 9.973143000000e-01 7.871150000000e+01
9.976107000000e-01 -3.681247000000e-02 -5.846282000000e-02 4.022288000000e+02 3.385489000000e-02 9.981349000000e-01 -5.079842000000e-02 -3.627946000000e+01 6.022379000000e-02 4.869778000000e-02 9.969962000000e-01 7.980545000000e+01
9.973764000000e-01 -3.818270000000e-02 -6.150160000000e-02 4.021768000000e+02 3.504197000000e-02 9.980652000000e-01 -5.136116000000e-02 -3.633761000000e+01 6.334371000000e-02 4.907127000000e-02 9.967846000000e-01 8.090921000000e+01
9.971849000000e-01 -3.883923000000e-02 -6.413906000000e-02 4.021342000000e+02 3.562043000000e-02 9.980842000000e-01 -5.058802000000e-02 -3.637271000000e+01 6.598097000000e-02 4.816094000000e-02 9.966579000000e-01 8.202781000000e+01
9.970210000000e-01 -3.871934000000e-02 -6.670821000000e-02 4.020754000000e+02 3.548060000000e-02 9.981649000000e-01 -4.907023000000e-02 -3.641660000000e+01 6.848576000000e-02 4.655719000000e-02 9.965651000000e-01 8.315628000000e+01
9.968327000000e-01 -3.910660000000e-02 -6.924846000000e-02 4.020279000000e+02 3.580426000000e-02 9.981907000000e-01 -4.830423000000e-02 -3.643488000000e+01 7.101218000000e-02 4.567184000000e-02 9.964292000000e-01 8.429960000000e+01
9.966339000000e-01 -3.957262000000e-02 -7.179813000000e-02 4.019744000000e+02 3.614109000000e-02 9.981701000000e-01 -4.848001000000e-02 -3.645053000000e+01 7.358522000000e-02 4.572195000000e-02 9.962402000000e-01 8.544766000000e+01
9.964069000000e-01 -4.055746000000e-02 -7.435416000000e-02 4.019278000000e+02 3.689236000000e-02 9.980666000000e-01 -5.002070000000e-02 -3.643837000000e+01 7.623911000000e-02 4.709786000000e-02 9.959765000000e-01 8.659712000000e+01
9.961674000000e-01 -4.154138000000e-02 -7.697365000000e-02 4.018673000000e+02 3.770565000000e-02 9.980053000000e-01 -5.063280000000e-02 -3.644567000000e+01 7.892346000000e-02 4.753639000000e-02 9.957466000000e-01 8.775363000000e+01
9.959357000000e-01 -4.259343000000e-02 -7.936024000000e-02 4.017996000000e+02 3.857915000000e-02 9.979302000000e-01 -5.144809000000e-02 -3.647053000000e+01 8.138733000000e-02 4.817732000000e-02 9.955174000000e-01 8.892411000000e+01
9.957661000000e-01 -4.310387000000e-02 -8.119064000000e-02 4.017219000000e+02 3.895770000000e-02 9.978881000000e-01 -5.197756000000e-02 -3.650463000000e+01 8.325960000000e-02 4.859448000000e-02 9.953423000000e-01 9.011335000000e+01
9.955983000000e-01 -4.389311000000e-02 -8.281020000000e-02 4.016330000000e+02 3.967730000000e-02 9.978644000000e-01 -5.188651000000e-02 -3.654365000000e+01 8.491081000000e-02 4.837242000000e-02 9.952136000000e-01 9.131072000000e+01
9.954302000000e-01 -4.499830000000e-02 -8.422577000000e-02 4.015468000000e+02 4.079063000000e-02 9.978638000000e-01 -5.102894000000e-02 -3.657076000000e+01 8.634206000000e-02 4.736012000000e-02 9.951392000000e-01 9.252033000000e+01
9.952554000000e-01 -4.624717000000e-02 -8.560362000000e-02 4.014558000000e+02 4.210320000000e-02 9.978814000000e-01 -4.959785000000e-02 -3.660726000000e+01 8.771602000000e-02 4.575834000000e-02 9.950939000000e-01 9.373745000000e+01
9.950721000000e-01 -4.787148000000e-02 -8.683326000000e-02 4.013642000000e+02 4.374622000000e-02 9.978498000000e-01 -4.880518000000e-02 -3.663993000000e+01 8.898292000000e-02 4.476603000000e-02 9.950266000000e-01 9.496448000000e+01
9.948675000000e-01 -4.912160000000e-02 -8.846399000000e-02 4.012664000000e+02 4.492889000000e-02 9.977986000000e-01 -4.877891000000e-02 -3.668642000000e+01 9.066533000000e-02 4.455395000000e-02 9.948842000000e-01 9.619591000000e+01
9.946949000000e-01 -4.918958000000e-02 -9.034687000000e-02 4.011692000000e+02 4.483977000000e-02 9.977640000000e-01 -4.956134000000e-02 -3.672561000000e+01 9.258275000000e-02 4.524727000000e-02 9.946763000000e-01 9.743886000000e+01
9.945354000000e-01 -4.877139000000e-02 -9.230797000000e-02 4.010628000000e+02 4.424280000000e-02 9.977443000000e-01 -5.048695000000e-02 -3.677594000000e+01 9.456206000000e-02 4.612709000000e-02 9.944497000000e-01 9.868403000000e+01
9.944842000000e-01 -4.688527000000e-02 -9.382458000000e-02 4.009520000000e+02 4.222678000000e-02 9.978037000000e-01 -5.103607000000e-02 -3.682760000000e+01 9.601135000000e-02 4.679264000000e-02 9.942797000000e-01 9.993595000000e+01
9.944029000000e-01 -4.530479000000e-02 -9.544848000000e-02 4.008354000000e+02 4.053321000000e-02 9.978577000000e-01 -5.135129000000e-02 -3.688777000000e+01 9.757046000000e-02 4.719503000000e-02 9.941089000000e-01 1.011967000000e+02
9.942257000000e-01 -4.500693000000e-02 -9.741479000000e-02 4.007180000000e+02 4.009058000000e-02 9.978498000000e-01 -5.185121000000e-02 -3.695152000000e+01 9.953898000000e-02 4.764639000000e-02 9.938922000000e-01 1.024581000000e+02
9.938676000000e-01 -4.711217000000e-02 -1.000382000000e-01 4.006006000000e+02 4.206215000000e-02 9.977606000000e-01 -5.200483000000e-02 -3.701471000000e+01 1.022642000000e-01 4.747809000000e-02 9.936235000000e-01 1.037201000000e+02
