1.000000000000e+00 0.000000000000e+00 0.000000000000e+00 0.000000000000e+00 0.000000000000e+00 1.000000000000e+00 0.000000000000e+00 0.000000000000e+00 0.000000000000e+00 0.000000000000e+00 1.000000000000e+00 0.000000000000e+00
9.990594542478e-01 -6.690132890326e-04 4.335619101516e-02 4.788485924458e-02 7.717113848910e-04 9.999969362440e-01 -2.352012787545e-03 -1.946152868412e-02 -4.335448465456e-02 2.383259078121e-03 9.990569096586e-01 1.020734695232e+00
9.961174290074e-01 -5.244623583659e-03 8.787810621007e-02 1.450044512668e-01 5.881303418248e-03 9.999582904355e-01 -6.987679115848e-03 -4.287535986755e-02 -8.783779310585e-02 7.477386762050e-03 9.961067266059e-01 2.045964143040e+00
9.910474446698e-01 -4.885807354824e-03 1.334207303982e-01 2.829406540379e-01 6.410525832314e-03 9.999189413878e-01 -1.100071872387e-02 -5.891494259459e-02 -1.333561681065e-01 1.175753121961e-02 9.909984323336e-01 3.168661784571e+00
9.837545320675e-01 -2.673644268668e-03 1.794989478046e-01 4.569466209999e-01 5.137096478059e-03 9.998988779339e-01 -1.326062390245e-02 -8.371730184654e-02 -1.794453423091e-01 1.396730227466e-02 9.836687875453e-01 4.197850813815e+00
9.743419693349e-01 -5.296316630702e-03 2.250103904771e-01 6.886919849644e-01 8.422618196692e-03 9.998808474058e-01 -1.293640188666e-02 -1.144079255788e-01 -2.249150646249e-01 1.449965589963e-02 9.742704828145e-01 5.194014232130e+00
9.627785194063e-01 -5.966664609997e-03 2.702256862018e-01 9.630664163659e-01 1.009910840910e-02 9.998523220349e-01 -1.390475209497e-02 -1.477012470066e-01 -2.701028148301e-01 1.611623513459e-02 9.626965962264e-01 6.182217626731e+00
9.493490721964e-01 -8.608139502808e-03 3.141054584914e-01 1.337071212185e+00 1.461366146264e-02 9.997525783158e-01 -1.676970630762e-02 -1.664569090865e-01 -3.138833860185e-01 2.051053595810e-02 9.492399790866e-01 7.357328916859e+00
9.345362502919e-01 -1.053489298945e-02 3.557119802876e-01 1.795617132697e+00 1.818702373882e-02 9.996693982894e-01 -1.817488077802e-02 -2.147081617226e-01 -3.554029108744e-01 2.345442716147e-02 9.344188893577e-01 8.403420010027e+00
9.172154721244e-01 -1.033044761552e-02 3.982575291788e-01 2.213087038406e+00 1.938569973431e-02 9.996368692277e-01 -1.871695291622e-02 -2.457277212193e-01 -3.979195551130e-01 2.488797968337e-02 9.170826659173e-01 9.405330139398e+00
8.979987636022e-01 -1.079080093198e-02 4.398656376489e-01 2.655333108382e+00 2.032772262323e-02 9.996492343804e-01 -1.697621558349e-02 -2.845576002576e-01 -4.395281609430e-01 2.418608727824e-02 8.979031289177e-01 1.027686427658e+01
8.763289832385e-01 -1.060089735065e-02 4.815964432090e-01 3.145615963045e+00 2.076938121878e-02 9.996596254780e-01 -1.578815989587e-02 -3.201901274159e-01 -4.812651513874e-01 2.383808223138e-02 8.762508772581e-01 1.117782612933e+01
8.526228513226e-01 -1.091028210923e-02 5.224129010149e-01 3.666802093940e+00 2.157679908076e-02 9.996643782986e-01 -1.433779977163e-02 -3.587114207886e-01 -5.220811384679e-01 2.349673392537e-02 8.525721015556e-01 1.201077718869e+01
8.275585466915e-01 -1.148624843104e-02 5.612618977758e-01 4.291757021133e+00 2.325500659164e-02 9.996338864676e-01 -1.383104096141e-02 -4.024631835180e-01 -5.608975454273e-01 2.449814528967e-02 8.275226790916e-01 1.289431655248e+01
8.001314056983e-01 -1.343603481849e-02 5.996742503924e-01 4.892131130537e+00 2.665281180251e-02 9.995580368149e-01 -1.316657365637e-02 -4.333574322300e-01 -5.992323099085e-01 2.651799402642e-02 8.001358851811e-01 1.370338133052e+01
7.715846880420e-01 -1.268203664063e-02 6.360001848473e-01 5.569703213567e+00 2.763345792728e-02 9.995256905476e-01 -1.359359916796e-02 -4.595861773388e-01 -6.355261294252e-01 2.806349732310e-02 7.715691666570e-01 1.453404520582e+01
7.415606121705e-01 -1.633157352142e-02 6.706870642733e-01 6.248552786105e+00 3.281311431168e-02 9.993901232946e-01 -1.194491483103e-02 -4.875253138205e-01 -6.700829486015e-01 3.086520966179e-02 7.416442414164e-01 1.526411850044e+01
7.090184937458e-01 -1.524811767975e-02 7.050250140482e-01 6.946927637395e+00 3.250239995380e-02 9.994103342179e-01 -1.107148841008e-02 -5.183379073444e-01 -7.044404655638e-01 3.076489502007e-02 7.090960102206e-01 1.598070062591e+01
6.749519792174e-01 -1.429015557840e-02 7.377232660043e-01 7.697597955512e+00 3.400112270089e-02 9.993527215576e-01 -1.174996044353e-02 -5.413251385306e-01 -7.370778448750e-01 3.301407834380e-02 6.750009786849e-01 1.667882541167e+01
6.396763009157e-01 -1.569882569836e-02 7.684840772056e-01 8.546570784187e+00 3.855624108611e-02 9.991881439865e-01 -1.168200282757e-02 -5.693693469672e-01 -7.676767850601e-01 3.710255770761e-02 6.397622635725e-01 1.739015709878e+01
6.034190601389e-01 -1.404391509548e-02 7.973005746329e-01 9.440854074322e+00 3.864514072767e-02 9.991851096922e-01 -1.164773229458e-02 -6.016853663034e-01 -7.964872823588e-01 3.784025658289e-02 6.034700688704e-01 1.805526211000e+01
5.663299199540e-01 -1.292133227103e-02 8.240773391723e-01 1.042228685460e+01 4.175727366850e-02 9.990427895602e-01 -1.303206520407e-02 -6.158255794446e-01 -8.231201320954e-01 4.179167141968e-02 5.663273826500e-01 1.869194973242e+01
5.274824245839e-01 -1.111760001969e-02 8.494931963971e-01 1.139809964836e+01 4.698295482812e-02 9.987658972722e-01 -1.610231044308e-02 -6.015613398408e-01 -8.482658154793e-01 4.840538622704e-02 5.273537947843e-01 1.934889134440e+01
4.892857195244e-01 -1.045178815019e-02 8.720609180521e-01 1.243857509339e+01 4.808859049352e-02 9.987302719312e-01 -1.501104235742e-02 -6.799325868083e-01 -8.707967455921e-01 4.928086903428e-02 4.891670714729e-01 1.987703007761e+01
4.518115846416e-01 -1.228312809669e-02 8.920288205814e-01 1.351282111961e+01 5.331714724332e-02 9.984896396230e-01 -1.325599393769e-02 -6.843319987835e-01 -8.905187105241e-01 5.354964359921e-02 4.517840876757e-01 2.033395913449e+01
4.160896130244e-01 -1.304776635305e-02 9.092299982548e-01 1.472804610547e+01 5.719293455948e-02 9.982928480194e-01 -1.184727098356e-02 -7.326342649389e-01 -9.075232240387e-01 5.693105818864e-02 4.161255248646e-01 2.082512172864e+01
3.814658659796e-01 -1.076115429251e-02 9.243202857510e-01 1.574002934232e+01 5.901428217001e-02 9.981759146480e-01 -1.273412409746e-02 -7.518072946811e-01 -9.224972127830e-01 5.940573183510e-02 3.814051014770e-01 2.119948244638e+01
3.478333510918e-01 -1.181991737680e-02 9.374818661827e-01 1.670737574383e+01 5.951510341261e-02 9.981822312227e-01 -9.496617141831e-03 -7.726526242542e-01 -9.356654916871e-01 5.909757037779e-02 3.479045340915e-01 2.156171385835e+01
3.148627411209e-01 -1.329697891506e-02 9.490440688427e-01 1.784341590045e+01 6.291658449546e-02 9.979949994180e-01 -6.890902125949e-03 -7.637678127078e-01 -9.470496067521e-01 6.188029967943e-02 3.150680416391e-01 2.198011088300e+01
2.831024388044e-01 -1.333379302355e-02 9.589969859737e-01 1.901531985947e+01 6.377437174029e-02 9.979520604941e-01 -4.951208419101e-03 -7.872971763336e-01 -9.569669997717e-01 6.256112945978e-02 2.833730164087e-01 2.228829207314e+01
2.514269193014e-01 -1.042098433392e-02 9.678201833689e-01 2.011385946244e+01 6.115213233069e-02 9.981152258028e-01 -5.139331866132e-03 -8.000769108137e-01 -9.659425039629e-01 6.047643430405e-02 2.515903017444e-01 2.253482381249e+01
2.216906380825e-01 -8.760713381076e-03 9.750776947955e-01 2.130586384596e+01 6.137628722928e-02 9.981022411422e-01 -4.986741718420e-03 -8.123883771033e-01 -9.731835450482e-01 6.095216262014e-02 2.218076227712e-01 2.276054357792e+01
1.915796813162e-01 -8.845750670983e-03 9.814372004371e-01 2.252031342122e+01 6.332394804187e-02 9.979873480393e-01 -3.366119126647e-03 -8.443670333230e-01 -9.794321330808e-01 6.279335831639e-02 1.917542459509e-01 2.298803204180e+01
1.614969438070e-01 -9.184523822536e-03 9.868304726057e-01 2.377390351605e+01 6.501967525560e-02 9.978830646058e-01 -1.353219321044e-03 -8.629038995997e-01 -9.847289875751e-01 6.438193764580e-02 1.617522399669e-01 2.317101764139e+01
1.312369487920e-01 -9.824212473306e-03 9.913023494984e-01 2.505483556227e+01 6.363957444901e-02 9.979718722728e-01 1.465167658703e-03 -8.781498622821e-01 -9.893062558357e-01 6.289377553938e-02 1.315959921984e-01 2.333974367462e+01
1.017130119168e-01 -1.016275130451e-02 9.947618718531e-01 2.632391379232e+01 6.424788616117e-02 9.979273833545e-01 3.625834391434e-03 -8.886537919837e-01 -9.927369602924e-01 6.354255296363e-02 1.021551351242e-01 2.350918002804e+01
7.563582695364e-02 -9.844152045274e-03 9.970869141412e-01 2.758894957513e+01 6.702239558387e-02 9.977400858971e-01 4.766496004945e-03 -8.842190146458e-01 -9.948805054735e-01 6.646663572406e-02 7.612467513419e-02 2.352675364927e+01
5.109915706139e-02 -9.276006161868e-03 9.986505053608e-01 2.893262041822e+01 7.091238859540e-02 9.974666222239e-01 5.636549745237e-03 -8.787747426268e-01 -9.961728310345e-01 7.052866976642e-02 5.162748734608e-02 2.352545393680e+01
2.887678846407e-02 -9.409080016206e-03 9.995386937489e-01 3.026983616442e+01 7.531254175806e-02 9.971339065105e-01 7.210654696276e-03 -9.071840577723e-01 -9.967417680332e-01 7.506957906141e-02 2.950264662028e-02 2.349175095322e+01
8.573183905019e-03 -9.510737836267e-03 9.999180198314e-01 3.161603700367e+01 8.083302178111e-02 9.966889242534e-01 8.786971058926e-03 -8.992538256807e-01 -9.966907861054e-01 8.075106275750e-02 9.313579122393e-03 2.346894812350e+01
-8.893775144779e-03 -1.004995464092e-02 9.999099455328e-01 3.297476433598e+01 8.480031406065e-02 9.963397762377e-01 1.076833422020e-02 -8.858733647082e-01 -9.963582726604e-01 8.488844855679e-02 -8.008982627812e-03 2.342166531033e+01
-2.493722137909e-02 -1.015165568457e-02 9.996374737257e-01 3.424257086846e+01 8.780290182109e-02 9.960618556170e-01 1.230569853824e-02 -8.811531988418e-01 -9.958256802381e-01 8.807794089090e-02 -2.394767017340e-02 2.343149762542e+01
-3.818924707004e-02 -1.063852796738e-02 9.992138925830e-01 3.556632060637e+01 8.991968148290e-02 9.958500623525e-01 1.403938013311e-02 -8.599304622025e-01 -9.952165755705e-01 9.038514831097e-02 -3.707415102962e-02 2.331082120462e+01
-5.171736177452e-02 -1.231094601172e-02 9.985858776787e-01 3.687314156630e+01 9.057841980263e-02 9.957447814266e-01 1.696703060820e-02 -8.868453840926e-01 -9.945455567027e-01 9.132782089756e-02 -5.038218706011e-02 2.326030958213e+01
-6.404637587622e-02 -1.216043169241e-02 9.978728303938e-01 3.817542244183e+01 9.010460294004e-02 9.957711112517e-01 1.791799446094e-02 -8.717254081902e-01 -9.938708277569e-01 9.106051777549e-02 -6.267982000868e-02 2.317959996584e+01
-7.419770651797e-02 -9.299694194687e-03 9.972001885456e-01 3.954735057223e+01 9.029170146522e-02 9.957867524283e-01 1.600475975672e-02 -8.567320534157e-01 -9.931475766441e-01 9.122641819254e-02 -7.304540799921e-02 2.299738533751e+01
-8.490011786973e-02 -5.884017938240e-03 9.963720933058e-01 4.083689907119e+01 9.023761899340e-02 9.958278116126e-01 1.356988346682e-02 -8.386525128250e-01 -9.922948866663e-01 9.106233003719e-02 -8.401493881500e-02 2.291936902458e+01
-9.459339393070e-02 -3.339346666327e-03 9.955103909998e-01 4.216949253061e+01 9.127029523188e-02 9.957536989963e-01 1.201266595947e-02 -8.258269086295e-01 -9.913232686833e-01 9.199684613622e-02 -9.388693875099e-02 2.279994626086e+01
-1.014639169987e-01 -2.385832211799e-03 9.948363590822e-01 4.354533845101e+01 9.112786586701e-02 9.957706748956e-01 1.168225493995e-02 -8.171989222166e-01 -9.906567445941e-01 9.184264163565e-02 -1.008173773096e-01 2.262423192932e+01
-1.073585579223e-01 -1.843447707123e-03 9.942186589183e-01 4.487540648551e+01 9.073930115330e-02 9.958065980195e-01 1.164467977411e-02 -8.071294796019e-01 -9.900709667832e-01 9.146486233184e-02 -1.067410871762e-01 2.249732744228e+01
-1.116672934563e-01 -1.400644979100e-04 9.937456394642e-01 4.628509555742e+01 9.182877534222e-02 9.957198813809e-01 1.045915111106e-02 -7.919292173403e-01 -9.894937552058e-01 9.242239017009e-02 -1.111764822431e-01 2.229537946875e+01
-1.164550073624e-01 1.419555320226e-03 9.931949537341e-01 4.770918042837e+01 9.052867374737e-02 9.958514334040e-01 9.191399063185e-03 -7.798173232611e-01 -9.890615706263e-01 9.098300637970e-02 -1.161003964693e-01 2.212681738343e+01
-1.207233450027e-01 2.204043802569e-03 9.926837442823e-01 4.911526525681e+01 9.090129988062e-02 9.958206370801e-01 8.843780039334e-03 -7.694966745883e-01 -9.885154665717e-01 9.130389343443e-02 -1.204191487777e-01 2.196579264363e+01
-1.232674203817e-01 1.222452641519e-03 9.923727367688e-01 5.054675865695e+01 9.015041706034e-02 9.958782438145e-01 9.971248706208e-03 -7.495510252437e-01 -9.882702289234e-01 9.069194620502e-02 -1.228695467448e-01 2.176859027288e+01
-1.246518171700e-01 -8.480169972062e-04 9.922001841077e-01 5.196681394592e+01 9.111235366595e-02 9.957646842685e-01 1.229766535424e-02 -7.415352235320e-01 -9.880083316884e-01 9.193462041520e-02 -1.240466125432e-01 2.156975077297e+01
-1.265202012283e-01 -2.317241609195e-03 9.919613243834e-01 5.341448951443e+01 9.031067026686e-02 9.958174027761e-01 1.384496891009e-02 -7.222864704816e-01 -9.878444318399e-01 9.133636033637e-02 -1.257817465430e-01 2.138269287362e+01
-1.288821495569e-01 -1.592447644228e-03 9.916586386636e-01 5.486934317198e+01 9.304588821979e-02 9.955676793436e-01 1.369154964973e-02 -7.104350642542e-01 -9.872850926713e-01 9.403435519491e-02 -1.281627318377e-01 2.120721067566e+01
-1.296344874597e-01 -1.914145329271e-03 9.915600010633e-01 5.632297089187e+01 9.425184825932e-02 9.954464824023e-01 1.424393809846e-02 -7.123835048983e-01 -9.870721801169e-01 9.530286837503e-02 -1.288637828046e-01 2.104046894517e+01
-1.305967180234e-01 -8.242635854488e-04 9.914352312839e-01 5.788844842923e+01 9.612086173448e-02 9.952782664215e-01 1.348897062210e-02 -7.054428320504e-01 -9.867650567288e-01 9.705922407769e-02 -1.299008461886e-01 2.083616804965e+01
-1.304931744930e-01 -6.072670850588e-04 9.914490217038e-01 5.940832130402e+01 9.600379729711e-02 9.952928349711e-01 1.324551092782e-02 -6.902264010339e-01 -9.867901511037e-01 9.691131967882e-02 -1.298206216394e-01 2.064502026087e+01
-1.298104359989e-01 8.815904807034e-04 9.915384377340e-01 6.096055316178e+01 9.593620286887e-02 9.953190156916e-01 1.167484397220e-02 -6.743224802217e-01 -9.868867694345e-01 9.663994930098e-02 -1.292873718281e-01 2.044855038245e+01
-1.284678737833e-01 5.725637091761e-04 9.917135057951e-01 6.254024828313e+01 9.637236563395e-02 9.952740974006e-01 1.190958377252e-02 -6.636794241773e-01 -9.870199453647e-01 9.710377548952e-02 -1.279159264438e-01 2.023306807973e+01
-1.269271635189e-01 -6.610761806396e-04 9.919118197397e-01 6.408537188246e+01 9.573316848902e-02 9.953232641342e-01 1.291357132563e-02 -6.568757176696e-01 -9.872814470110e-01 9.659794434466e-02 -1.262702717835e-01 2.005000470803e+01
-1.254350765856e-01 2.687022063569e-04 9.921017938504e-01 6.573035709301e+01 9.623718871359e-02 9.952873151804e-01 1.189805654247e-02 -6.256412647341e-01 -9.874231337529e-01 9.696952119149e-02 -1.248697997492e-01 1.982234163209e+01
-1.244343560706e-01 9.192058077076e-04 9.922274165180e-01 6.733904167613e+01 9.699301968612e-02 9.952215710197e-01 1.124182855085e-02 -6.249358420637e-01 -9.874757947218e-01 9.763800304022e-02 -1.239289118844e-01 1.964573189526e+01
-1.237663408582e-01 1.382611468248e-03 9.923104258528e-01 6.899461783224e+01 9.769423124674e-02 9.951578931320e-01 1.079837571936e-02 -6.076756107596e-01 -9.874906227665e-01 9.827947966181e-02 -1.233021241736e-01 1.945410223075e+01
-1.223167756957e-01 1.398648409773e-03 9.924901259791e-01 7.066967810424e+01 9.755459216307e-02 9.951735065582e-01 1.062042336684e-02 -5.909758756649e-01 -9.876850246568e-01 9.812102540852e-02 -1.218628591552e-01 1.923450733454e+01
-1.208372246027e-01 -2.150519397582e-04 9.926723119454e-01 7.235106556520e+01 9.981028358587e-02 9.949296482393e-01 1.236536877113e-02 -5.808864053374e-01 -9.876417733373e-01 1.005731018066e-01 -1.202030729731e-01 1.901038992682e+01
-1.203943689879e-01 -2.196584154977e-03 9.927237132929e-01 7.407608541890e+01 1.015209685552e-01 9.947275311364e-01 1.451315757722e-02 -5.682101557220e-01 -9.875214877964e-01 1.025295753298e-01 -1.195365940752e-01 1.880356162782e+01
-1.196079135560e-01 -1.106467764484e-03 9.928205894037e-01 7.577173659603e+01 1.028604856854e-01 9.946041730417e-01 1.350035009258e-02 -5.491626505962e-01 -9.874784390048e-01 1.037367567313e-01 -1.188487181400e-01 1.862219791623e+01
-1.186649131728e-01 7.495934863471e-04 9.929340745947e-01 7.752269847512e+01 1.054556816109e-01 9.943533691674e-01 1.185227578989e-02 -5.417368321965e-01 -9.873184580457e-01 1.061169889085e-01 -1.180739051074e-01 1.839174862913e+01
-1.173127954452e-01 3.465119632640e-04 9.930949541480e-01 7.924353599474e+01 1.044959935806e-01 9.944529451468e-01 1.199696688378e-02 -5.254324907486e-01 -9.875820448704e-01 1.051818416756e-01 -1.166982640458e-01 1.818811933779e+01
-1.170292971710e-01 2.341029654682e-04 9.931284351983e-01 8.098611815891e+01 1.060030116881e-01 9.942902642222e-01 1.225691584800e-02 -5.270630512813e-01 -9.874550648595e-01 1.067090233712e-01 -1.163859064253e-01 1.798982838682e+01
-1.171270180394e-01 -8.466607575994e-04 9.931165816815e-01 8.279981037855e+01 1.059427755134e-01 9.942827103318e-01 1.334242301046e-02 -5.183350932577e-01 -9.874499430157e-01 1.067762852923e-01 -1.163676713587e-01 1.779587320545e+01
-1.168664012032e-01 -6.781169311881e-04 9.931474132410e-01 8.459030994746e+01 1.079181966144e-01 9.940697650886e-01 1.337777919372e-02 -5.104932431239e-01 -9.872668874774e-01 1.087420907197e-01 -1.161001748345e-01 1.758875370549e+01
-1.167511112561e-01 -7.541359616777e-04 9.931609181293e-01 8.637587808404e+01 1.094655192565e-01 9.938972361689e-01 1.362292295080e-02 -5.025802070720e-01 -9.871101651358e-01 1.103073670013e-01 -1.159560549124e-01 1.738665752820e+01
-1.168779842533e-01 3.076618362872e-06 9.931462816662e-01 8.816988326799e+01 1.108213848927e-01 9.937548027870e-01 1.303888753671e-02 -5.131215883766e-01 -9.869438471602e-01 1.115858052275e-01 -1.161483991469e-01 1.719276693874e+01
-1.170408339170e-01 7.369919369077e-04 9.931268297851e-01 8.999395408706e+01 1.109537311553e-01 9.937489773806e-01 1.233853710268e-02 -5.114161387259e-01 -9.869096781057e-01 1.116352399469e-01 -1.163909810220e-01 1.696621070010e+01
-1.180781949548e-01 1.469668890976e-03 9.930032124568e-01 9.183142371299e+01 1.097745621115e-01 9.938890255276e-01 1.158233349087e-02 -4.918955509855e-01 -9.869179729792e-01 1.103741138547e-01 -1.175179543787e-01 1.675046140615e+01
-1.192453621090e-01 2.307204305740e-03 9.928621356582e-01 9.369265971591e+01 1.095149599198e-01 9.939260008253e-01 1.084335912977e-02 -4.824114769647e-01 -9.868064740208e-01 1.100262772784e-01 -1.187737392650e-01 1.653385552377e+01
-1.202424039789e-01 1.451618875907e-03 9.927435001490e-01 9.557303291131e+01 1.082138314688e-01 9.940593360388e-01 1.165345926907e-02 -4.694812604764e-01 -9.868290282335e-01 1.088298177741e-01 -1.196851695034e-01 1.631178824758e+01
-1.206307846792e-01 1.349673550001e-03 9.926965257162e-01 9.739284517475e+01 1.085261268065e-01 9.940231278363e-01 1.183643218924e-02 -4.545510554660e-01 -9.867473301651e-01 1.091613471331e-01 -1.200562647430e-01 1.607808197593e+01
-1.209046218489e-01 4.525518382493e-04 9.926640255456e-01 9.926520275085e+01 1.058799304948e-01 9.943010711293e-01 1.244267935826e-02 -4.335968159250e-01 -9.870012729141e-01 1.066075754720e-01 -1.202635111660e-01 1.585869409736e+01
-1.226861659570e-01 1.461535787154e-03 9.924444410625e-01 1.011559465357e+02 1.057061406173e-01 9.943297138742e-01 1.160310055952e-02 -4.172960704912e-01 -9.868000387711e-01 1.063310115626e-01 -1.221449935998e-01 1.562463926502e+01
-1.254055556600e-01 2.318571902117e-03 9.921028529512e-01 1.030363051133e+02 1.051336452204e-01 9.943976456203e-01 1.096535578383e-02 -4.172868366549e-01 -9.865193172221e-01 1.056785058994e-01 -1.249467492117e-01 1.541644905147e+01
-1.295459792498e-01 3.316624241206e-03 9.915678692172e-01 1.049422091958e+02 1.057226758245e-01 9.943403586089e-01 1.048651792179e-02 -4.062034782228e-01 -9.859211708229e-01 1.061896946283e-01 -1.291634378531e-01 1.518370362633e+01
-1.338261048460e-01 2.559465702830e-03 9.910015251235e-01 1.068594989723e+02 1.035660090363e-01 9.945570536888e-01 1.141703683447e-02 -3.878068760688e-01 -9.855783355137e-01 1.041619704744e-01 -1.333627701904e-01 1.492323393827e+01
-1.385909442224e-01 1.952541217091e-03 9.903477862662e-01 1.088075647331e+02 1.021794266081e-01 9.946894676420e-01 1.233806062818e-02 -3.781505973800e-01 -9.850644217297e-01 1.029031124156e-01 -1.380544620705e-01 1.466274449705e+01
-1.434877800785e-01 2.575923246371e-03 9.896487364654e-01 1.107389583558e+02 1.007446824964e-01 9.948397313936e-01 1.201739528116e-02 -3.724849454349e-01 -9.845109272714e-01 1.014261971093e-01 -1.430068551612e-01 1.440914664040e+01
-1.474595719635e-01 4.502536652214e-03 9.890578354171e-01 1.126691439686e+02 1.012499758891e-01 9.948048984876e-01 1.056675576941e-02 -3.578426230162e-01 -9.838720023554e-01 1.017002512717e-01 -1.471493862457e-01 1.410675204648e+01
-1.524464632072e-01 6.276778808138e-03 9.882917979541e-01 1.146065065747e+02 1.009870099005e-01 9.948446576717e-01 9.259100038553e-03 -3.561519272720e-01 -9.831386980925e-01 1.012161506379e-01 -1.522944226263e-01 1.383321042490e+01
-1.568825949331e-01 6.572172131576e-03 9.875953918283e-01 1.165659679614e+02 9.956492914993e-02 9.949885828743e-01 9.194826432874e-03 -3.478839041667e-01 -9.825857093864e-01 9.977237344693e-02 -1.567507486628e-01 1.351938408706e+01
-1.617622878097e-01 6.350982841653e-03 9.868093165650e-01 1.185137394400e+02 9.777297011557e-02 9.951622234153e-01 9.622650462324e-03 -3.429639469225e-01 -9.819742402718e-01 9.803985977185e-02 -1.616006724570e-01 1.320646226933e+01
-1.675291291918e-01 5.649221339660e-03 9.858509406449e-01 1.204690395195e+02 9.589196614183e-02 9.953353941916e-01 1.059169008696e-02 -3.396038967810e-01 -9.811924998193e-01 9.630960163815e-02 -1.672893867841e-01 1.290453445975e+01
-1.729680004603e-01 5.163309091099e-03 9.849139104795e-01 1.224529112524e+02 9.504337439078e-02 9.954070164492e-01 1.147295028303e-02 -3.279680354172e-01 -9.803309787012e-01 9.559399480623e-02 -1.726642995984e-01 1.256266432123e+01
-1.785071076152e-01 4.992103769134e-03 9.839259583072e-01 1.244460548177e+02 9.509355351473e-02 9.953935551773e-01 1.220190113984e-02 -3.179168962504e-01 -9.793326445140e-01 9.574314185070e-02 -1.781595413604e-01 1.221314251583e+01
-1.838153785338e-01 6.555831982278e-03 9.829389236781e-01 1.264478704197e+02 9.555692546478e-02 9.953606070084e-01 1.123102896688e-02 -3.085538322523e-01 -9.783050549855e-01 9.599105730721e-02 -1.835890419029e-01 1.184666178336e+01
-1.895527795508e-01 7.529372687366e-03 9.818416635647e-01 1.284387440589e+02 9.518451152360e-02 9.954016781167e-01 1.074281008102e-02 -3.036334432561e-01 -9.772459529364e-01 9.549244865097e-02 -1.893978345178e-01 1.147413125129e+01
-1.953738477932e-01 7.497953725990e-03 9.807001785910e-01 1.304320480053e+02 9.550280184456e-02 9.953636985772e-01 1.141588343038e-02 -2.954874276057e-01 -9.760677611920e-01 9.588997989665e-02 -1.951841113337e-01 1.109203512270e+01
-2.008123665933e-01 7.409104302238e-03 9.796017040597e-01 1.324212262458e+02 9.457786314929e-02 9.954468310310e-01 1.185893723925e-02 -2.867315110355e-01 -9.750535478759e-01 9.503005715966e-02 -2.005987712099e-01 1.069930800368e+01
-2.060709410216e-01 8.306770932112e-03 9.785017960245e-01 1.344250631932e+02 9.409294656097e-02 9.954985482201e-01 1.136476568892e-02 -2.782180088368e-01 -9.740027128679e-01 9.441206516315e-02 -2.059249311708e-01 1.029415894406e+01
-2.113252562834e-01 8.808163867101e-03 9.773761058600e-01 1.364162454990e+02 9.305070846563e-02 9.955989733049e-01 1.114674877536e-02 -2.708452271301e-01 -9.729764651372e-01 9.330112862933e-02 -2.112148140772e-01 9.893821595714e+00
-2.158439846165e-01 8.026829999707e-03 9.763948710972e-01 1.384195146932e+02 9.428745245796e-02 9.954645177008e-01 1.265979098155e-02 -2.624602909812e-01 -9.718648314523e-01 9.479432471865e-02 -2.156218573969e-01 9.485795704906e+00
-2.196619405076e-01 7.796514570596e-03 9.755448970975e-01 1.404498290419e+02 9.636908789381e-02 9.952507554817e-01 1.374527597355e-02 -2.497517448260e-01 -9.708046305982e-01 9.703168592591e-02 -2.193700552387e-01 9.022922769075e+00
-2.229701386240e-01 8.648562041252e-03 9.747869098714e-01 1.424628966641e+02 9.772669197389e-02 9.951213867546e-01 1.352476615274e-02 -2.357132195136e-01 -9.699143317623e-01 9.827831906512e-02 -2.227275489110e-01 8.564494748948e+00
-2.260335297532e-01 9.325751099443e-03 9.740748809993e-01 1.445021822986e+02 9.790552227089e-02 9.951082781212e-01 1.319179758468e-02 -2.187610757572e-01 -9.691869541715e-01 9.834909852705e-02 -2.258408791223e-01 8.096356341365e+00
-2.292346312686e-01 9.283474476235e-03 9.733269239720e-01 1.465562539042e+02 9.766201284456e-02 9.951279423207e-01 1.350961360093e-02 -2.129619279171e-01 -9.684594029046e-01 9.815393784330e-02 -2.290244297265e-01 7.606918920520e+00
-2.329094715704e-01 1.001662434143e-02 9.724468341712e-01 1.486101085602e+02 9.631241035115e-02 9.952686425089e-01 1.281596078243e-02 -1.975923973587e-01 -9.677174678930e-01 9.664365719088e-02 -2.327722188312e-01 7.126586422968e+00
-2.374493352059e-01 1.085139630458e-02 9.713393127062e-01 1.506479427658e+02 9.516232529761e-02 9.953877041718e-01 1.214290852805e-02 -1.868328871197e-01 -9.667274409337e-01 9.531823320756e-02 -2.373867927328e-01 6.646416157754e+00
-2.421907681514e-01 1.067230699241e-02 9.701699509291e-01 1.527009728729e+02 9.418341859930e-02 9.954756170825e-01 1.256102922696e-02 -1.725286499208e-01 -9.656464754159e-01 9.441608791807e-02 -2.421001587341e-01 6.159547086189e+00
-2.474332752169e-01 1.129212530289e-02 9.688391312399e-01 1.547724589136e+02 9.433314560730e-02 9.954623403870e-01 1.248945599636e-02 -1.606250968290e-01 -9.643018365404e-01 9.448394984015e-02 -2.473757289374e-01 5.655445636291e+00
-2.518544453521e-01 1.173865871984e-02 9.676939300460e-01 1.567992109987e+02 9.419471066200e-02 9.954760724635e-01 1.243967989951e-02 -1.624719140718e-01 -9.631701276720e-01 9.428463843151e-02 -2.518207936533e-01 5.145793398208e+00
-2.567837568017e-01 1.179088690567e-02 9.663969563429e-01 1.588201598620e+02 9.384984426996e-02 9.955041916533e-01 1.279105668520e-02 -1.633280034430e-01 -9.619014029376e-01 9.398073944483e-02 -2.567358791445e-01 4.651723330590e+00
-2.607947320772e-01 1.114644211209e-02 9.653299252323e-01 1.608259072763e+02 9.391192965924e-02 9.954837946983e-01 1.387674171603e-02 -1.609392736291e-01 -9.608156208079e-01 9.427497717431e-02 -2.606637134132e-01 4.114845254370e+00
-2.652507173567e-01 1.124566891518e-02 9.641138894718e-01 1.628758743296e+02 9.500135341995e-02 9.953711432050e-01 1.452687589426e-02 -1.678131706654e-01 -9.594877799066e-01 9.544538860270e-02 -2.650912635383e-01 3.596822190056e+00
-2.686081252310e-01 1.198861252662e-02 9.631749312714e-01 1.648682812479e+02 9.603890139973e-02 9.952734870641e-01 1.439497708012e-02 -1.541700516684e-01 -9.584498966967e-01 9.636887006129e-02 -2.684899186288e-01 3.000843546953e+00
-2.726316344405e-01 1.336041506765e-02 9.620257227390e-01 1.669717689246e+02 9.639136352402e-02 9.952520259350e-01 1.349481049543e-02 -1.384042170106e-01 -9.572777532881e-01 9.641008340183e-02 -2.726250151365e-01 2.430232677891e+00
-2.769209061540e-01 1.491611336738e-02 9.607769362848e-01 1.690525534340e+02 9.648138707286e-02 9.952580802172e-01 1.235701059477e-02 -1.364005752137e-01 -9.560366905529e-01 9.611900605163e-02 -2.770468967382e-01 1.880874122001e+00
-2.797012962045e-01 1.610602650426e-02 9.599519679712e-01 1.710844909300e+02 9.756142568331e-02 9.951603798603e-01 1.172973038741e-02 -1.288592610361e-01 -9.551172457453e-01 9.693510337625e-02 -2.799189750862e-01 1.258824224452e+00
-2.828510034959e-01 1.713913333683e-02 9.590107194030e-01 1.730885261848e+02 9.768393170121e-02 9.951564102078e-01 1.102582013697e-02 -1.200281057785e-01 -9.541766918704e-01 9.679860190499e-02 -2.831552071929e-01 6.797499743494e-01
-2.864319845548e-01 1.709808591968e-02 9.579480015543e-01 1.751140282085e+02 9.760727032890e-02 9.951594538854e-01 1.142287711151e-02 -1.064637655010e-01 -9.531157007431e-01 9.677456690911e-02 -2.867143948194e-01 9.088117036928e-02
-2.903230666902e-01 1.746878056038e-02 9.567692295707e-01 1.772498217980e+02 9.767283549190e-02 9.951524977934e-01 1.146836267841e-02 -1.002445199412e-01 -9.519309503082e-01 9.677989378629e-02 -2.906219503137e-01 -5.548620964300e-01
-2.939098421121e-01 1.841520737630e-02 9.556557355277e-01 1.793539944268e+02 1.001760481799e-01 9.949016679460e-01 1.163746060037e-02 -9.620416753725e-02 -9.505691790084e-01 9.915417921328e-02 -2.942561548445e-01 -1.201337190869e+00
-2.971805774798e-01 1.858733547011e-02 9.546403591557e-01 1.814178519746e+02 1.022889671078e-01 9.946764908514e-01 1.247580681144e-02 -9.426059865523e-02 -9.493264304636e-01 1.013567437702e-01 -2.974998133033e-01 -1.844126697077e+00
-2.992564517251e-01 1.829835330234e-02 9.539972465198e-01 1.834639894930e+02 1.039150658915e-01 9.944942549947e-01 1.352168123282e-02 -9.963620300257e-02 -9.484973564442e-01 1.031811370795e-01 -2.995102965998e-01 -2.495645236265e+00
-3.025697856119e-01 1.800174002145e-02 9.529572194968e-01 1.855743712110e+02 1.036722196916e-01 9.945111452250e-01 1.412985801015e-02 -8.736006711058e-02 -9.474722136818e-01 1.030704583253e-01 -3.027753043457e-01 -3.130477046985e+00
-3.056822282954e-01 1.876618001210e-02 9.519486361102e-01 1.876473791150e+02 1.030056158419e-01 9.945895705143e-01 1.346957049223e-02 -7.471162674596e-02 -9.465454127560e-01 1.021734638347e-01 -3.059613780833e-01 -3.758754156578e+00
-3.084098422856e-01 2.096457090225e-02 9.510225317774e-01 1.897354781822e+02 1.031680450131e-01 9.945970935213e-01 1.153152405825e-02 -8.142144758298e-02 -9.456424925253e-01 1.016715708830e-01 -3.089064065452e-01 -4.409763762451e+00
-3.120772720960e-01 2.307742542001e-02 9.497763993052e-01 1.918705545133e+02 1.032201284082e-01 9.946107567084e-01 9.749242606904e-03 -8.220993561692e-02 -9.444328357975e-01 1.010785589331e-01 -3.127774665661e-01 -5.096668118504e+00
-3.155006587659e-01 2.413748610867e-02 9.486183194956e-01 1.939764973556e+02 1.023778696878e-01 9.947071885791e-01 8.739610244337e-03 -7.804756173530e-02 -9.433865093992e-01 9.987487548623e-02 -3.163019176833e-01 -5.765482659811e+00
-3.180616208035e-01 2.501225011537e-02 9.477400449047e-01 1.960854281949e+02 1.009088913312e-01 9.948665730275e-01 7.609042176785e-03 -7.819605489560e-02 -9.426845713292e-01 9.805554148906e-02 -3.189528331292e-01 -6.483906587802e+00
-3.225803886895e-01 2.547655530526e-02 9.461991534359e-01 1.982388699505e+02 1.021414588779e-01 9.947374022007e-01 8.038845772751e-03 -8.906391080264e-02 -9.410148857543e-01 9.923933591499e-02 -3.234849903719e-01 -7.202585869491e+00
-3.260458740689e-01 2.471286362795e-02 9.450308790584e-01 2.003699356076e+02 1.020664965164e-01 9.947350222487e-01 9.201402104143e-03 -9.628909181938e-02 -9.398279195105e-01 9.945607011697e-02 -3.268516052054e-01 -7.915628853195e+00
-3.303093383253e-01 2.440958251751e-02 9.435570535460e-01 2.024540646807e+02 1.020303966939e-01 9.947311771505e-01 9.984155207377e-03 -8.974874216770e-02 -9.383419095221e-01 9.956936017687e-02 -3.310595163236e-01 -8.563074269860e+00
-3.349599096974e-01 2.432157185184e-02 9.419184253629e-01 2.045379132740e+02 1.026184735561e-01 9.946620588606e-01 1.080914188386e-02 -1.072756083259e-01 -9.366276249292e-01 1.002788602145e-01 -3.356677559933e-01 -9.212228617449e+00
-3.388810528927e-01 2.444976851574e-02 9.405114782978e-01 2.067154178799e+02 1.015508165532e-01 9.947724858987e-01 1.073000262355e-02 -1.032657769175e-01 -9.353325952022e-01 9.914590318543e-02 -3.395924413673e-01 -9.972437511564e+00
-3.427272704186e-01 2.524097698267e-02 9.390957944706e-01 2.087942154659e+02 1.010580642709e-01 9.948288268155e-01 1.014263194243e-02 -1.016390300056e-01 -9.339835575411e-01 9.837935971459e-02 -3.435057726224e-01 -1.067670156003e+01
-3.463488381880e-01 2.620076062599e-02 9.377398372835e-01 2.109046683744e+02 1.019343844319e-01 9.947423039774e-01 9.855452718217e-03 -1.137437418525e-01 -9.325512659132e-01 9.900135766952e-02 -3.471985996851e-01 -1.137272117234e+01
-3.494056187868e-01 2.683985841993e-02 9.365870677947e-01 2.130508010720e+02 1.026759498138e-01 9.946665789366e-01 9.800310020427e-03 -1.157180731309e-01 -9.313288156661e-01 9.958925015610e-02 -3.502978994560e-01 -1.214072085246e+01
-3.530212649152e-01 2.691003448911e-02 9.352282269914e-01 2.152157949869e+02 1.040987161832e-01 9.945096421673e-01 1.067843271229e-02 -1.163982876360e-01 -9.298061323775e-01 1.011257715915e-01 -3.538843518910e-01 -1.285542157053e+01
-3.559423825296e-01 2.631143616310e-02 9.341374249254e-01 2.173598990412e+02 1.053087615868e-01 9.943657267181e-01 1.211883910981e-02 -1.202132290047e-01 -9.285553753289e-01 1.026864638370e-01 -3.567077306318e-01 -1.362810782208e+01
-3.587885535461e-01 2.734247606499e-02 9.330183078841e-01 2.194626053667e+02 1.069141265953e-01 9.941961047912e-01 1.197809468601e-02 -1.193864026219e-01 -9.272756566300e-01 1.040504407515e-01 -3.596294793266e-01 -1.439437105545e+01
-3.607006866419e-01 2.824496041580e-02 9.322538478693e-01 2.216621067758e+02 1.066011884625e-01 9.942396490484e-01 1.112235939573e-02 -1.027558854068e-01 -9.265695879288e-01 1.033912108027e-01 -3.616338704467e-01 -1.529250086839e+01
-3.644784542790e-01 2.870532780775e-02 9.307692842600e-01 2.237828209675e+02 1.065798688636e-01 9.942424904006e-01 1.107257128870e-02 -1.128666839621e-01 -9.250925293826e-01 1.032369819269e-01 -3.654393761532e-01 -1.598774311145e+01
-3.676154262513e-01 3.018408521245e-02 9.294879339625e-01 2.259395796535e+02 1.063303551380e-01 9.942829001072e-01 9.765763183915e-03 -1.045373647166e-01 -9.238791879668e-01 1.024228273102e-01 -3.687232166375e-01 -1.680593797205e+01
-3.702568745880e-01 3.136555751815e-02 9.283997245917e-01 2.281093318566e+02 1.061409378463e-01 9.943127027622e-01 8.737873814936e-03 -1.065670024872e-01 -9.228455711187e-01 1.017764753137e-01 -3.714802833789e-01 -1.765855478164e+01
-3.737468734707e-01 3.146328720406e-02 9.269969450485e-01 2.302725510957e+02 1.037731308727e-01 9.945681523573e-01 8.082550684042e-03 -1.089405491857e-01 -9.217073352642e-01 9.921820334494e-02 -3.749817812177e-01 -1.845337503341e+01
-3.784580962974e-01 3.268088551108e-02 9.250413120878e-01 2.324156931325e+02 1.048157663069e-01 9.944614634489e-01 7.749377300931e-03 -1.236024865965e-01 -9.196646804572e-01 9.989172857285e-02 -3.797874643565e-01 -1.914958502994e+01
-3.821231070473e-01 3.268180844408e-02 9.235333401980e-01 2.345713129787e+02 1.068217877884e-01 9.942373139570e-01 9.014942552673e-03 -1.337900708564e-01 -9.179166828826e-01 1.020983003402e-01 -3.834121807578e-01 -1.988667647213e+01
-3.827350035780e-01 3.168108989190e-02 9.233148030761e-01 2.364895926256e+02 1.072019903920e-01 9.941836498883e-01 1.032489955032e-02 -1.189038212816e-01 -9.176173768473e-01 1.029328851145e-01 -3.839051586914e-01 -2.085473530951e+01
-3.863821977679e-01 3.145919704374e-02 9.218021024978e-01 2.385242172350e+02 1.065662367983e-01 9.942476359385e-01 1.073664777494e-02 -1.205133747591e-01 -9.161617948936e-01 1.023814306999e-01 -3.875120749411e-01 -2.163297532093e+01
-3.887202069612e-01 3.206066566505e-02 9.207978683822e-01 2.404990844762e+02 1.052955858761e-01 9.943924020209e-01 9.828041423138e-03 -9.556603305194e-02 -9.153193105660e-01 1.007763093208e-01 -3.899162668890e-01 -2.251625526888e+01
-3.914699189673e-01 3.093122302405e-02 9.196708987382e-01 2.424916018816e+02 1.036460793686e-01 9.945570242784e-01 1.066844365422e-02 -1.196078856526e-01 -9.143351643545e-01 9.949665773643e-02 -3.925450576992e-01 -2.342104773169e+01
-3.949200442631e-01 3.104135817978e-02 9.181909347851e-01 2.446274494883e+02 1.030781074958e-01 9.946156090510e-01 1.070952786673e-02 -8.589981043728e-02 -9.129145975360e-01 9.887479109666e-02 -3.959933248064e-01 -2.430438263883e+01
-3.979484009946e-01 3.141477188184e-02 9.168697738793e-01 2.467941574144e+02 1.028258414352e-01 9.946434265504e-01 1.054989825904e-02 -9.047444901453e-02 -9.116270709446e-01 9.847622112850e-02 -3.990470115077e-01 -2.524153083493e+01
-4.013392917299e-01 3.135272901059e-02 9.153926913065e-01 2.488515135387e+02 1.024983447408e-01 9.946737752610e-01 1.087060869784e-02 -7.866944519632e-02 -9.101762808595e-01 9.818903804218e-02 -4.024152712922e-01 -2.612823392994e+01
-4.050921138323e-01 3.086167182955e-02 9.137548558135e-01 2.508734082260e+02 1.018789452791e-01 9.947295290353e-01 1.156912157195e-02 -8.926654241975e-02 -9.085818949438e-01 9.777894086670e-02 -4.061012421839e-01 -2.699952801609e+01
-4.088831434573e-01 3.120503574991e-02 9.120530800015e-01 2.530112260651e+02 1.012940017329e-01 9.947914992906e-01 1.137533085556e-02 -7.465319366807e-02 -9.069476832813e-01 9.703668730424e-02 -4.099143582599e-01 -2.792807757379e+01
-4.130267654657e-01 3.227904374698e-02 9.101466663916e-01 2.551495724787e+02 1.016441568318e-01 9.947616907146e-01 1.084638504631e-02 -6.768629860921e-02 -9.050289257206e-01 9.699093783128e-02 -4.141441797100e-01 -2.884905208982e+01
-4.161459094924e-01 3.287270886825e-02 9.087034538420e-01 2.572546896744e+02 1.021211930534e-01 9.947135229062e-01 1.078282323505e-02 -6.002147099644e-02 -9.035451532392e-01 9.728510862016e-02 -4.173029639227e-01 -2.983213133508e+01
-4.196368083218e-01 3.271385901005e-02 9.071023936305e-01 2.593571620615e+02 1.018482198106e-01 9.947364268023e-01 1.124194440189e-02 -5.728057533143e-02 -9.019600263997e-01 9.710429764537e-02 -4.207598675681e-01 -3.081926943165e+01
-4.240106031620e-01 3.324933967875e-02 9.050466782532e-01 2.614857059602e+02 1.008780772926e-01 9.948411179225e-01 1.071277799856e-02 -6.773602882035e-02 -9.000214563709e-01 9.584170022294e-02 -4.251773119187e-01 -3.171307039598e+01
-4.269961527011e-01 3.386685575116e-02 9.036190135560e-01 2.636234226826e+02 1.015624418153e-01 9.947715238175e-01 1.070914629549e-02 -5.153570868359e-02 -8.985317779528e-01 9.634651775435e-02 -4.282032140534e-01 -3.275738082987e+01
-4.310936635616e-01 3.448615860827e-02 9.016479124921e-01 2.657524783605e+02 1.022262888217e-01 9.947022055592e-01 1.083088775146e-02 -5.315449534736e-02 -8.964976514809e-01 9.684124699830e-02 -4.323352099576e-01 -3.371403030389e+01
-4.343748553066e-01 3.574102054012e-02 9.000228133376e-01 2.678649521632e+02 1.035727582322e-01 9.945665449991e-01 1.049148801291e-02 -4.578460505691e-02 -8.947576033930e-01 9.777508383680e-02 -4.357164951561e-01 -3.474203865878e+01
-4.374346138420e-01 3.793601277283e-02 8.984496744659e-01 2.700356811929e+02 1.059510863650e-01 9.943249919208e-01 9.600923904259e-03 -4.443095309016e-02 -8.929867445326e-01 9.939149549451e-02 -4.389715306399e-01 -3.579655123332e+01
-4.411578403335e-01 3.863397524192e-02 8.965975551323e-01 2.720702295755e+02 1.078959156077e-01 9.941093245870e-01 1.025291004176e-02 -7.921209011311e-02 -8.909198792863e-01 1.012623657938e-01 -4.427275708225e-01 -3.668251663062e+01
-4.440469167902e-01 4.091617850297e-02 8.950688253011e-01 2.741592624469e+02 1.100847906581e-01 9.938798015704e-01 9.180353815701e-03 -8.583896103479e-02 -8.892152014866e-01 1.026099720648e-01 -4.458335104924e-01 -3.767281007255e+01
-4.472774744674e-01 4.334257837961e-02 8.933444362246e-01 2.761858200644e+02 1.129582066770e-01 9.935646482083e-01 8.350651171233e-03 -1.313935427624e-01 -8.872335117535e-01 1.046456436268e-01 -4.492949864972e-01 -3.857222898901e+01
-4.503860824529e-01 4.418142972227e-02 8.917400843297e-01 2.783030500420e+02 1.145849585408e-01 9.933757419375e-01 8.655784561726e-03 -1.443816756402e-01 -8.854505429491e-01 1.060784454914e-01 -4.524651361080e-01 -3.959401664871e+01
-4.536188015866e-01 4.549532278776e-02 8.900337962412e-01 2.803951599463e+02 1.156515748515e-01 9.932562278803e-01 8.171842595280e-03 -1.559202037940e-01 -8.836598305239e-01 1.066407116512e-01 -4.558213054883e-01 -4.059764449371e+01
-4.566072952675e-01 4.585035707492e-02 8.884860846770e-01 2.825139412759e+02 1.149348580833e-01 9.933423649834e-01 7.805403673553e-03 -1.345912924057e-01 -8.822129880623e-01 1.056820263112e-01 -4.588371748332e-01 -4.167832591741e+01
-4.598002263394e-01 4.741742484314e-02 8.867555129118e-01 2.847094898639e+02 1.162481588601e-01 9.931943345437e-01 7.167941952451e-03 -1.286561847717e-01 -8.803806662006e-01 1.063795170672e-01 -4.621831681582e-01 -4.281198156803e+01
-4.623355802799e-01 4.791593789028e-02 8.854094386798e-01 2.868265990267e+02 1.155251806262e-01 9.932828222715e-01 6.570207124739e-03 -1.218639867334e-01 -8.791471684812e-01 1.053247258552e-01 -4.647654873966e-01 -4.392365295479e+01
-4.652404460503e-01 4.776513784924e-02 8.838946877118e-01 2.889775668879e+02 1.143647376430e-01 9.934174821872e-01 6.512516315537e-03 -1.318533475384e-01 -8.777653639457e-01 1.041162700597e-01 -4.676406399856e-01 -4.500684085599e+01
-4.687080253739e-01 4.909380069332e-02 8.819878602813e-01 2.911030264392e+02 1.167105009725e-01 9.931430965642e-01 6.741565815484e-03 -1.305436836737e-01 -8.756091856033e-01 1.060970710264e-01 -4.712239017779e-01 -4.603151162109e+01
-4.702169080760e-01 4.961887364264e-02 8.811549391213e-01 2.932706556977e+02 1.187414956370e-01 9.928972254849e-01 7.453645977187e-03 -1.274701568210e-01 -8.745264527579e-01 1.081344857244e-01 -4.727688826728e-01 -4.718958281058e+01
-4.722683626124e-01 4.990830559543e-02 8.800407687761e-01 2.954666469594e+02 1.200797259914e-01 9.927308723205e-01 8.140918104363e-03 -1.275122498883e-01 -8.732373406361e-01 1.095197524392e-01 -4.748283592462e-01 -4.836508026396e+01
-4.734772992914e-01 4.988537812671e-02 8.793922310919e-01 2.975643921402e+02 1.205993497570e-01 9.926638239001e-01 8.621459166024e-03 -1.339151836734e-01 -8.725107700733e-01 1.101361964529e-01 -4.760199306090e-01 -4.951311428214e+01
-4.763026899507e-01 4.927106552556e-02 8.778998289371e-01 2.997877022041e+02 1.204754404996e-01 9.926693911549e-01 9.651326366467e-03 -1.316400192261e-01 -8.709887575521e-01 1.103623213156e-01 -4.787470545618e-01 -5.068508943760e+01
-4.789866440910e-01 4.939127548984e-02 8.764315698832e-01 3.020170791328e+02 1.217455140154e-01 9.925047061557e-01 1.060368218585e-02 -1.195244895466e-01 -8.693387283445e-01 1.117806341200e-01 -4.814096646684e-01 -5.188351628444e+01
-4.811995786929e-01 4.966233510033e-02 8.752031866590e-01 3.042195571588e+02 1.227048343398e-01 9.923805333820e-01 1.115350142784e-02 -1.160503893010e-01 -8.679806962689e-01 1.127587222207e-01 -4.836269031679e-01 -5.307157038015e+01
-4.842726795137e-01 5.082638681367e-02 8.734395515890e-01 3.064435450533e+02 1.227732437850e-01 9.923810582033e-01 1.032307753084e-02 -1.161315850347e-01 -8.662601817509e-01 1.122341914154e-01 -4.868231545338e-01 -5.419838549332e+01
-4.868417683523e-01 5.354069532993e-02 8.718477427460e-01 3.085964585199e+02 1.231375259183e-01 9.923588132125e-01 7.818922568886e-03 -1.226210348440e-01 -8.647671607423e-01 1.111637521092e-01 -4.897145882232e-01 -5.532803915459e+01
-4.903574157095e-01 5.316436505175e-02 8.698983590899e-01 3.108212271907e+02 1.216874041779e-01 9.925367548740e-01 7.935104833302e-03 -1.108577621700e-01 -8.629842295912e-01 1.097467107157e-01 -4.931671916946e-01 -5.655743992631e+01
-4.948244175203e-01 5.138752772959e-02 8.674722576656e-01 3.130427783735e+02 1.198399659131e-01 9.927472829978e-01 9.550637178157e-03 -1.168357332995e-01 -8.606899432407e-01 1.086837342678e-01 -4.973938756257e-01 -5.782289271316e+01
-4.992196324394e-01 4.932705286674e-02 8.650702864176e-01 3.152355405660e+02 1.182653646766e-01 9.929138884699e-01 1.163243747185e-02 -1.130136895774e-01 -8.583665080285e-01 1.081149940532e-01 -5.015157883416e-01 -5.908585822252e+01
-5.054377257583e-01 4.839970814383e-02 8.615045987294e-01 3.174495380783e+02 1.179845267341e-01 9.929245095814e-01 1.343762344580e-02 -1.129580245526e-01 -8.547586541426e-01 1.084360941944e-01 -5.075719226319e-01 -6.022667824001e+01
-5.101897475681e-01 4.876648631483e-02 8.586782000779e-01 3.197635057890e+02 1.184191995464e-01 9.928653826886e-01 1.397229535508e-02 -9.245715820079e-02 -8.518704799764e-01 1.088125069613e-01 -5.123246272370e-01 -6.156692934732e+01
-5.142030103346e-01 5.014531554822e-02 8.562013264948e-01 3.220616226823e+02 1.207531355846e-01 9.925783013043e-01 1.438735647623e-02 -7.049631630418e-02 -8.491253996963e-01 1.107870168767e-01 -5.164419546108e-01 -6.293104352511e+01
-5.177924084781e-01 5.146553143935e-02 8.539568612033e-01 3.243621398771e+02 1.220482966807e-01 9.924226795988e-01 1.419289594305e-02 -4.293050669289e-02 -8.467557115248e-01 1.115729541222e-01 -5.201502099477e-01 -6.431070634820e+01
-5.209457632545e-01 5.181068549210e-02 8.520159415269e-01 3.265754730647e+02 1.232717347250e-01 9.922590848882e-01 1.503289309032e-02 -2.502687467439e-02 -8.446416939537e-01 1.128608050903e-01 -5.232999594012e-01 -6.566581522948e+01
-5.254066779665e-01 5.032791880355e-02 8.493614797818e-01 3.288154529970e+02 1.230689242006e-01 9.922467153642e-01 1.733481309394e-02 -4.461194995317e-03 -8.419037134045e-01 1.136378301350e-01 -5.275268532671e-01 -6.702125654491e+01
-5.296669968589e-01 4.889752274546e-02 8.467950783441e-01 3.310033249042e+02 1.227893242039e-01 9.922410078373e-01 1.950805545543e-02 -5.756001985574e-03 -8.392709063825e-01 1.143101685567e-01 -5.315614085545e-01 -6.831647396747e+01
-5.335774266782e-01 4.897571018490e-02 8.443319901267e-01 3.332704748750e+02 1.218679985345e-01 9.923556702976e-01 1.945288054424e-02 3.124327012526e-02 -8.369249193761e-01 1.132766676776e-01 -5.354671566840e-01 -6.973292664193e+01
-5.377548056499e-01 4.915451166421e-02 8.416671568877e-01 3.355035751086e+02 1.221974808928e-01 9.923018058175e-01 2.012217271561e-02 5.628292068626e-02 -8.341987441035e-01 1.136704013998e-01 -5.396216222333e-01 -7.113926605009e+01
-5.413924554985e-01 4.969285830715e-02 8.393002019317e-01 3.377069221156e+02 1.238604408911e-01 9.920740497392e-01 2.115823755122e-02 8.245951864622e-02 -8.315965369767e-01 1.154110032331e-01 -5.432563851637e-01 -7.256359432890e+01
-5.456381799459e-01 4.899370037397e-02 8.365874693713e-01 3.399661895597e+02 1.241330274943e-01 9.920020728323e-01 2.286654721330e-02 1.142741010139e-01 -8.287761869591e-01 1.163249965399e-01 -5.473559418783e-01 -7.400837321049e+01
-5.488599050091e-01 4.837201833402e-02 8.345136023551e-01 3.421661100267e+02 1.228942459973e-01 9.921457808558e-01 2.331852977321e-02 1.508824105606e-01 -8.268311852937e-01 1.153555259722e-01 -5.504936817562e-01 -7.545700946172e+01
-5.518102556468e-01 4.762245810816e-02 8.326088777131e-01 3.443622429230e+02 1.225679322591e-01 9.921580806097e-01 2.448356719358e-02 1.941742121025e-01 -8.249136583575e-01 1.155614319941e-01 -5.533199903227e-01 -7.690891010424e+01
-5.543513506303e-01 4.710753115718e-02 8.309485306339e-01 3.465570019607e+02 1.229258526862e-01 9.920813403225e-01 2.576526586786e-02 2.346233023210e-01 -8.231547939457e-01 1.164280665997e-01 -5.557523643783e-01 -7.836766190640e+01
-5.566207345102e-01 4.657734054025e-02 8.294600106464e-01 3.487450273495e+02 1.210535531294e-01 9.923180755262e-01 2.551223742954e-02 2.660650663398e-01 -8.218998693199e-01 1.146097218045e-01 -5.579831686349e-01 -7.984316824018e+01
-5.591612281047e-01 4.579468215108e-02 8.277931916072e-01 3.509276937122e+02 1.172010330607e-01 9.928122490636e-01 2.424367873916e-02 3.122548562673e-01 -8.207329887570e-01 1.105743423945e-01 -5.605093005205e-01 -8.131535933847e+01
-5.621711167355e-01 4.529020948223e-02 8.257798934543e-01 3.531473796732e+02 1.137463682577e-01 9.932444610804e-01 2.296092858271e-02 3.554335716653e-01 -8.191613999796e-01 1.068374347233e-01 -5.635249447231e-01 -8.280478043653e+01
-5.646011583424e-01 4.311270273625e-02 8.242371181045e-01 3.553263319243e+02 1.114458957879e-01 9.934715116556e-01 2.437555826366e-02 4.010691641992e-01 -8.178051994885e-01 1.056203123997e-01 -5.657199000372e-01 -8.427707600901e+01
-5.679554017420e-01 4.246647302370e-02 8.219630528807e-01 3.575777566003e+02 1.121177021010e-01 9.933508119400e-01 2.614928859094e-02 4.411631291194e-01 -8.153871979052e-01 1.070082384079e-01 -5.689402028379e-01 -8.580807932490e+01
-5.703635430546e-01 4.303588908690e-02 8.202641897613e-01 3.597970633968e+02 1.116880267846e-01 9.934150429250e-01 2.554089198407e-02 4.878089655539e-01 -8.137636102869e-01 1.061812824413e-01 -5.714143171394e-01 -8.733822446153e+01
-5.730860469896e-01 4.221373853335e-02 8.184072232238e-01 3.620182014692e+02 1.099596505534e-01 9.936024837986e-01 2.574838712181e-02 5.244215122072e-01 -8.120845140723e-01 1.047478136681e-01 -5.740615276568e-01 -8.887711355877e+01
-5.766598463406e-01 3.859852853007e-02 8.160720404559e-01 3.641939276763e+02 1.077797823310e-01 9.937471130559e-01 2.915808316306e-02 5.583610923383e-01 -8.098437751438e-01 1.047703626432e-01 -5.772141985195e-01 -9.035152091996e+01
-5.799959273991e-01 3.618662001488e-02 8.138152448390e-01 3.663724922079e+02 1.052334162555e-01 9.939704278370e-01 3.080124492051e-02 6.075445086040e-01 -8.077936941470e-01 1.035051550280e-01 -5.803068417475e-01 -9.187933551847e+01
-5.829506310754e-01 3.549347073249e-02 8.117319602333e-01 3.686153900469e+02 1.037971682418e-01 9.941129351280e-01 3.107442801114e-02 6.680902588256e-01 -8.058503022235e-01 1.023703362629e-01 -5.832028846462e-01 -9.345137109072e+01
-5.860248546364e-01 3.529067472896e-02 8.095242047188e-01 3.706583798230e+02 1.031073661190e-01 9.941776338970e-01 3.130021263537e-02 6.889720891668e-01 -8.037062528066e-01 1.018106111179e-01 -5.862515319071e-01 -9.487864536449e+01
-5.888309375872e-01 3.498586262425e-02 8.074986788575e-01 3.727883694951e+02 1.033807742751e-01 9.941167943045e-01 3.231431249378e-02 7.252249273760e-01 -8.016174539332e-01 1.025075055696e-01 -5.889835896283e-01 -9.634979960266e+01
-5.916508121982e-01 3.434777368752e-02 8.054623187139e-01 3.749202327390e+02 1.030118560077e-01 9.941234251900e-01 3.327420938807e-02 7.632087923118e-01 -7.995860641276e-01 1.026588814047e-01 -5.917121598562e-01 -9.782932512839e+01
-5.942394601938e-01 3.252073260072e-02 8.036304286796e-01 3.770467271307e+02 9.941824771592e-02 9.944893786395e-01 3.326992326940e-02 8.056196316145e-01 -7.981199633951e-01 9.966583027481e-02 -5.941979857808e-01 -9.940912701784e+01
-5.977908029289e-01 2.914471894271e-02 8.011221762574e-01 3.791976587047e+02 8.929991755231e-02 9.955402131088e-01 3.041724524678e-02 8.391509211464e-01 -7.966628400137e-01 8.972329374807e-02 -5.977274043410e-01 -1.009039847720e+02
-6.009987601846e-01 3.216233280565e-02 7.986025761322e-01 3.813946822332e+02 8.199670753155e-02 9.963989498493e-01 2.157945071614e-02 8.843975215884e-01 -7.950327227294e-01 7.845200499492e-02 -6.014717389053e-01 -1.025250066574e+02
-6.028395224975e-01 4.207969930201e-02 7.967520373501e-01 3.834162875078e+02 9.196276611963e-02 9.956173481709e-01 1.699840194857e-02 8.945941612500e-01 -7.925448629337e-01 8.351882978007e-02 -6.040672523069e-01 -1.040924097546e+02
-6.033439843466e-01 4.254207272566e-02 7.963455334219e-01 3.854706686464e+02 9.897260903592e-02 9.948504778291e-01 2.183917177663e-02 9.054876485232e-01 -7.913156508078e-01 9.199292805141e-02 -6.044475510540e-01 -1.056878565468e+02
-6.056197614760e-01 3.384139259509e-02 7.950342537633e-01 3.876067688124e+02 9.879263543963e-02 9.945633310682e-01 3.292105219276e-02 9.646616841529e-01 -7.895978214842e-01 9.848116897057e-02 -6.056704876957e-01 -1.072805536367e+02
-6.087962122594e-01 2.314482183876e-02 7.929889590408e-01 3.897331699263e+02 9.242944384338e-02 9.948362496469e-01 4.192414935573e-02 1.036161969381e+00 -7.879238350560e-01 9.881879178805e-02 -6.077918036138e-01 -1.088790364796e+02
-6.120951287692e-01 1.710380659418e-02 7.905991482016e-01 3.918780112290e+02 8.635118112164e-02 9.952332580115e-01 4.532367666776e-02 1.121056309076e+00 -7.860553586459e-01 9.601157194721e-02 -6.106543631190e-01 -1.104916024697e+02
-6.148726226948e-01 1.664488390647e-02 7.884507630158e-01 3.939908640275e+02 8.498503307829e-02 9.953536208264e-01 4.526271821667e-02 1.211343021902e+00 -7.840339291212e-01 9.483732043568e-02 -6.134302573557e-01 -1.121031582013e+02
-6.168431392952e-01 2.196763770007e-02 7.867794890554e-01 3.960871798330e+02 9.053448564092e-02 9.949559191483e-01 4.319983635902e-02 1.294414662850e+00 -7.818619113464e-01 9.787819903119e-02 -6.157205614077e-01 -1.137420413521e+02
-6.182961446802e-01 2.880497073420e-02 7.854171828618e-01 3.985569229625e+02 9.549115960081e-02 9.946779832333e-01 3.869299819046e-02 1.428235326052e+00 -7.801226287653e-01 9.892412916916e-02 -6.177561822891e-01 -1.159229159384e+02
-6.213558183300e-01 3.175484374895e-02 7.828847788314e-01 4.005195628575e+02 9.663538125120e-02 9.946557690640e-01 3.635249865100e-02 1.469610260561e+00 -7.775464938625e-01 9.824220562577e-02 -6.211037907756e-01 -1.173830838349e+02
-6.244796558014e-01 3.173457616769e-02 7.803961020953e-01 4.026083675696e+02 9.650761434946e-02 9.946524958950e-01 3.677897201528e-02 1.524629217801e+00 -7.750557656470e-01 9.828188584567e-02 -6.242028765168e-01 -1.189692081085e+02
-6.269472658851e-01 3.109199041643e-02 7.784410150622e-01 4.045271150604e+02 9.721495313748e-02 9.945156306252e-01 3.857347960256e-02 1.601249117396e+00 -7.729724307410e-01 9.985964437207e-02 -6.265314618918e-01 -1.205386086104e+02
-6.294234655580e-01 3.060825481250e-02 7.764594231139e-01 4.064869258077e+02 9.805965983085e-02 9.943645401404e-01 4.029223777795e-02 1.646747421898e+00 -7.708504421215e-01 1.015002268403e-01 -6.288778099381e-01 -1.220363466768e+02
-6.317661265306e-01 3.081605935864e-02 7.745462748307e-01 4.085709337497e+02 9.850790013849e-02 9.942999497018e-01 4.078974912087e-02 1.710956336109e+00 -7.688743427757e-01 1.020685088979e-01 -6.312006531306e-01 -1.236699996425e+02
-6.325367007278e-01 3.078597310896e-02 7.739183071178e-01 4.107767534532e+02 9.840244797484e-02 9.943069680323e-01 4.087311530781e-02 1.814116614710e+00 -7.682540468263e-01 1.020092014582e-01 -6.319650641870e-01 -1.255139550815e+02
-6.337826812319e-01 3.152435048183e-02 7.728685064726e-01 4.126723853496e+02 9.915886310273e-02 9.942364411674e-01 4.076050690144e-02 1.902224425373e+00 -7.671290848604e-01 1.024700657821e-01 -6.332557562154e-01 -1.269833393608e+02
-6.349571311903e-01 3.111163809836e-02 7.719206614189e-01 4.147790242338e+02 1.007327544954e-01 9.939926004183e-01 4.279745886566e-02 1.991972657381e+00 -7.659519265087e-01 1.049322461802e-01 -6.342766509885e-01 -1.287618134009e+02
-6.361008861333e-01 2.996694012490e-02 7.710237643289e-01 4.167477893212e+02 1.020803662683e-01 9.937307242415e-01 4.559436939933e-02 2.030383661625e+00 -7.648236799962e-01 1.077090070419e-01 -6.351720304918e-01 -1.303596840390e+02
-6.364203117753e-01 2.976308824748e-02 7.707680230379e-01 4.187707312139e+02 1.038950091678e-01 9.934570122884e-01 4.742353640414e-02 2.136135225125e+00 -7.643134264357e-01 1.102602526436e-01 -6.353484578223e-01 -1.320791003996e+02
-6.379781759625e-01 2.976056655163e-02 7.694791457044e-01 4.207283031291e+02 1.021882938748e-01 9.936873483485e-01 4.629261633375e-02 2.228830141785e+00 -7.632439974153e-01 1.081654400009e-01 -6.369920234971e-01 -1.337125232584e+02
-6.389278122037e-01 3.038745688419e-02 7.686662821126e-01 4.227676936150e+02 9.858516672434e-02 9.942145944310e-01 4.264158911580e-02 2.320737258914e+00 -7.629234664726e-01 1.030239908201e-01 -6.382271081840e-01 -1.353998640203e+02
-6.404344143188e-01 2.984402083545e-02 7.674327953486e-01 4.247384480958e+02 9.587051262178e-02 9.945354155953e-01 4.132979477682e-02 2.399370837448e+00 -7.620056468070e-01 1.000431984046e-01 -6.397958679823e-01 -1.370491822582e+02
-6.414313132057e-01 2.880064329541e-02 7.666396763702e-01 4.266625155795e+02 9.491621093636e-02 9.945967574112e-01 4.205000652337e-02 2.464491736059e+00 -7.612862689821e-01 9.973872413913e-02 -6.406991521505e-01 -1.386194459644e+02
-6.421938901281e-01 2.766067925085e-02 7.660430107413e-01 4.287109708473e+02 9.299569986297e-02 9.947785559995e-01 4.204074607495e-02 2.542519635119e+00 -7.608802844660e-01 9.823701617478e-02 -6.414130349190e-01 -1.403155520070e+02
-6.431753747957e-01 2.664897272345e-02 7.652550355988e-01 4.307201553364e+02 9.005864403466e-02 9.950905661023e-01 4.103907758357e-02 2.621652749816e+00 -7.604044173275e-01 9.531315495280e-02 -6.424177181568e-01 -1.419878287728e+02
-6.438052649445e-01 2.605477396386e-02 7.647456633309e-01 4.327435842981e+02 8.908031383609e-02 9.951766366341e-01 4.108721923588e-02 2.700056774842e+00 -7.599864989042e-01 9.457595176030e-02 -6.430209256564e-01 -1.436728989978e+02
-6.441647594285e-01 2.471383359546e-02 7.644874028651e-01 4.348001966417e+02 8.962205568384e-02 9.950320039795e-01 4.334971962437e-02 2.786262804724e+00 -7.596180947328e-01 9.643929430230e-02 -6.431794560378e-01 -1.453871008557e+02
-6.439011525695e-01 2.331748640055e-02 7.647532939109e-01 4.367668621195e+02 9.189885708893e-02 9.946562166242e-01 4.704902545894e-02 2.860980812575e+00 -7.595695529610e-01 1.005748753857e-01 -6.426031346451e-01 -1.470034693404e+02
-6.428828224153e-01 2.198181918894e-02 7.656490555525e-01 4.388048853069e+02 9.637007886030e-02 9.939663155128e-01 5.238102257914e-02 2.957829811193e+00 -7.598779405561e-01 1.074605194996e-01 -6.411222599513e-01 -1.487139369805e+02
-6.415631331557e-01 2.123087052881e-02 7.667763665581e-01 4.408518661894e+02 1.002484292426e-01 9.933641346151e-01 5.637329593617e-02 3.068208102776e+00 -7.604912876620e-01 1.130351546949e-01 -6.394341679901e-01 -1.503978062677e+02
-6.399192097425e-01 1.884617421242e-02 7.682110561038e-01 4.428873536520e+02 9.451687882350e-02 9.940387577895e-01 5.434618321246e-02 3.182957658231e+00 -7.626073462930e-01 1.073860779145e-01 -6.378857779024e-01 -1.520728621742e+02
-6.393577483160e-01 1.821127165651e-02 7.686937096483e-01 4.449402833167e+02 8.711755081836e-02 9.949977871976e-01 4.888696974891e-02 3.286696839198e+00 -7.639582462463e-01 9.822297621470e-02 -6.377460661861e-01 -1.537381342961e+02
-6.376201973180e-01 1.629286622737e-02 7.701785679193e-01 4.469969304001e+02 8.252375561040e-02 9.954678201736e-01 4.726149340447e-02 3.377214622955e+00 -7.659179549613e-01 9.369291066544e-02 -6.360749364335e-01 -1.553988488344e+02
-6.350402469983e-01 1.645892653662e-02 7.723036892503e-01 4.490544641578e+02 8.123507613412e-02 9.956522959749e-01 4.557815184314e-02 3.464351871675e+00 -7.681957739391e-01 9.168210979910e-02 -6.336163221106e-01 -1.570320513934e+02
-6.317326946981e-01 1.694335266886e-02 7.750011130636e-01 4.510792745883e+02 8.329676333793e-02 9.954562681145e-01 4.613531715414e-02 3.552123592290e+00 -7.706980288459e-01 9.370027252803e-02 -6.302735971475e-01 -1.587187038101e+02
-6.286966964639e-01 1.683341194671e-02 7.774683917033e-01 4.532194811838e+02 8.383014796786e-02 9.954067838416e-01 4.623679242543e-02 3.650021162384e+00 -7.731189883499e-01 9.424420896977e-02 -6.272201040532e-01 -1.604353431707e+02
-6.265237346570e-01 1.776348310678e-02 7.791998900021e-01 4.553209181707e+02 8.157153325619e-02 9.957442806700e-01 4.288837226212e-02 3.745334013011e+00 -7.751219870921e-01 9.043111290355e-02 -6.253064200417e-01 -1.621033499745e+02
-6.249449565290e-01 1.272080608527e-02 7.805651685807e-01 4.571580549387e+02 7.441649496074e-02 9.962848486155e-01 4.334380805753e-02 3.789130500407e+00 -7.771138826367e-01 8.517441817653e-02 -6.235698292105e-01 -1.634824102246e+02
-6.243116870074e-01 6.505965864237e-03 7.811482508936e-01 4.590413115777e+02 6.552816147160e-02 9.968771196160e-01 4.406890559429e-02 3.892616883616e+00 -7.784221075484e-01 7.869994151396e-02 -6.227883602683e-01 -1.650569022644e+02
-6.238117693411e-01 3.218952735625e-03 7.815679847428e-01 4.614279354410e+02 5.837781689262e-02 9.973900509425e-01 4.248666585801e-02 3.964210203736e+00 -7.793913695483e-01 7.212991490473e-02 -6.223715678350e-01 -1.668128800875e+02
-6.231271022867e-01 2.818078462962e-03 7.821155111808e-01 4.630739851376e+02 5.673134715814e-02 9.975222285750e-01 4.160478035486e-02 4.052538275748e+00 -7.800603621806e-01 7.029553280636e-02 -6.217430091461e-01 -1.682642110398e+02
-6.219195641435e-01 2.917892632643e-03 7.830756934282e-01 4.651325132596e+02 5.902291727119e-02 9.973231788513e-01 4.315984433111e-02 4.132377799006e+00 -7.808536040593e-01 7.306136344520e-02 -6.204270192369e-01 -1.698855680556e+02
-6.202277997366e-01 1.991697312489e-03 7.844192180051e-01 4.672264862258e+02 6.087973380514e-02 9.971027274990e-01 4.560492107123e-02 4.205450167684e+00 -7.820557105767e-01 7.604067303695e-02 -6.185520847903e-01 -1.714938792496e+02
-6.188336162936e-01 -6.227232091176e-04 7.855218441016e-01 4.689617882776e+02 5.872357570857e-02 9.971647638720e-01 4.705289946643e-02 4.276987209967e+00 -7.833240051224e-01 7.524656741674e-02 -6.170425083339e-01 -1.729657116146e+02
-6.178630568640e-01 -7.717290228404e-04 7.862853473116e-01 4.709069807961e+02 5.676405974647e-02 9.973464457660e-01 4.558408317736e-02 4.361176307684e+00 -7.842340750591e-01 7.279746940888e-02 -6.161797172611e-01 -1.745064254404e+02
-6.169381658760e-01 2.964550596102e-04 7.870115701818e-01 4.730289536043e+02 5.577344513094e-02 9.975021452816e-01 4.334504558535e-02 4.458286138241e+00 -7.850328797597e-01 7.063555955019e-02 -6.154136782874e-01 -1.761456235769e+02
-6.157245589535e-01 1.591092590633e-03 7.879598567985e-01 4.750408011642e+02 5.627121201657e-02 9.975335404564e-01 4.195695845456e-02 4.544649761383e+00 -7.859496282840e-01 7.017338590192e-02 -6.142954319473e-01 -1.777239617727e+02
-6.145460384035e-01 2.348489884508e-03 7.888774627772e-01 4.775707810832e+02 5.870658469584e-02 9.973588978653e-01 4.276407092606e-02 4.617563036839e+00 -7.866935258383e-01 7.259279195679e-02 -6.130608313700e-01 -1.793687349039e+02
-6.128522760834e-01 2.221478557300e-03 7.901943765507e-01 4.790530860470e+02 6.046533234987e-02 9.971959985828e-01 4.409176787434e-02 4.770755822722e+00 -7.878807214821e-01 7.480110589747e-02 -6.112681598720e-01 -1.810250522729e+02
-6.116967608475e-01 2.360809723274e-03 7.910888062323e-01 4.813288019670e+02 6.078471312707e-02 9.971795328140e-01 4.402497003823e-02 4.872367617910e+00 -7.887536316358e-01 7.501603771367e-02 -6.101149913476e-01 -1.826756535782e+02
-6.103541736400e-01 1.609873586179e-03 7.921270043543e-01 4.834657140917e+02 5.995605513964e-02 9.972232428510e-01 4.417097881899e-02 4.966228786107e+00 -7.898563503400e-01 7.445275162660e-02 -6.087558899944e-01 -1.843284966071e+02
-6.096735698110e-01 3.634684281891e-04 7.926525128734e-01 4.848115077210e+02 5.967901318074e-02 9.971826045496e-01 4.544522603508e-02 4.992839710562e+00 -7.904027793851e-01 7.501147295120e-02 -6.079775697064e-01 -1.854851998702e+02
-6.092234221507e-01 -4.370359226863e-04 7.929985062424e-01 4.867570633130e+02 5.936652626849e-02 9.971685156359e-01 4.615806520272e-02 5.046430736953e+00 -7.907733161038e-01 7.519814109436e-02 -6.074724702521e-01 -1.868076041915e+02
-6.085618253000e-01 1.928169231233e-04 7.935064382909e-01 4.887553756086e+02 5.857916474219e-02 9.972822340710e-01 4.468363307117e-02 5.118150453152e+00 -7.913412577679e-01 7.367569767546e-02 -6.069191917598e-01 -1.883466041393e+02
-6.077527177177e-01 1.346512945737e-03 7.941251922774e-01 4.910204314002e+02 5.870569911720e-02 9.973385582022e-01 4.323703521560e-02 5.234534026711e+00 -7.919534550704e-01 7.289710025756e-02 -6.062142672159e-01 -1.901539682893e+02
-6.073439238673e-01 1.105727350911e-03 7.944382515391e-01 4.930809209298e+02 5.929372112379e-02 9.972729723717e-01 4.394170242748e-02 5.258685634878e+00 -7.922232089359e-01 7.379292611054e-02 -6.057532428962e-01 -1.914174211264e+02
-6.072832386217e-01 -3.366886105283e-04 7.944853395311e-01 4.954425636193e+02 5.860512874317e-02 9.972565861384e-01 4.521880458930e-02 5.339490388057e+00 -7.923209620944e-01 7.402153770538e-02 -6.055974776876e-01 -1.928712761066e+02
-6.070928673879e-01 -1.417767070153e-03 7.946296246072e-01 4.976228425366e+02 5.738737497816e-02 9.973089930209e-01 4.562303839899e-02 5.430052465477e+00 -7.925559535830e-01 7.329912943668e-02 -6.053778143143e-01 -1.945185822266e+02
-6.068633373932e-01 -1.952460877759e-03 7.948037981946e-01 4.997226960090e+02 5.685025483289e-02 9.973290097420e-01 4.585733150257e-02 5.486676751592e+00 -7.927704196383e-01 7.301393170911e-02 -6.051314134326e-01 -1.960781131057e+02
-6.078807395283e-01 -1.632459599368e-03 7.940266630197e-01 5.021689117905e+02 5.687254979089e-02 9.973399849300e-01 4.559021320558e-02 5.506287703701e+00 -7.919889643113e-01 7.287173344654e-02 -6.061709254605e-01 -1.973527529838e+02
-6.082925943239e-01 -1.362067561114e-03 7.937117010998e-01 5.038347789689e+02 5.721616265389e-02 9.973216496543e-01 4.556136369777e-02 5.560781239544e+00 -7.916479207463e-01 7.312777791507e-02 -6.065854413644e-01 -1.986773117583e+02
-6.081030865136e-01 -2.641785790774e-03 7.938536748926e-01 5.058237877042e+02 5.704258067243e-02 9.972641661142e-01 4.701411463309e-02 5.660382173407e+00 -7.918060243284e-01 7.387289051025e-02 -6.062887232044e-01 -2.002982886135e+02
-6.084612114458e-01 -4.563552650730e-03 7.935704934995e-01 5.081749327794e+02 5.592477227254e-02 9.972507441862e-01 4.861453554520e-02 5.701055242447e+00 -7.916106201992e-01 7.396030832288e-02 -6.065331802801e-01 -2.017683509843e+02
-6.086752749145e-01 -5.020421765515e-03 7.934035575123e-01 5.105163253798e+02 5.530930184129e-02 9.972788414815e-01 4.874211180360e-02 5.790790139299e+00 -7.914892866221e-01 7.355071514636e-02 -6.067412969824e-01 -2.033339282071e+02
-6.090090732110e-01 -5.166814197762e-03 7.931464258116e-01 5.129556911597e+02 5.454936645861e-02 9.973382251123e-01 4.838213873739e-02 5.857348003848e+00 -7.912852300945e-01 7.273079650936e-02 -6.071061817124e-01 -2.048398954288e+02
-6.088964711960e-01 -4.420380469404e-03 7.932373841427e-01 5.153285292712e+02 5.456729508235e-02 9.973822951599e-01 4.744436330000e-02 5.939347644482e+00 -7.913706449398e-01 7.217352380238e-02 -6.070613517508e-01 -2.064172381676e+02
-6.087187088617e-01 -4.002865868841e-03 7.933760209047e-01 5.176812544218e+02 5.536284385720e-02 9.973353692727e-01 4.750912246898e-02 6.002675419646e+00 -7.914521394259e-01 7.284324445386e-02 -6.068750882477e-01 -2.079615491149e+02
-6.090116052099e-01 -4.357477656419e-03 7.931493409870e-01 5.199622643693e+02 5.514198483176e-02 9.973327738848e-01 4.781944838770e-02 6.031620217872e+00 -7.912422045294e-01 7.285842795287e-02 -6.071469535852e-01 -2.092211386144e+02
-6.086745040342e-01 -4.055339236953e-03 7.934096686847e-01 5.223527018333e+02 5.498830816748e-02 9.973668439589e-01 4.728281438724e-02 6.120573782812e+00 -7.915122450750e-01 7.240809896119e-02 -6.068487728431e-01 -2.109582144574e+02
-6.081181117932e-01 -4.050009159479e-03 7.938362296689e-01 5.248565773910e+02 5.427582567551e-02 9.974348860915e-01 4.666671999326e-02 6.202598584585e+00 -7.919889499585e-01 7.146499446230e-02 -6.063384019755e-01 -2.127638172756e+02
-6.083586576660e-01 -4.781917611544e-03 7.936478292712e-01 5.262173863473e+02 5.408311785064e-02 9.974076274653e-01 4.746620942978e-02 6.272240819949e+00 -7.918173779391e-01 7.179942853557e-02 -6.065229443768e-01 -2.138783080925e+02
-6.079735436960e-01 -5.797081796781e-03 7.939361208613e-01 5.289052674875e+02 5.411876143364e-02 9.973449969033e-01 4.872490957326e-02 6.314092338119e+00 -7.921106802882e-01 7.259029545797e-02 -6.060456411680e-01 -2.154501841772e+02
-6.084552477534e-01 -7.118097736013e-03 7.935562640204e-01 5.316407658412e+02 5.395846161505e-02 9.972745876655e-01 5.031780218422e-02 6.299861168274e+00 -7.917516630241e-01 7.343520600594e-02 -6.064128747128e-01 -2.167529794345e+02
-6.081102408590e-01 -6.123544552847e-03 7.938289722380e-01 5.336082828861e+02 5.441934230356e-02 9.972963787114e-01 4.938084843706e-02 6.419509580136e+00 -7.919851451547e-01 7.322865020759e-02 -6.061329017989e-01 -2.182820427177e+02
-6.078514126443e-01 -5.297427261735e-03 7.940331211044e-01 5.363694032867e+02 5.542041940403e-02 9.972561550001e-01 4.907890002410e-02 6.509504704770e+00 -7.921144091982e-01 7.383832730298e-02 -6.058899769444e-01 -2.201119126299e+02
-6.076330918429e-01 -5.460312259490e-03 7.941991001553e-01 5.384119323592e+02 5.598297239700e-02 9.971945735570e-01 4.968791875428e-02 6.550921071958e+00 -7.922423445506e-01 7.465365000161e-02 -6.056227373889e-01 -2.214805301799e+02
-6.076462958850e-01 -6.404994382708e-03 7.941819408323e-01 5.400539083005e+02 5.519644899015e-02 9.972090226097e-01 5.027441938710e-02 6.667333341366e+00 -7.922874043655e-01 7.438508770439e-02 -6.055968358661e-01 -2.228605375792e+02
-6.073311851898e-01 -6.882218583013e-03 7.944189490208e-01 5.418492199139e+02 5.443764847002e-02 9.972516194854e-01 5.025683896515e-02 6.758515847931e+00 -7.925814620120e-01 7.376884505731e-02 -6.052873561986e-01 -2.243614817023e+02
-6.073345701235e-01 -6.627079319753e-03 7.944185305949e-01 5.436470695012e+02 5.410092595575e-02 9.972988563333e-01 4.967978428888e-02 6.845274136455e+00 -7.926019238833e-01 7.315102853651e-02 -6.053355410683e-01 -2.258344238035e+02
-6.072974878760e-01 -7.614331603141e-03 7.944380297882e-01 5.457680462987e+02 5.412389845214e-02 9.972344264082e-01 5.093233160498e-02 6.942504306830e+00 -7.926287686148e-01 7.392916028615e-02 -6.052058446707e-01 -2.273474083395e+02
-6.072725834082e-01 -9.554605782931e-03 7.944361012373e-01 5.471369453826e+02 5.343151609600e-02 9.971727009256e-01 5.283632856627e-02 6.983055765692e+00 -7.926948230741e-01 7.453397907675e-02 -6.050451251226e-01 -2.284498693559e+02
-6.076192261916e-01 -1.073275690333e-02 7.941559569075e-01 5.489739562504e+02 5.221641487402e-02 9.972055228444e-01 5.342837472986e-02 7.090266022506e+00 -7.925101399856e-01 7.393208463059e-02 -6.053608220575e-01 -2.300488739715e+02
-6.077713073774e-01 -9.690688159673e-03 7.940529758723e-01 5.509086163880e+02 5.111095866235e-02 9.973749252068e-01 5.129257717502e-02 7.167820378857e+00 -7.924655877913e-01 7.175896551394e-02 -6.056805618765e-01 -2.315484308325e+02
-6.081524716039e-01 -7.108829334888e-03 7.937884074661e-01 5.528545920989e+02 5.155896399627e-02 9.974947488907e-01 4.843448324309e-02 7.336462478883e+00 -7.921440806531e-01 7.038245861634e-02 -6.062623730741e-01 -2.328545710375e+02
-6.082092633093e-01 -6.646564664016e-03 7.937488993397e-01 5.548819698682e+02 5.176801822372e-02 9.975039644364e-01 4.801992526954e-02 7.396164230579e+00 -7.920868413968e-01 7.029697085843e-02 -6.063470718773e-01 -2.342265792587e+02
-6.079477159069e-01 -8.467159423764e-03 7.939319126568e-01 5.567155602659e+02 5.239340473389e-02 9.973358152679e-01 5.075630723623e-02 7.486728148174e+00 -7.922464931219e-01 7.245397708311e-02 -6.058844075736e-01 -2.356401697863e+02
-6.079166567699e-01 -9.440120212786e-03 7.939447226048e-01 5.582788468971e+02 5.323166318326e-02 9.971950486697e-01 5.261582407734e-02 7.586595090427e+00 -7.922144460033e-01 7.424903392612e-02 -6.057089668353e-01 -2.369850971569e+02
-6.079914187149e-01 -8.948881044252e-03 7.938931617649e-01 5.603930858897e+02 5.360689431249e-02 9.971918477791e-01 5.229454660842e-02 7.652715370183e+00 -7.921317665965e-01 7.435278240164e-02 -6.058043645418e-01 -2.383938219655e+02
-6.082750688386e-01 -8.389355199079e-03 7.936819636030e-01 5.625689130352e+02 5.360074359973e-02 9.972273092620e-01 5.162028620199e-02 7.691316621623e+00 -7.919143898901e-01 7.394127657380e-02 -6.061388345121e-01 -2.397167312146e+02
-6.084189999261e-01 -7.571078579053e-03 7.935798632135e-01 5.644429799224e+02 5.413868966574e-02 9.972290993912e-01 5.102083504563e-02 7.783905519897e+00 -7.917672150387e-01 7.400541937336e-02 -6.063232430752e-01 -2.411348430418e+02
-6.081462845032e-01 -7.586429710326e-03 7.937887267587e-01 5.665172622783e+02 5.517569322278e-02 9.971320033376e-01 5.180164859669e-02 7.875058118213e+00 -7.919051329056e-01 7.530082339656e-02 -6.059835364707e-01 -2.426776441697e+02
-6.081183051116e-01 -8.222640113273e-03 7.938038266334e-01 5.685579584529e+02 5.583550943121e-02 9.970268523848e-01 5.310227405875e-02 7.954160548624e+00 -7.918803715681e-01 7.661490594670e-02 -6.058511643234e-01 -2.441180086741e+02
-6.079806574549e-01 -9.210213750912e-03 7.938984142341e-01 5.705633834692e+02 5.530157897864e-02 9.970128595300e-01 5.391746743279e-02 8.029677084743e+00 -7.920235195518e-01 7.668461315388e-02 -6.056551944649e-01 -2.454670508994e+02
-6.078834775453e-01 -8.965189573866e-03 7.939756313032e-01 5.728193325169e+02 5.550666734157e-02 9.970102483626e-01 5.375476295682e-02 8.144909570031e+00 -7.920837629999e-01 7.674757348487e-02 -6.055684291276e-01 -2.471521787044e+02
-6.073760765387e-01 -8.663172777979e-03 7.943672016680e-01 5.747899819364e+02 5.644467449178e-02 9.969426936622e-01 5.403021631450e-02 8.252812674855e+00 -7.924066508870e-01 7.765445892473e-02 -6.050301518430e-01 -2.487146150243e+02
-6.067818312392e-01 -9.366144048491e-03 7.948132388327e-01 5.768449324313e+02 5.677593101814e-02 9.968658028055e-01 5.509142268931e-02 8.365984956141e+00 -7.928381316101e-01 7.855473596525e-02 -6.043482857777e-01 -2.502823832856e+02
-6.069452145521e-01 -1.082122151653e-02 7.946699992432e-01 5.794143329544e+02 5.519538673335e-02 9.969189667696e-01 5.573188475567e-02 8.478957569843e+00 -7.928246816388e-01 7.768831868404e-02 -6.044779146705e-01 -2.518200558970e+02
-6.066989334412e-01 -1.229100379866e-02 7.948366721452e-01 5.814503701022e+02 5.360736878050e-02 9.969717099718e-01 5.633524233009e-02 8.576274578313e+00 -7.931220928544e-01 7.678763404078e-02 -6.042027847376e-01 -2.533139452990e+02
-6.063161943104e-01 -1.151666653387e-02 7.951402636698e-01 5.837023745461e+02 5.350375960634e-02 9.970386151062e-01 5.523900519723e-02 8.713461814735e+00 -7.934217165070e-01 7.603529692939e-02 -6.039044737340e-01 -2.550609635561e+02
-6.059006236009e-01 -9.780357184839e-03 7.954802190711e-01 5.861960393834e+02 5.541332299660e-02 9.969768991330e-01 5.446490823944e-02 8.855013349823e+00 -7.936080883878e-01 7.708052418343e-02 -6.035269628087e-01 -2.567853171597e+02
-6.051039431873e-01 -8.912889621421e-03 7.960965885731e-01 5.880551219001e+02 5.648044706401e-02 9.969373393173e-01 5.409159430441e-02 8.955205675886e+00 -7.941405272611e-01 7.769492823563e-02 -6.027473111411e-01 -2.582685042964e+02
-6.043502529690e-01 -9.357257647985e-03 7.966638020305e-01 5.902877030644e+02 5.697281340786e-02 9.968635677917e-01 5.492836919109e-02 9.070088921510e+00 -7.946790989253e-01 7.858415195769e-02 -6.019216400765e-01 -2.598211976018e+02
-6.031955551475e-01 -1.081943124330e-02 7.975199446772e-01 5.921816313812e+02 5.640966672245e-02 9.968253834110e-01 5.618811696284e-02 9.125656115112e+00 -7.955960480989e-01 7.888025668784e-02 -6.006703200211e-01 -2.615477553065e+02
-6.033949686249e-01 -9.915607244897e-03 7.973808328341e-01 5.951942600101e+02 5.664080659639e-02 9.968642960733e-01 5.525752656837e-02 9.197458883328e+00 -7.954283945562e-01 7.850640704624e-02 -6.009412726601e-01 -2.630347867634e+02
-6.023717649545e-01 -1.004114927912e-02 7.981525118089e-01 5.970780737046e+02 5.600076693641e-02 9.969253808485e-01 5.480601356300e-02 9.369744751920e+00 -7.962488121738e-01 7.771074791358e-02 -5.999573891291e-01 -2.647662425395e+02
-6.016200266710e-01 -9.902798043517e-03 7.987210264537e-01 5.991983001050e+02 5.597235937155e-02 9.969426351025e-01 5.452043012776e-02 9.532188527286e+00 -7.968189496333e-01 7.750688295786e-02 -5.992263717490e-01 -2.664304670457e+02
-6.012293654312e-01 -1.106107683771e-02 7.989999391254e-01 6.017244486945e+02 5.503002959447e-02 9.969571254260e-01 5.521037860061e-02 9.588314275284e+00 -7.971793687659e-01 7.716309118731e-02 -5.987912084962e-01 -2.680149579552e+02
-6.004605373607e-01 -1.134878243525e-02 7.995738541309e-01 6.041014441829e+02 5.458720439704e-02 9.969851207722e-01 5.514441109385e-02 9.744931433889e+00 -7.977890574511e-01 7.675854412382e-02 -5.980307230530e-01 -2.697944549698e+02
-6.003631890768e-01 -1.241290487583e-02 7.996311405855e-01 6.062542406901e+02 5.314235184918e-02 9.970503006556e-01 5.537678577305e-02 9.866175816651e+00 -7.979598559085e-01 7.574046313009e-02 -5.979326472132e-01 -2.713995244683e+02
-5.998234000543e-01 -1.299833831789e-02 8.000268320177e-01 6.087652484134e+02 5.167623362290e-02 9.971512183279e-01 5.494556092919e-02 1.005392519644e+01 -7.984619312314e-01 7.430000665037e-02 -5.974429289781e-01 -2.731550643033e+02
-5.998444464303e-01 -1.262640354534e-02 8.000170085819e-01 6.107708824273e+02 5.073746246754e-02 9.972628630327e-01 5.378189210355e-02 1.010752595396e+01 -7.985063243263e-01 7.285160224314e-02 -5.975619583453e-01 -2.747075635573e+02
-6.003197993319e-01 -1.261527542363e-02 7.996605488306e-01 6.129044232065e+02 5.132267082743e-02 9.972069852436e-01 5.426059380943e-02 1.022296672561e+01 -7.981115974532e-01 7.361442390863e-02 -5.979956476459e-01 -2.762442090960e+02
-6.004092221106e-01 -1.384755778563e-02 7.995730180215e-01 6.152530570842e+02 5.155150535461e-02 9.971001852053e-01 5.597912967603e-02 1.035314529678e+01 -7.980295785873e-01 7.482957842315e-02 -5.979542841161e-01 -2.779229965307e+02
-6.005481706984e-01 -1.527151936898e-02 7.994427280093e-01 6.173908202872e+02 5.030668912931e-02 9.971151549242e-01 5.683840998239e-02 1.047676719016e+01 -7.980044684710e-01 7.435151993498e-02 -5.980474226880e-01 -2.795171867955e+02
-6.002893809214e-01 -1.442202318887e-02 7.996528399250e-01 6.194274044773e+02 4.983535322313e-02 9.972199965460e-01 5.539599315755e-02 1.058979627528e+01 -7.982287245659e-01 7.310460817161e-02 -5.979018477492e-01 -2.810503303411e+02
-6.003128234743e-01 -1.262629187030e-02 7.996656118190e-01 6.212948700726e+02 5.013336932547e-02 9.973148758009e-01 5.338242956504e-02 1.068730251214e+01 -7.981924324700e-01 7.213608847031e-02 -5.980679104315e-01 -2.825190943152e+02
-6.002824510936e-01 -1.155621541062e-02 7.997045909550e-01 6.230353601496e+02 5.035683389673e-02 9.973655833742e-01 5.221189884078e-02 1.069169974287e+01 -7.982012078348e-01 7.161247786556e-02 -5.981191226043e-01 -2.836140129022e+02
-6.004657777000e-01 -1.137173611988e-02 7.995695926114e-01 6.254912141823e+02 5.087597858434e-02 9.973298174844e-01 5.239150655917e-02 1.081626351134e+01 -7.980303782528e-01 7.213819220132e-02 -5.982838762759e-01 -2.853011092298e+02
-6.003149697950e-01 -1.198680567369e-02 7.996738419692e-01 6.277276458445e+02 5.140519922345e-02 9.972417823812e-01 5.353814496269e-02 1.095696717177e+01 -7.981099188288e-01 7.324714303637e-02 -5.980429863347e-01 -2.870504067068e+02
-6.001505351945e-01 -1.263125330286e-02 7.997873383255e-01 6.299534224602e+02 5.173454712327e-02 9.971688445274e-01 5.456951656224e-02 1.108194997888e+01 -7.982122974120e-01 7.412656031333e-02 -5.977979435532e-01 -2.888296263041e+02
-6.000063247745e-01 -1.322701782846e-02 7.998859020073e-01 6.318946671597e+02 5.157261303017e-02 9.971439532819e-01 5.517428765790e-02 1.114839855603e+01 -7.983311817885e-01 7.435712765217e-02 -5.976105268077e-01 -2.903604577004e+02
-5.998688718530e-01 -1.275257904284e-02 7.999966926867e-01 6.342553370032e+02 5.154662064892e-02 9.971797807382e-01 5.454750944499e-02 1.127639508538e+01 -7.984361480303e-01 7.395847899147e-02 -5.975197577518e-01 -2.920442363472e+02
-5.991538365569e-01 -1.226845304470e-02 8.005399210527e-01 6.361758949406e+02 5.143856023033e-02 9.972269806495e-01 5.378125682896e-02 1.140310093339e+01 -7.989798211849e-01 7.340186730978e-02 -5.968612998133e-01 -2.936211632724e+02
-5.990325376766e-01 -1.239820083414e-02 8.006286926040e-01 6.382651733628e+02 5.173204459506e-02 9.971919440227e-01 5.414815175329e-02 1.149088695227e+01 -7.990518220783e-01 7.385466398515e-02 -5.967090365002e-01 -2.950080817315e+02
-5.985715048896e-01 -1.276868101876e-02 8.009676112798e-01 6.403766113123e+02 5.178242358475e-02 9.971650234602e-01 5.459392452800e-02 1.160754918852e+01 -7.993939793005e-01 7.415441168751e-02 -5.962133754667e-01 -2.965548645517e+02
-5.983688491859e-01 -1.343490248737e-02 8.011081223649e-01 6.426595819505e+02 5.127503716089e-02 9.971677371798e-01 5.502158205607e-02 1.170848909685e+01 -7.995783832046e-01 7.400004947943e-02 -5.959852362173e-01 -2.981444954692e+02
-5.978304027188e-01 -1.380125084527e-02 8.015037960360e-01 6.446568329771e+02 5.076597183783e-02 9.971929609815e-01 5.503648492001e-02 1.181414483862e+01 -8.000135159411e-01 7.359160308144e-02 -5.954516355402e-01 -2.996453122472e+02
-5.972963395172e-01 -1.281912776709e-02 8.019181708645e-01 6.468340427698e+02 5.060908427286e-02 9.972771654669e-01 5.363744799478e-02 1.194256305548e+01 -8.004222656750e-01 7.262179563754e-02 -5.950212361000e-01 -3.013412943426e+02
-5.969078024182e-01 -1.302433800774e-02 8.022041149431e-01 6.490302929857e+02 5.081443011775e-02 9.972470908960e-01 5.400123509072e-02 1.204209501429e+01 -8.006990502705e-01 7.299730350482e-02 -5.946027451812e-01 -3.028180701797e+02
-5.964621804023e-01 -1.309887309636e-02 8.025342901542e-01 6.509789310973e+02 5.184013949062e-02 9.971504912726e-01 5.480417586598e-02 1.210814876581e+01 -8.009653346352e-01 7.429210777978e-02 -5.940835088053e-01 -3.041660928860e+02
-5.962685797536e-01 -1.340700027747e-02 8.026730549496e-01 6.532747904740e+02 5.177620671691e-02 9.971365566637e-01 5.511725485636e-02 1.221894645344e+01 -8.011136031903e-01 7.442405329229e-02 -5.938670348445e-01 -3.055628800701e+02
-5.958594853994e-01 -1.243419123990e-02 8.029924436430e-01 6.555948480250e+02 5.177364901513e-02 9.972053839050e-01 5.386011120119e-02 1.232239929037e+01 -8.014180949587e-01 7.366690708287e-02 -5.935505234381e-01 -3.072364233197e+02
-5.950417478603e-01 -1.074660968998e-02 8.036229393712e-01 6.581644313047e+02 5.273203096008e-02 9.972339517530e-01 5.238108801714e-02 1.246601088307e+01 -8.019629986566e-01 7.354560388769e-02 -5.928291431218e-01 -3.092245166020e+02
-5.942667024972e-01 -1.073755970739e-02 8.041963635298e-01 6.605162602953e+02 5.347222908125e-02 9.971709688855e-01 5.282782911588e-02 1.257235127891e+01 -8.024885089646e-01 7.439599198575e-02 -5.920113422531e-01 -3.109012156541e+02
-5.939145276188e-01 -1.132914359938e-02 8.044483727304e-01 6.618809780338e+02 5.425989503316e-02 9.970601436120e-01 5.410114427076e-02 1.265193740857e+01 -8.026963296753e-01 7.578073980716e-02 -5.915537860584e-01 -3.118911559246e+02
-5.930789555968e-01 -1.171798869636e-02 8.050590296178e-01 6.638304121992e+02 5.460124688255e-02 9.970068539059e-01 5.473606766522e-02 1.273591934649e+01 -8.032907669500e-01 7.642003667555e-02 -5.906639668436e-01 -3.132323150714e+02
-5.927922371836e-01 -1.206536491761e-02 8.052650436373e-01 6.660414119597e+02 5.443808805178e-02 9.970005608163e-01 5.501251040704e-02 1.286622757538e+01 -8.035134461253e-01 7.644807846782e-02 -5.903573775219e-01 -3.148622015627e+02
-5.927206824604e-01 -1.262605669148e-02 8.053091178399e-01 6.681370684822e+02 5.393853302257e-02 9.970100718409e-01 5.533128683878e-02 1.297022949820e+01 -8.035999173961e-01 7.623319054248e-02 -5.902674592256e-01 -3.163703650520e+02
-5.918269126221e-01 -1.200250074868e-02 8.059757102246e-01 6.699665815288e+02 5.412328666394e-02 9.970408964616e-01 5.459048107203e-02 1.307964404683e+01 -8.042459669385e-01 7.593017028007e-02 -5.894260207222e-01 -3.176697725496e+02
-5.913428956248e-01 -1.102868320934e-02 8.063448071022e-01 6.723633011444e+02 5.415332157310e-02 9.971063145760e-01 5.335180592386e-02 1.319526479463e+01 -8.045998990533e-01 7.521546103963e-02 -5.890344954788e-01 -3.193935978662e+02
-5.907530878247e-01 -1.037931693072e-02 8.067856338617e-01 6.744362308398e+02 5.407242302825e-02 9.971600224271e-01 5.242196811448e-02 1.331796638369e+01 -8.050384849766e-01 7.459329362076e-02 -5.885141274883e-01 -3.209336373319e+02
-5.902847733382e-01 -1.047137575001e-02 8.071271502403e-01 6.767614591171e+02 5.378626189627e-02 9.971833101358e-01 5.227316728431e-02 1.344908073313e+01 -8.054010953533e-01 7.426840698850e-02 -5.880589080416e-01 -3.227090325352e+02
-5.904557171243e-01 -1.102390514065e-02 8.069947457268e-01 6.786420286896e+02 5.323237339712e-02 9.971973847792e-01 5.257081140786e-02 1.352809895360e+01 -8.053125856074e-01 7.399898178368e-02 -5.882140683095e-01 -3.239647261976e+02
-5.904597518329e-01 -1.099392759275e-02 8.069922025779e-01 6.808130403182e+02 5.308352817129e-02 9.972129689410e-01 5.242550536470e-02 1.364394276065e+01 -8.053194524549e-01 7.379314420691e-02 -5.882305257004e-01 -3.255458365389e+02
-5.905136924839e-01 -1.183244656158e-02 8.069408728014e-01 6.829173626240e+02 5.204407319787e-02 9.972528384522e-01 5.270854431713e-02 1.374579218139e+01 -8.053477468982e-01 7.312160698059e-02 -5.882756472595e-01 -3.270899861833e+02
-5.907351219635e-01 -1.159000271459e-02 8.067823049100e-01 6.851468068648e+02 5.132226056697e-02 9.973323314505e-01 5.190612886459e-02 1.386402601294e+01 -8.052316693034e-01 7.206866503889e-02 -5.885644113183e-01 -3.286463219503e+02
-5.910167445642e-01 -1.137516915744e-02 8.065790805441e-01 6.872445209243e+02 5.116086871428e-02 9.973589081676e-01 5.155360134016e-02 1.396359926848e+01 -8.050352620582e-01 7.173432808202e-02 -5.888738515315e-01 -3.301682111351e+02
-5.911816029692e-01 -1.163829011193e-02 8.064545012051e-01 6.894679724572e+02 5.158193541142e-02 9.973033194176e-01 5.220529683799e-02 1.407048627761e+01 -8.048873314011e-01 7.246129506158e-02 -5.889870494909e-01 -3.318147428243e+02
-5.913160445864e-01 -1.195235575471e-02 8.063513357133e-01 6.916222638996e+02 5.201878613245e-02 9.972425097558e-01 5.292846705909e-02 1.418414391949e+01 -8.047604496395e-01 7.324286946749e-02 -5.890637493245e-01 -3.333936926458e+02
-5.916441757190e-01 -1.177681187763e-02 8.061131905879e-01 6.937711463951e+02 5.310239358737e-02 9.971526353994e-01 5.354210970251e-02 1.429163624061e+01 -8.044484477784e-01 7.448441728377e-02 -5.893341721373e-01 -3.349258621599e+02
-5.916326157572e-01 -1.227329528989e-02 8.061142686958e-01 6.958794939245e+02 5.295228510356e-02 9.971334905083e-01 5.404495914589e-02 1.439580051127e+01 -8.044668442357e-01 7.466035313001e-02 -5.892867962172e-01 -3.364554152072e+02
-5.914340813027e-01 -1.159130226171e-02 8.062700349049e-01 6.980324814931e+02 5.270191050272e-02 9.972030877033e-01 5.299538191569e-02 1.450849278444e+01 -8.046292538200e-01 7.383524623717e-02 -5.891690082736e-01 -3.380213788424e+02
-5.912248319388e-01 -1.065223905389e-02 8.064364376081e-01 7.002276356189e+02 5.325324533894e-02 9.972150207549e-01 5.221392765909e-02 1.461532277544e+01 -8.047467241063e-01 7.381552806731e-02 -5.890110167529e-01 -3.396376564213e+02
-5.913062520403e-01 -9.411558599248e-03 8.063921743561e-01 7.023522800989e+02 5.502354028056e-02 9.971308675301e-01 5.198502701448e-02 1.472444711941e+01 -8.045677885132e-01 7.510962377376e-02 -5.890918587992e-01 -3.411284733970e+02
-5.906540322324e-01 -8.321129530317e-03 8.068820068703e-01 7.043571222728e+02 5.652092565596e-02 9.970641659291e-01 5.165688708390e-02 1.483531009011e+01 -8.049429788318e-01 7.611706657212e-02 -5.884496520568e-01 -3.423248717157e+02
-5.900208273795e-01 -8.092657827875e-03 8.073474667996e-01 7.065455234929e+02 5.778205591951e-02 9.969624743333e-01 5.222124840555e-02 1.494888530188e+01 -8.053177368419e-01 7.746182066412e-02 -5.877610135653e-01 -3.438890622787e+02
-5.893196749603e-01 -7.752049943894e-03 8.078627522211e-01 7.084609050505e+02 5.824762680855e-02 9.969439768319e-01 5.205690184634e-02 1.503825512142e+01 -8.057974526367e-01 7.773424457943e-02 -5.870671618681e-01 -3.453386261994e+02
-5.882458583689e-01 -7.336649586231e-03 8.086488630330e-01 7.103951406912e+02 5.793731667775e-02 9.970068612712e-01 5.119165864112e-02 1.514440102355e+01 -8.066040400642e-01 7.696422643733e-02 -5.860600911177e-01 -3.467661964628e+02
-5.870698536388e-01 -7.480971653339e-03 8.095017121734e-01 7.122689383707e+02 5.703817778810e-02 9.970899206867e-01 5.057999940289e-02 1.525932340869e+01 -8.075243855285e-01 7.586649542522e-02 -5.849347328110e-01 -3.484511562935e+02
-5.868799557733e-01 -6.919625379857e-03 8.096443887882e-01 7.143377732103e+02 5.679392386270e-02 9.971486191892e-01 4.968985269913e-02 1.531987879509e+01 -8.076796194803e-01 7.514486032714e-02 -5.848135448522e-01 -3.496606020743e+02
-5.856141913994e-01 -7.653989606816e-03 8.105537830858e-01 7.163876435360e+02 5.673492691131e-02 9.971160379634e-01 5.040590148514e-02 1.539523484773e+01 -8.086019829929e-01 7.550512088104e-02 -5.834910537624e-01 -3.516847149054e+02
-5.850008488280e-01 -8.417721531332e-03 8.109889942747e-01 7.182752230251e+02 5.771079755927e-02 9.969793407876e-01 5.197747481106e-02 1.546614336536e+01 -8.089768048069e-01 7.720968855579e-02 -5.827479672016e-01 -3.530213224078e+02
-5.845313949632e-01 -8.794885481373e-03 8.113234239758e-01 7.207503659276e+02 5.856828115115e-02 9.968753487195e-01 5.300278821279e-02 1.560679742602e+01 -8.092544746527e-01 7.849961213089e-02 -5.821898368659e-01 -3.545193549381e+02
-5.837636997176e-01 -8.520523302111e-03 8.118788971113e-01 7.230878684737e+02 5.919447406713e-02 9.968372271682e-01 5.302411500032e-02 1.561515637977e+01 -8.097629018002e-01 7.901229786755e-02 -5.814130198523e-01 -3.560638163091e+02
-5.831616786738e-01 -7.012612176403e-03 8.123258458259e-01 7.255645205343e+02 6.011328661735e-02 9.968486634919e-01 5.176035999108e-02 1.571749408603e+01 -8.101289090623e-01 7.901623481798e-02 -5.809023888200e-01 -3.575466829818e+02
-5.821070690233e-01 -6.404157390813e-03 8.130869246035e-01 7.274401202347e+02 6.002597939917e-02 9.969020067142e-01 5.082588716782e-02 1.582074581077e+01 -8.108934837512e-01 7.839244719575e-02 -5.799192894123e-01 -3.588794589603e+02
-5.812657350378e-01 -5.618772584827e-03 8.136943988167e-01 7.298265705483e+02 6.003237466816e-02 9.969549644352e-01 4.976859330594e-02 1.584934950773e+01 -8.114963088411e-01 7.777678498492e-02 -5.791584519410e-01 -3.605579260635e+02
-5.801703717733e-01 -4.813946372073e-03 8.144809179083e-01 7.319175912808e+02 6.055662448013e-02 9.969599482094e-01 4.902812353948e-02 1.604729684528e+01 -8.122408724929e-01 7.776687975325e-02 -5.781151074531e-01 -3.621327951868e+02
-5.794373545864e-01 -3.857054027212e-03 8.150076534881e-01 7.340933988461e+02 6.111843001294e-02 9.969674523930e-01 4.817090804289e-02 1.614894646123e+01 -8.127219017737e-01 7.772401175412e-02 -5.774444461368e-01 -3.636685027263e+02
-5.778281165625e-01 -3.458394832313e-03 8.161511546369e-01 7.360474589836e+02 6.151347221140e-02 9.969621787070e-01 4.777558962755e-02 1.625139631671e+01 -8.138370601333e-01 7.781037034320e-02 -5.758600401319e-01 -3.651876934077e+02
-5.775950690874e-01 -4.596032165995e-03 8.163104878992e-01 7.383944651106e+02 6.035674312689e-02 9.970066458784e-01 4.831988859037e-02 1.634406741745e+01 -8.140890612980e-01 7.717917181857e-02 -5.755887209739e-01 -3.663948346862e+02
-5.768775233477e-01 -6.017103082731e-03 8.168084950138e-01 7.407471003939e+02 5.817956583949e-02 9.971304654022e-01 4.843524631501e-02 1.638404340994e+01 -8.147560746475e-01 7.546276855085e-02 -5.748720808908e-01 -3.678728120658e+02
-5.761783258908e-01 -5.522993511193e-03 8.173053488852e-01 7.430352272207e+02 5.812641067534e-02 9.971682430405e-01 4.771598739936e-02 1.647636409697e+01 -8.152544738642e-01 7.499994409444e-02 -5.742256971176e-01 -3.693579449404e+02
-5.746971586965e-01 -3.964055957479e-03 8.183565616811e-01 7.448849463389e+02 5.950808451685e-02 9.971385846235e-01 4.662007005814e-02 1.661280294401e+01 -8.161997081985e-01 7.549125323809e-02 -5.728168180328e-01 -3.709233763915e+02
-5.742153235475e-01 -2.656618613155e-03 8.187000089049e-01 7.476863990671e+02 6.057826223964e-02 9.971156529454e-01 4.572361310346e-02 1.664604849807e+01 -8.164600641472e-01 7.585062312699e-02 -5.723981539313e-01 -3.725793429915e+02
-5.742178935739e-01 -2.326089253785e-03 8.186992121704e-01 7.500501443734e+02 6.109791957291e-02 9.970856848867e-01 4.568567847581e-02 1.676003686363e+01 -8.164195336489e-01 7.625435268046e-02 -5.724023224742e-01 -3.739488540529e+02
-5.738695982704e-01 -4.345210510826e-03 8.189351642997e-01 7.521875927611e+02 6.024447788740e-02 9.970525160660e-01 4.750666364312e-02 1.684244011397e+01 -8.167277925141e-01 7.659895137691e-02 -5.719163519108e-01 -3.754596067116e+02
-5.738470385602e-01 -6.300099485816e-03 8.189382669543e-01 7.539055835959e+02 5.861223693763e-02 9.970902056595e-01 4.874143472436e-02 1.692609698127e+01 -8.168624009078e-01 7.596993171176e-02 -5.718079987713e-01 -3.769675274005e+02
-5.735641169551e-01 -5.724933549833e-03 8.191406648906e-01 7.561088288638e+02 5.724021298037e-02 9.972511749755e-01 4.704946363123e-02 1.700970119149e+01 -8.171583455852e-01 7.387367018007e-02 -5.716597931415e-01 -3.785513043812e+02
-5.728681772652e-01 -4.591253153455e-03 8.196346575587e-01 7.582485427995e+02 5.684179311740e-02 9.973542687851e-01 4.531526333690e-02 1.711769927255e+01 -8.176741784061e-01 7.254917594691e-02 -5.710915469847e-01 -3.801262120669e+02
-5.719938881880e-01 -4.517581268589e-03 8.202454409108e-01 7.603036513601e+02 5.859585527684e-02 9.972050233406e-01 4.635371795991e-02 1.717969592495e+01 -8.181622807365e-01 7.457702651496e-02 -5.701304670830e-01 -3.815146176661e+02
-5.712916176433e-01 -4.499677707643e-03 8.207348174112e-01 7.624838728322e+02 6.094377395261e-02 9.969918048206e-01 4.788734213750e-02 1.730551325796e+01 -8.184813644958e-01 7.737631434171e-02 -5.692988336120e-01 -3.831415150636e+02
-5.707926958978e-01 -4.090824254055e-03 8.210840173007e-01 7.640464476722e+02 6.305321300436e-02 9.968164052344e-01 4.879904287369e-02 1.733579957685e+01 -8.186696468292e-01 7.962612267644e-02 -5.687175836459e-01 -3.840974656334e+02
-5.698856225767e-01 -2.125934327693e-03 8.217212773098e-01 7.662344207753e+02 6.408849374433e-02 9.968356003787e-01 4.702606497657e-02 1.743671324076e+01 -8.192209971369e-01 7.946235725696e-02 -5.679460287996e-01 -3.856031970699e+02
-5.691907090547e-01 -3.250980952295e-04 8.222054676521e-01 7.683869047848e+02 6.414841247687e-02 9.969341631951e-01 4.480240430066e-02 1.751433562260e+01 -8.196992850445e-01 7.824428775093e-02 -5.674248087032e-01 -3.870584721559e+02
-5.681829132763e-01 1.545260516132e-03 8.229008380302e-01 7.706020137199e+02 6.451350315052e-02 9.970040655957e-01 4.267201772790e-02 1.760976806686e+01 -8.203695417140e-01 7.733372715484e-02 -5.665803647076e-01 -3.886164570743e+02
-5.672974599309e-01 2.101666842787e-03 8.235102761669e-01 7.730461433809e+02 6.533739556266e-02 9.969592460880e-01 4.246511957672e-02 1.768515011192e+01 -8.209169365393e-01 7.789637113537e-02 -5.657097653982e-01 -3.899546344769e+02
-5.659909901690e-01 1.161745565426e-03 8.244106072794e-01 7.752814641596e+02 6.587147141303e-02 9.968655253636e-01 4.381864438249e-02 1.775980586283e+01 -8.217756070251e-01 7.910609767191e-02 -5.642934316556e-01 -3.915324695609e+02
-5.652735171023e-01 -3.897162838016e-05 8.249035394178e-01 7.778391079208e+02 6.529323317333e-02 9.968603986797e-01 4.478994581348e-02 1.780659763931e+01 -8.223154167134e-01 7.917918934552e-02 -5.634962390381e-01 -3.929545613911e+02
-5.639794792097e-01 1.137221338945e-04 8.257887950908e-01 7.802213391825e+02 6.452808109816e-02 9.969483656977e-01 4.393270857183e-02 1.791684337753e+01 -8.232637935559e-01 7.806371244019e-02 -5.622657583563e-01 -3.946224490123e+02
-5.628258861893e-01 -1.911189932236e-04 8.265754565124e-01 7.823137625487e+02 6.384135886616e-02 9.970027631260e-01 4.370092924863e-02 1.804713385682e+01 -8.241063661527e-01 7.736571458083e-02 -5.611267623934e-01 -3.963241830845e+02
-5.615923228666e-01 -1.143319715334e-04 8.274140739832e-01 7.851689464118e+02 6.392496463509e-02 9.970050723097e-01 4.352567845596e-02 1.815097960941e+01 -8.249410050384e-01 7.733610228638e-02 -5.599030858010e-01 -3.981119132201e+02
-5.602064264485e-01 1.202640859403e-04 8.283530318061e-01 7.883595738110e+02 6.369152050109e-02 9.970458757892e-01 4.292914846531e-02 1.829338283992e+01 -8.259008112250e-01 7.680824895964e-02 -5.585591668836e-01 -4.012410380588e+02
-5.588257736352e-01 -1.295541046609e-04 8.292850763982e-01 7.907021089039e+02 6.264179757498e-02 9.971363846670e-01 4.236786010412e-02 1.833468496026e+01 -8.269158118682e-01 7.562416008764e-02 -5.572173960793e-01 -4.029011062340e+02
-5.581695227386e-01 1.085378121680e-03 8.297262234256e-01 7.930413886978e+02 6.362448437197e-02 9.971107954029e-01 4.149682734146e-02 1.843506136704e+01 -8.272839348580e-01 7.595316744771e-02 -5.566259134109e-01 -4.045248705954e+02
-5.576267289043e-01 6.012549484170e-04 8.300916032005e-01 7.953883925388e+02 6.393620685464e-02 9.970601603406e-01 4.222793050367e-02 1.852695282844e+01 -8.276258772323e-01 7.662033120568e-02 -5.560258376923e-01 -4.060038286255e+02
-5.573396957299e-01 -7.491650359130e-04 8.302842298366e-01 7.977072520850e+02 6.326466832984e-02 9.970541068888e-01 4.336691915765e-02 1.860781560813e+01 -8.278707902232e-01 7.669776194818e-02 -5.556504368822e-01 -4.074542957370e+02
-5.577435595450e-01 -2.059564590179e-03 8.300107710022e-01 7.997388634481e+02 6.169943518943e-02 9.971273434906e-01 4.393450307758e-02 1.865183572763e+01 -8.277169211049e-01 7.571538190532e-02 -5.560142799062e-01 -4.086333120649e+02
-5.567456986467e-01 -2.153386519910e-03 8.306801971667e-01 8.024528694883e+02 6.027879270002e-02 9.972555790592e-01 4.298577888097e-02 1.881417889234e+01 -8.284930260352e-01 7.400454689998e-02 -5.550879505530e-01 -4.114408212259e+02
-5.565309968036e-01 -1.556335266652e-03 8.308253892469e-01 8.039137306154e+02 5.961331257030e-02 9.973459664381e-01 4.180043294009e-02 1.886120618274e+01 -8.286854062678e-01 7.279149023149e-02 -5.549611665592e-01 -4.124798384303e+02
-5.563620075600e-01 -1.227950429797e-03 8.309391124996e-01 8.061948061719e+02 6.002015175393e-02 9.973274075583e-01 4.166081512098e-02 1.895020615008e+01 -8.287695083238e-01 7.305158636779e-02 -5.548013768926e-01 -4.140922259784e+02
-5.565078612322e-01 -6.688277737539e-04 8.308420746786e-01 8.085754321850e+02 6.108386375088e-02 9.972604537559e-01 4.171748990246e-02 1.902539878681e+01 -8.285938462094e-01 7.396715516975e-02 -5.549424276266e-01 -4.158110090904e+02
-5.569631169927e-01 -1.892613052249e-04 8.305372059637e-01 8.108360843757e+02 6.204841782341e-02 9.971958867432e-01 4.183727175734e-02 1.914407284542e+01 -8.282162037508e-01 7.483533685796e-02 -5.553895859682e-01 -4.173102108149e+02
-5.570321934503e-01 2.113945172961e-05 8.304909000182e-01 8.132637050541e+02 6.326809772046e-02 9.970950417760e-01 4.241020486243e-02 1.921868595062e+01 -8.280774621198e-01 7.616742885750e-02 -5.554153756519e-01 -4.193805255515e+02
-5.572871864794e-01 -6.661562315428e-04 8.303195457303e-01 8.158667296587e+02 6.338601621294e-02 9.970474469677e-01 4.334283613153e-02 1.924953161267e+01 -8.278968563381e-01 7.678505538936e-02 -5.555995415174e-01 -4.213132202186e+02
-5.576550200165e-01 -1.004203531948e-03 8.300722078383e-01 8.184810660095e+02 6.231614885409e-02 9.971266552953e-01 4.307123043998e-02 1.941199098835e+01 -8.277303765372e-01 7.574579113645e-02 -5.559901068209e-01 -4.228548707646e+02
-5.572935504677e-01 -1.285420957812e-04 8.303155316409e-01 8.207104835618e+02 6.129029975696e-02 9.972655216008e-01 4.129138629170e-02 1.949482130226e+01 -8.280503594365e-01 7.390171109737e-02 -5.557617649083e-01 -4.244746730167e+02
-5.569819696612e-01 1.766817731129e-03 8.305227051848e-01 8.228869867281e+02 6.107288392158e-02 9.973774890614e-01 3.883615793509e-02 1.955410554915e+01 -8.282760338932e-01 7.235345650875e-02 -5.556291830074e-01 -4.258907287364e+02
-5.566393954618e-01 2.929217156919e-03 8.307490614541e-01 8.251632391862e+02 6.141553255825e-02 9.974025207897e-01 3.763434446043e-02 1.963470261572e+01 -8.284809688705e-01 7.196965478052e-02 -5.553734356361e-01 -4.273897609401e+02
-5.557030148342e-01 2.648104022957e-03 8.313766576283e-01 8.273890523853e+02 6.173530097741e-02 9.973655633009e-01 3.808786886637e-02 1.970470545955e+01 -8.290855878119e-01 7.249083174193e-02 -5.544025319170e-01 -4.288574395163e+02
-5.551964681384e-01 2.259250417731e-03 8.317161640573e-01 8.300884708531e+02 6.213610072994e-02 9.973144400402e-01 3.876870739964e-02 1.978996809455e+01 -8.293949522108e-01 7.320384877115e-02 -5.538458357453e-01 -4.307364275976e+02
-5.537973486892e-01 2.407385168918e-03 8.326480055110e-01 8.328160319233e+02 6.298069647777e-02 9.972522300144e-01 3.900540478669e-02 1.997333736718e+01 -8.302661792798e-01 7.404184106333e-02 -5.524272597510e-01 -4.332288621962e+02
-5.519870167538e-01 2.538505668589e-03 8.338488408124e-01 8.349560257821e+02 6.416116901380e-02 9.971599848221e-01 3.943740686785e-02 2.007761052069e+01 -8.313805853675e-01 7.526965297281e-02 -5.505822387395e-01 -4.353444515151e+02
-5.503640934469e-01 3.174997621905e-03 8.349187289997e-01 8.368964477242e+02 6.521845412662e-02 9.971007873050e-01 3.919914791242e-02 2.014805489643e+01 -8.323736648199e-01 7.602591233143e-02 -5.489755393170e-01 -4.366197931560e+02
-5.483675148636e-01 3.120906714534e-03 8.362316237644e-01 8.395244788946e+02 6.586157418177e-02 9.970478950627e-01 3.946831637397e-02 2.024567750146e+01 -8.336398033255e-01 7.671867368754e-02 -5.469542242446e-01 -4.388942870020e+02
-5.457066583227e-01 2.990883654038e-03 8.379709408310e-01 8.423800526821e+02 6.613147492825e-02 9.970284657928e-01 3.950780204773e-02 2.048692488076e+01 -8.353627182763e-01 7.697592489731e-02 -5.442828638678e-01 -4.418649117165e+02
-5.441289095303e-01 3.323680357317e-03 8.389950434670e-01 8.452636144161e+02 6.687121040259e-02 9.969826131289e-01 3.941966943073e-02 2.063291112919e+01 -8.363324524570e-01 7.755399581980e-02 -5.427093206309e-01 -4.443113945749e+02
-5.426905958977e-01 2.764412177969e-03 8.399281368959e-01 8.478093681176e+02 6.697294379372e-02 9.969530288400e-01 3.999103757470e-02 2.074096901893e+01 -8.372583483751e-01 7.795521991507e-02 -5.412221741247e-01 -4.459644275863e+02
-5.405776310900e-01 1.594539568174e-03 8.412926257900e-01 8.504728921821e+02 6.630897103901e-02 9.969680009890e-01 4.071762964324e-02 2.092627017267e+01 -8.386769015091e-01 7.779628813499e-02 -5.390443325252e-01 -4.481841564116e+02
-5.393795814692e-01 6.096397976824e-04 8.420625246580e-01 8.529780661428e+02 6.567382627372e-02 9.969842102553e-01 4.134529047105e-02 2.100841420158e+01 -8.394978353972e-01 7.760227342600e-02 -5.377929634371e-01 -4.498677946387e+02
-5.377318732060e-01 6.528188500618e-04 8.431156542052e-01 8.564652482545e+02 6.453921586092e-02 9.970974358069e-01 4.039050783703e-02 2.123159391136e+01 -8.406420892118e-01 7.613328664142e-02 -5.362132043420e-01 -4.528325790538e+02
-5.362764919494e-01 1.010365709752e-03 8.440417663502e-01 8.593753813994e+02 6.457357797817e-02 9.971175854240e-01 3.983433023609e-02 2.140275035104e+01 -8.415686408188e-01 7.586501169441e-02 -5.347959637012e-01 -4.549737894300e+02
-5.353072104889e-01 1.585731962364e-03 8.446559511734e-01 8.614576068638e+02 6.581455829298e-02 9.970362700316e-01 3.983867666072e-02 2.139154689801e+01 -8.420894455551e-01 7.691658920884e-02 -5.338250687156e-01 -4.562461716593e+02
-5.341364681267e-01 9.662656373740e-04 8.453977169048e-01 8.640971770831e+02 6.586085244012e-02 9.970076878698e-01 4.047244055314e-02 2.154747553735e+01 -8.428289159331e-01 7.729642073980e-02 -5.326018041725e-01 -4.586459577958e+02
-5.337360206070e-01 6.351583092234e-04 8.456509072191e-01 8.666625731549e+02 6.558193218016e-02 9.970191170401e-01 4.064345492390e-02 2.168227863393e+01 -8.431043058116e-01 7.715229634014e-02 -5.321866709073e-01 -4.606660872506e+02
-5.335424489079e-01 -1.701886876010e-03 8.457715760147e-01 8.691898984043e+02 6.464107479191e-02 9.969910017359e-01 4.278403799804e-02 2.174353511383e+01 -8.432994644034e-01 7.749868410968e-02 -5.318270088085e-01 -4.622623512017e+02
-5.330773042247e-01 -3.137855244087e-03 8.460607197980e-01 8.718490957085e+02 6.293316501720e-02 9.970758119826e-01 4.335022376152e-02 2.192953313414e+01 -8.437227059061e-01 7.635429931395e-02 -5.313210107974e-01 -4.646611793793e+02
-5.331096690704e-01 -3.255276859445e-03 8.460398831711e-01 8.740422970578e+02 6.152547562992e-02 9.971957606223e-01 4.260552599631e-02 2.201014198376e+01 -8.438060775985e-01 7.476642407845e-02 -5.314144194867e-01 -4.660134982641e+02
-5.330257038035e-01 -2.210679295514e-03 8.460961600089e-01 8.769403037031e+02 6.125630790333e-02 9.972715521839e-01 4.119606712862e-02 2.201862599420e+01 -8.438787020815e-01 7.378728956850e-02 -5.314359529344e-01 -4.678056066575e+02
-5.321414509493e-01 -2.943063664109e-03 8.466503496473e-01 8.791728009914e+02 6.073060009408e-02 9.972853747553e-01 4.163742921143e-02 2.209904870740e+01 -8.444745528397e-01 7.357458579831e-02 -5.305181523104e-01 -4.691963295396e+02
-5.309281720392e-01 -4.400213647214e-03 8.474054013605e-01 8.814377428047e+02 5.985902517203e-02 9.972939008485e-01 4.268222622769e-02 2.224992265035e+01 -8.453000492373e-01 7.338605760058e-02 -5.292280352639e-01 -4.709414077319e+02
-5.288793735981e-01 -3.168881984611e-03 8.486910900731e-01 8.846890621510e+02 6.004111659970e-02 9.973477732481e-01 4.113980450226e-02 2.252805615535e+01 -8.465705360452e-01 7.271435473130e-02 -5.272864023622e-01 -4.747224057229e+02
-5.272701893421e-01 -1.794929579558e-03 8.496957841833e-01 8.872676656452e+02 6.074664590731e-02 9.973593131674e-01 3.980258093737e-02 2.268983663952e+01 -8.475234465442e-01 7.260288331787e-02 -5.257687979443e-01 -4.773159196042e+02
-5.269651129986e-01 -1.701697621244e-03 8.498852121949e-01 8.899831163928e+02 6.202683963615e-02 9.972542196009e-01 4.045605829790e-02 2.279597079416e+01 -8.476204580160e-01 7.403462509838e-02 -5.254126315948e-01 -4.788764556914e+02
-5.259277695217e-01 -2.937960569607e-03 8.505241616989e-01 8.926265029950e+02 6.311749822295e-02 9.971018944408e-01 4.247344488812e-02 2.296271739686e+01 -8.481840382040e-01 7.602092139852e-02 -5.242181386081e-01 -4.810650602880e+02
-5.257545779282e-01 -4.282791991634e-03 8.506255236473e-01 8.952379711925e+02 6.377410498522e-02 9.969745254863e-01 4.443713609814e-02 2.306484660745e+01 -8.482422928155e-01 7.761090918181e-02 -5.238907896261e-01 -4.827696018708e+02
-5.244929591340e-01 -5.403063047539e-03 8.513976407817e-01 8.972945865615e+02 6.333814170703e-02 9.969614160595e-01 4.534550356688e-02 2.314821630947e+01 -8.490556021981e-01 7.770934177007e-02 -5.225570232785e-01 -4.840652772448e+02
-5.238773870904e-01 -6.326018361700e-03 8.517701948219e-01 9.000243197289e+02 6.279628346635e-02 9.969644669485e-01 4.602693151692e-02 2.323481511489e+01 -8.494757854572e-01 7.760047122110e-02 -5.218898895248e-01 -4.856850821581e+02
-5.227089611060e-01 -5.256396389237e-03 8.524949925228e-01 9.024849561495e+02 6.324319501107e-02 9.969864805030e-01 4.492500393950e-02 2.333459401909e+01 -8.501621258703e-01 7.739720919498e-02 -5.208013361586e-01 -4.873627751170e+02
-5.210582230962e-01 -3.830475413111e-03 8.535125398036e-01 9.056351584444e+02 6.531649745889e-02 9.968786000511e-01 4.434875330696e-02 2.346860894370e+01 -8.510182626146e-01 7.885673223186e-02 -5.191815987476e-01 -4.894132036769e+02
-5.192958888984e-01 -2.689485811997e-03 8.545902798647e-01 9.078788431007e+02 6.770925796161e-02 9.967219676799e-01 4.428064510211e-02 2.350588305832e+01 -8.519079974736e-01 8.085843067014e-02 -5.174115171022e-01 -4.907812451118e+02
-5.178824721353e-01 -2.474221727951e-03 8.554482002330e-01 9.105908484756e+02 6.876131694880e-02 9.966397150014e-01 4.451022100012e-02 2.363705842141e+01 -8.526837786345e-01 8.187280811633e-02 -5.159721086887e-01 -4.923168665277e+02
-5.154705855890e-01 -3.464556888057e-03 8.569002697153e-01 9.145052812572e+02 6.890961697641e-02 9.965855933788e-01 4.548208172530e-02 2.400869943433e+01 -8.541320390201e-01 8.249334467381e-02 -5.134718181204e-01 -4.957847791528e+02
-5.130564814739e-01 -4.085982822175e-03 8.583451238063e-01 9.167900757134e+02 6.960262558847e-02 9.964975800271e-01 4.634703346794e-02 2.407666654536e+01 -8.555282118836e-01 8.352172019579e-02 -5.109751470735e-01 -4.975703824542e+02
-5.112408648922e-01 -5.142794764922e-03 8.594220905505e-01 9.193778411371e+02 6.979259661909e-02 9.964309576619e-01 4.747989121986e-02 2.417037906832e+01 -8.565989560590e-01 8.425495994356e-02 -5.090572955999e-01 -4.993811869859e+02
-5.095960254539e-01 -5.582740801867e-03 8.603956786542e-01 9.213666227041e+02 6.911517675489e-02 9.964819135539e-01 4.740135337935e-02 2.425502862750e+01 -8.576333617483e-01 8.362194069258e-02 -5.074173704664e-01 -5.003000893659e+02
-5.072859135064e-01 -5.555414013569e-03 8.617599081723e-01 9.240698789687e+02 6.809125172704e-02 9.965945221287e-01 4.650741770202e-02 2.438664824387e+01 -8.590835718347e-01 8.227086870942e-02 -5.051800874595e-01 -5.026574317816e+02
-5.053659550647e-01 -5.984468379410e-03 8.628843709326e-01 9.263973677413e+02 6.766295654294e-02 9.966221623013e-01 4.654019683881e-02 2.449742480619e+01 -8.602482059112e-01 8.190513871634e-02 -5.032539840662e-01 -5.041326216951e+02
-5.034110556796e-01 -5.978774469363e-03 8.640263672339e-01 9.293494603129e+02 6.812732193775e-02 9.965882303391e-01 4.658934594114e-02 2.464758236120e+01 -8.613570554800e-01 8.231739430690e-02 -5.012862152198e-01 -5.064701265680e+02
-5.012724660800e-01 -5.672017149464e-03 8.652709072721e-01 9.318845977076e+02 6.844205889200e-02 9.965855803422e-01 4.618295820551e-02 2.477432065048e+01 -8.625784598080e-01 8.237116774359e-02 -4.991727069861e-01 -5.080485921739e+02
-4.999844429923e-01 -5.086931989976e-03 8.660194454449e-01 9.343712425354e+02 6.908878561056e-02 9.965613295143e-01 4.574118734394e-02 2.490473390040e+01 -8.632741722469e-01 8.270211387688e-02 -4.979137112912e-01 -5.096340957742e+02
-4.986921430888e-01 -6.002692483572e-03 8.667583943086e-01 9.373797716143e+02 6.967335711483e-02 9.964626315036e-01 4.698773590369e-02 2.498777860611e+01 -8.639744033997e-01 8.382238185564e-02 -4.965098574754e-01 -5.115000284210e+02
-4.977624089890e-01 -6.346145966385e-03 8.672902113070e-01 9.403886306849e+02 7.010708372434e-02 9.964066173076e-01 4.752735840868e-02 2.513493266438e+01 -8.644753212262e-01 8.446051987179e-02 -4.955288483770e-01 -5.132192367555e+02
-4.961282884848e-01 -7.372875842298e-03 8.682179231431e-01 9.426480198699e+02 6.985109661489e-02 9.963837320152e-01 4.837647028492e-02 2.518726525619e+01 -8.654348881729e-01 8.464690943764e-02 -4.938191521760e-01 -5.149118822179e+02
-4.953761135212e-01 -7.763753467557e-03 8.686439030378e-01 9.446143774299e+02 6.947957503363e-02 9.964022949306e-01 4.852891210563e-02 2.517555665063e+01 -8.658955449740e-01 8.439307311092e-02 -4.930544740747e-01 -5.159437073264e+02
-4.936449407976e-01 -7.173537216486e-03 8.696339533325e-01 9.470771331311e+02 6.901375260470e-02 9.964892266054e-01 4.739539229546e-02 2.540807960535e+01 -8.669208581966e-01 8.341319813571e-02 -4.914167925503e-01 -5.177035368428e+02
-4.929651005795e-01 -7.576378165368e-03 8.700160964629e-01 9.497794685556e+02 6.822299468236e-02 9.965465713929e-01 4.733449103657e-02 2.550666901255e+01 -8.673701819911e-01 8.268935565728e-02 -4.907457975915e-01 -5.194040764497e+02
-4.921133778246e-01 -7.387352895057e-03 8.704997704671e-01 9.525138848317e+02 6.795522760781e-02 9.965866316369e-01 4.687400861165e-02 2.564171230527e+01 -8.678747089338e-01 8.222233674470e-02 -4.899316043423e-01 -5.209106632464e+02
-4.907814466515e-01 -6.586367056893e-03 8.712578214235e-01 9.551733596576e+02 6.847784775753e-02 9.965866146181e-01 4.610752574737e-02 2.577596598717e+01 -8.685875638006e-01 8.229057864081e-02 -4.886552001952e-01 -5.227421293802e+02
-4.899610587242e-01 -4.682718314257e-03 8.717317437624e-01 9.572338807907e+02 6.970430431659e-02 9.965732797945e-01 4.453097752508e-02 2.585351446010e+01 -8.689530890063e-01 8.258189964386e-02 -4.879556936420e-01 -5.240656488420e+02
-4.892962707751e-01 -4.700406387763e-03 8.721049624818e-01 9.598377808417e+02 7.099079368111e-02 9.964523345658e-01 4.520013441255e-02 2.599721299453e+01 -8.692234848519e-01 8.402768066641e-02 -4.872267257281e-01 -5.256695385166e+02
-4.894601216347e-01 -7.360534846844e-03 8.719946168733e-01 9.601569139414e+02 7.116953177439e-02 9.962913253761e-01 4.835796446567e-02 2.602667406722e+01 -8.691166130482e-01 8.572874376204e-02 -4.871210274836e-01 -5.256395280101e+02
-4.889401397045e-01 -8.135900059406e-03 8.722793972782e-01 9.631267369852e+02 6.959207768265e-02 9.964054596552e-01 4.830220174218e-02 2.610816726701e+01 -8.695369356787e-01 8.432062084421e-02 -4.866164304572e-01 -5.274579864554e+02
-4.885784893880e-01 -3.334975044073e-03 8.725135744782e-01 9.648344498069e+02 6.683324910670e-02 9.969117334132e-01 4.123484687678e-02 2.614274324628e+01 -8.699565371449e-01 7.845937626929e-02 -4.868467415463e-01 -5.285714075953e+02
-4.883238020654e-01 7.836346158231e-06 8.726625145353e-01 9.666423429016e+02 6.558774597769e-02 9.971719519720e-01 3.669258478139e-02 2.623443615019e+01 -8.701942954961e-01 7.515382983564e-02 -4.869433128682e-01 -5.296446023083e+02
-4.877528052071e-01 -4.126456542248e-03 8.729720347005e-01 9.684312904556e+02 6.550242775006e-02 9.969969211187e-01 4.131066737217e-02 2.632616709821e+01 -8.705208974927e-01 7.733118152654e-02 -4.860177521369e-01 -5.307744379106e+02
-4.871706809146e-01 -9.041938488830e-03 8.732599675959e-01 9.703052068077e+02 6.576765737831e-02 9.967269560134e-01 4.701053498031e-02 2.637487130881e+01 -8.708268156759e-01 8.033441668756e-02 -4.849814827344e-01 -5.320240239847e+02
-4.868110467540e-01 -1.099554534855e-02 8.734380932503e-01 9.724568761021e+02 6.632075347731e-02 9.965692978221e-01 4.950951723213e-02 2.644329915676e+01 -8.709859714235e-01 8.202885236821e-02 -4.844117101833e-01 -5.331998280407e+02
-4.860721510090e-01 -1.028134145298e-02 8.738582024742e-01 9.737815277135e+02 6.773248294078e-02 9.964798118692e-01 4.939934505485e-02 2.651233341336e+01 -8.712899487359e-01 8.320023170098e-02 -4.836647048077e-01 -5.338529014561e+02
-4.845998188424e-01 -9.340246872494e-03 8.746861010478e-01 9.755355617809e+02 6.904923560886e-02 9.964142997785e-01 4.889525803970e-02 2.655977093457e+01 -8.720064326826e-01 8.409103986334e-02 -4.822172522577e-01 -5.350823825425e+02
-4.831630621701e-01 -1.042961572089e-02 8.754682624004e-01 9.781410412668e+02 6.926246159613e-02 9.963399074734e-01 5.009491181360e-02 2.668973865087e+01 -8.727864382357e-01 8.484109789413e-02 -4.806722597988e-01 -5.368482524919e+02
-4.816395955970e-01 -1.191601593787e-02 8.762883706391e-01 9.804417100030e+02 6.842401522769e-02 9.963438811243e-01 5.115686353086e-02 2.681311744998e+01 -8.736941421878e-01 8.459833987947e-02 -4.790633223243e-01 -5.386509115679e+02
-4.805067387533e-01 -1.195110757225e-02 8.769095991266e-01 9.828085903736e+02 6.857519108755e-02 9.963335937550e-01 5.115479569428e-02 2.690858463585e+01 -8.743058487623e-01 8.471446737727e-02 -4.779254563601e-01 -5.399953787072e+02
-4.792675455991e-01 -1.028282236729e-02 8.776086162405e-01 9.849887022898e+02 6.869486279801e-02 9.964243036190e-01 4.918966337176e-02 2.701737288777e+01 -8.749763628582e-01 8.386221271602e-02 -4.768474532990e-01 -5.412145973112e+02
-4.770888633895e-01 -9.445276922226e-03 8.788043031151e-01 9.875691966196e+02 6.963442167195e-02 9.963922837291e-01 4.851251635902e-02 2.719745072183e+01 -8.760920406830e-01 8.433981070013e-02 -4.747099457384e-01 -5.431219628255e+02
-4.766831312636e-01 -9.722010573438e-03 8.790214302730e-01 9.902873553222e+02 7.021592783221e-02 9.963228604168e-01 4.909665252844e-02 2.731223215329e+01 -8.762664639522e-01 8.512485137283e-02 -4.742476608602e-01 -5.443269852386e+02
-4.753766251527e-01 -9.877302500714e-03 8.797269480661e-01 9.927575544765e+02 7.055689580015e-02 9.962881004309e-01 4.931273055567e-02 2.743369201857e+01 -8.769485667435e-01 8.551292203591e-02 -4.729151630593e-01 -5.457713721818e+02
-4.737979593001e-01 -8.891142342376e-03 8.805886902243e-01 9.948153357050e+02 7.092012957927e-02 9.963158949765e-01 4.821797006881e-02 2.752762123230e+01 -8.777732218424e-01 8.529703983694e-02 -4.714218768911e-01 -5.470573171685e+02
-4.719749082501e-01 -8.759147096680e-03 8.815684677462e-01 9.969688446665e+02 7.075328469426e-02 9.963488784851e-01 4.777954631920e-02 2.765184533037e+01 -8.787682622212e-01 8.492461176617e-02 -4.696319320799e-01 -5.483974001723e+02
-4.706931958530e-01 -1.040994206559e-02 8.822355402521e-01 9.990755605696e+02 7.058828918860e-02 9.962807541400e-01 4.941611437143e-02 2.772315734215e+01 -8.794687082592e-01 8.553532624791e-02 -4.682077521321e-01 -5.494793144532e+02
-4.698435764905e-01 -1.063136286372e-02 8.826856675818e-01 1.001374012125e+03 7.105628367435e-02 9.962273021469e-01 4.982135092102e-02 2.782007402369e+01 -8.798852301187e-01 8.612860489329e-02 -4.673155735027e-01 -5.506823207889e+02
-4.693737865613e-01 -1.233919405147e-02 8.829133551936e-01 1.003653268646e+03 7.095239865521e-02 9.961420250935e-01 5.164129130527e-02 2.790526327808e+01 -8.801443095391e-01 8.688388879858e-02 -4.666874588556e-01 -5.518366395958e+02
-4.682352510133e-01 -1.661199024976e-02 8.834476733166e-01 1.005789259417e+03 7.055729069240e-02 9.959276456674e-01 5.612301956870e-02 2.802843653009e+01 -8.807822764104e-01 8.861245045310e-02 -4.651563341351e-01 -5.530542161255e+02
-4.671343039880e-01 -1.976488726431e-02 8.839654355624e-01 1.008432161749e+03 6.937246360159e-02 9.958489414480e-01 5.892662480329e-02 2.816613852910e+01 -8.814607213776e-01 8.884950786746e-02 -4.638240632182e-01 -5.544565440389e+02
