1.000000000000e+00 9.043683000000e-12 2.326809000000e-11 1.110223000000e-16 9.043683000000e-12 1.000000000000e+00 2.392370000000e-10 2.220446000000e-16 2.326810000000e-11 2.392370000000e-10 9.999999000000e-01 -2.220446000000e-16
9.990498000000e-01 -1.649780000000e-03 4.355194000000e-02 5.154656000000e-02 1.760423000000e-03 9.999953000000e-01 -2.502237000000e-03 -2.424883000000e-02 -4.354760000000e-02 2.576529000000e-03 9.990480000000e-01 1.000725000000e+00
9.960495000000e-01 -5.367949000000e-03 8.863831000000e-02 1.464632000000e-01 6.010224000000e-03 9.999575000000e-01 -6.980718000000e-03 -5.051622000000e-02 -8.859707000000e-02 7.485875000000e-03 9.960394000000e-01 1.995659000000e+00
9.909271000000e-01 -5.886878000000e-03 1.342721000000e-01 2.879204000000e-01 7.448178000000e-03 9.999103000000e-01 -1.112852000000e-02 -7.903059000000e-02 -1.341946000000e-01 1.202763000000e-02 9.908820000000e-01 2.986691000000e+00
9.836222000000e-01 -3.565066000000e-03 1.802072000000e-01 4.657503000000e-01 6.172884000000e-03 9.998841000000e-01 -1.391250000000e-02 -1.102928000000e-01 -1.801368000000e-01 1.479704000000e-02 9.835302000000e-01 3.963845000000e+00
9.740479000000e-01 -6.173619000000e-03 2.262579000000e-01 6.971645000000e-01 9.486835000000e-03 9.998630000000e-01 -1.355912000000e-02 -1.438770000000e-01 -2.261432000000e-01 1.535370000000e-02 9.739730000000e-01 4.934639000000e+00
9.624212000000e-01 -7.368625000000e-03 2.714613000000e-01 9.715689000000e-01 1.164015000000e-02 9.998324000000e-01 -1.412847000000e-02 -1.802237000000e-01 -2.713117000000e-01 1.675739000000e-02 9.623456000000e-01 5.887651000000e+00
9.488374000000e-01 -9.693544000000e-03 3.156164000000e-01 1.288079000000e+00 1.587616000000e-02 9.997290000000e-01 -1.702376000000e-02 -2.184877000000e-01 -3.153658000000e-01 2.116355000000e-02 9.487341000000e-01 6.826202000000e+00
9.336202000000e-01 -1.263857000000e-02 3.580415000000e-01 1.651331000000e+00 2.080461000000e-02 9.996037000000e-01 -1.896441000000e-02 -2.547290000000e-01 -3.576599000000e-01 2.515446000000e-02 9.335130000000e-01 7.743952000000e+00
9.161945000000e-01 -1.228394000000e-02 4.005456000000e-01 2.050498000000e+00 2.177648000000e-02 9.995793000000e-01 -1.915567000000e-02 -2.919528000000e-01 -4.001417000000e-01 2.627278000000e-02 9.160765000000e-01 8.646240000000e+00
8.965559000000e-01 -1.307765000000e-02 4.427376000000e-01 2.488685000000e+00 2.341790000000e-02 9.995655000000e-01 -1.789659000000e-02 -3.309237000000e-01 -4.423112000000e-01 2.641328000000e-02 8.964725000000e-01 9.527392000000e+00
8.745113000000e-01 -1.351429000000e-02 4.848168000000e-01 2.966292000000e+00 2.447754000000e-02 9.995676000000e-01 -1.628953000000e-02 -3.697385000000e-01 -4.843870000000e-01 2.611249000000e-02 8.744640000000e-01 1.038417000000e+01
8.503691000000e-01 -1.348162000000e-02 5.260139000000e-01 3.483068000000e+00 2.517723000000e-02 9.995692000000e-01 -1.508348000000e-02 -4.086031000000e-01 -5.255839000000e-01 2.607010000000e-02 8.503422000000e-01 1.121560000000e+01
8.245429000000e-01 -1.401100000000e-02 5.656260000000e-01 4.036690000000e+00 2.696390000000e-02 9.995305000000e-01 -1.454755000000e-02 -4.439735000000e-01 -5.651566000000e-01 2.724656000000e-02 8.245336000000e-01 1.201878000000e+01
7.970302000000e-01 -1.619333000000e-02 6.037224000000e-01 4.631439000000e+00 3.126104000000e-02 9.994066000000e-01 -1.446406000000e-02 -4.790227000000e-01 -6.031299000000e-01 3.040128000000e-02 7.970634000000e-01 1.279006000000e+01
7.681511000000e-01 -1.510445000000e-02 6.400904000000e-01 5.252124000000e+00 3.186802000000e-02 9.993845000000e-01 -1.466090000000e-02 -5.136186000000e-01 -6.394750000000e-01 3.166020000000e-02 7.681597000000e-01 1.353058000000e+01
7.374230000000e-01 -1.831697000000e-02 6.751828000000e-01 5.913461000000e+00 3.718619000000e-02 9.992171000000e-01 -1.350645000000e-02 -5.462713000000e-01 -6.744067000000e-01 3.506743000000e-02 7.375268000000e-01 1.423731000000e+01
7.051666000000e-01 -1.811309000000e-02 7.088103000000e-01 6.602643000000e+00 3.829943000000e-02 9.991872000000e-01 -1.256911000000e-02 -5.777429000000e-01 -7.080065000000e-01 3.601033000000e-02 7.052871000000e-01 1.491216000000e+01
6.706801000000e-01 -1.682164000000e-02 7.415560000000e-01 7.315983000000e+00 3.848398000000e-02 9.991854000000e-01 -1.214001000000e-02 -6.091556000000e-01 -7.407478000000e-01 3.668008000000e-02 6.707811000000e-01 1.555483000000e+01
6.350649000000e-01 -1.784306000000e-02 7.722528000000e-01 8.059654000000e+00 4.358563000000e-02 9.989682000000e-01 -1.276143000000e-02 -6.362920000000e-01 -7.712282000000e-01 4.176345000000e-02 6.351872000000e-01 1.615500000000e+01
5.983915000000e-01 -1.631634000000e-02 8.010377000000e-01 8.824947000000e+00 4.435618000000e-02 9.989339000000e-01 -1.278768000000e-02 -6.652783000000e-01 -7.999751000000e-01 4.318299000000e-02 5.984773000000e-01 1.672174000000e+01
5.606382000000e-01 -1.560419000000e-02 8.279139000000e-01 9.617499000000e+00 4.722424000000e-02 9.987977000000e-01 -1.315388000000e-02 -6.938755000000e-01 -8.267132000000e-01 4.647216000000e-02 5.607010000000e-01 1.724835000000e+01
5.217303000000e-01 -1.415459000000e-02 8.529931000000e-01 1.043572000000e+01 5.299064000000e-02 9.984693000000e-01 -1.584291000000e-02 -7.209802000000e-01 -8.514631000000e-01 5.346636000000e-02 5.216817000000e-01 1.773582000000e+01
4.824023000000e-01 -1.314333000000e-02 8.758512000000e-01 1.127339000000e+01 5.466343000000e-02 9.983902000000e-01 -1.512539000000e-02 -7.448949000000e-01 -8.742425000000e-01 5.517354000000e-02 4.823441000000e-01 1.818861000000e+01
4.437520000000e-01 -1.483490000000e-02 8.960269000000e-01 1.213844000000e+01 5.962892000000e-02 9.981359000000e-01 -1.300543000000e-02 -7.707228000000e-01 -8.941636000000e-01 5.920028000000e-02 4.438094000000e-01 1.860541000000e+01
4.063321000000e-01 -1.567329000000e-02 9.135911000000e-01 1.302386000000e+01 6.333168000000e-02 9.979314000000e-01 -1.104743000000e-02 -7.968987000000e-01 -9.115280000000e-01 6.234817000000e-02 4.064841000000e-01 1.898486000000e+01
3.705969000000e-01 -1.336462000000e-02 9.286977000000e-01 1.392282000000e+01 6.549873000000e-02 9.977831000000e-01 -1.177846000000e-02 -8.194983000000e-01 -9.264814000000e-01 6.519356000000e-02 3.706506000000e-01 1.933529000000e+01
3.367104000000e-01 -1.369924000000e-02 9.415086000000e-01 1.484567000000e+01 6.695770000000e-02 9.977112000000e-01 -9.428981000000e-03 -8.398217000000e-01 -9.392245000000e-01 6.621607000000e-02 3.368570000000e-01 1.965558000000e+01
3.032101000000e-01 -1.606372000000e-02 9.527884000000e-01 1.578819000000e+01 6.893784000000e-02 9.976078000000e-01 -5.119036000000e-03 -8.590110000000e-01 -9.504268000000e-01 6.723530000000e-02 3.035921000000e-01 1.994858000000e+01
2.700383000000e-01 -1.584084000000e-02 9.627193000000e-01 1.674609000000e+01 6.970552000000e-02 9.975627000000e-01 -3.137907000000e-03 -8.779579000000e-01 -9.603231000000e-01 6.795419000000e-02 2.704843000000e-01 2.020959000000e+01
2.373841000000e-01 -1.301040000000e-02 9.713288000000e-01 1.771096000000e+01 6.752450000000e-02 9.977127000000e-01 -3.138591000000e-03 -8.926428000000e-01 -9.690661000000e-01 6.633352000000e-02 2.377196000000e-01 2.044290000000e+01
2.058013000000e-01 -1.089049000000e-02 9.785332000000e-01 1.869074000000e+01 6.752573000000e-02 9.977127000000e-01 -3.097801000000e-03 -9.066816000000e-01 -9.762612000000e-01 6.671368000000e-02 2.060660000000e-01 2.064544000000e+01
1.748760000000e-01 -1.056614000000e-02 9.845338000000e-01 1.969166000000e+01 6.930053000000e-02 9.975945000000e-01 -1.603074000000e-03 -9.204752000000e-01 -9.821485000000e-01 6.850903000000e-02 1.751876000000e-01 2.081649000000e+01
1.440159000000e-01 -1.095260000000e-02 9.895148000000e-01 2.070872000000e+01 7.093837000000e-02 9.974804000000e-01 7.162510000000e-04 -9.323174000000e-01 -9.870294000000e-01 7.009140000000e-02 1.444300000000e-01 2.095890000000e+01
1.132280000000e-01 -1.188899000000e-02 9.934979000000e-01 2.174157000000e+01 6.960632000000e-02 9.975665000000e-01 4.004714000000e-03 -9.423525000000e-01 -9.911278000000e-01 6.870027000000e-02 1.137800000000e-01 2.107450000000e+01
8.347506000000e-02 -1.182121000000e-02 9.964398000000e-01 2.279076000000e+01 7.016375000000e-02 9.975177000000e-01 5.956143000000e-03 -9.484050000000e-01 -9.940367000000e-01 6.941674000000e-02 8.409726000000e-02 2.116118000000e+01
5.575869000000e-02 -1.119487000000e-02 9.983815000000e-01 2.385365000000e+01 7.276066000000e-02 9.973240000000e-01 7.119389000000e-03 -9.510470000000e-01 -9.957895000000e-01 7.224591000000e-02 5.642402000000e-02 2.121468000000e+01
3.022405000000e-02 -1.055359000000e-02 9.994875000000e-01 2.493112000000e+01 7.695768000000e-02 9.970006000000e-01 8.200162000000e-03 -9.519265000000e-01 -9.965761000000e-01 7.667038000000e-02 3.094558000000e-02 2.124069000000e+01
7.200764000000e-03 -1.011089000000e-02 9.999230000000e-01 2.602348000000e+01 8.125250000000e-02 9.966483000000e-01 9.492647000000e-03 -9.509506000000e-01 -9.966675000000e-01 8.117787000000e-02 7.998165000000e-03 2.124027000000e+01
-1.358780000000e-02 -9.968577000000e-03 9.998580000000e-01 2.712723000000e+01 8.719664000000e-02 9.961291000000e-01 1.111637000000e-02 -9.489508000000e-01 -9.960984000000e-01 8.733528000000e-02 -1.266597000000e-02 2.121564000000e+01
-3.162964000000e-02 -1.065186000000e-02 9.994429000000e-01 2.824249000000e+01 9.165357000000e-02 9.956992000000e-01 1.351254000000e-02 -9.456288000000e-01 -9.952885000000e-01 9.202989000000e-02 -3.051732000000e-02 2.116969000000e+01
-4.749041000000e-02 -1.030237000000e-02 9.988186000000e-01 2.937022000000e+01 9.488928000000e-02 9.953781000000e-01 1.477854000000e-02 -9.414386000000e-01 -9.943544000000e-01 9.547900000000e-02 -4.629333000000e-02 2.110741000000e+01
-6.213432000000e-02 -1.086217000000e-02 9.980087000000e-01 3.050291000000e+01 9.737473000000e-02 9.951044000000e-01 1.689294000000e-02 -9.363594000000e-01 -9.933063000000e-01 9.823044000000e-02 -6.077243000000e-02 2.102960000000e+01
-7.560868000000e-02 -1.193509000000e-02 9.970662000000e-01 3.164196000000e+01 9.751631000000e-02 9.950466000000e-01 1.930569000000e-02 -9.296868000000e-01 -9.923577000000e-01 9.868987000000e-02 -7.407029000000e-02 2.093984000000e+01
-8.805539000000e-02 -1.198809000000e-02 9.960435000000e-01 3.278682000000e+01 9.729037000000e-02 9.950433000000e-01 2.057702000000e-02 -9.216773000000e-01 -9.913530000000e-01 9.871733000000e-02 -8.645259000000e-02 2.083696000000e+01
-9.947788000000e-02 -9.193596000000e-03 9.949973000000e-01 3.394232000000e+01 9.735338000000e-02 9.950699000000e-01 1.892746000000e-02 -9.117462000000e-01 -9.902658000000e-01 9.874920000000e-02 -9.809240000000e-02 2.071859000000e+01
-1.097967000000e-01 -5.360682000000e-03 9.939396000000e-01 3.511473000000e+01 9.798071000000e-02 9.950566000000e-01 1.619026000000e-02 -9.007201000000e-01 -9.891129000000e-01 9.916453000000e-02 -1.087287000000e-01 2.058533000000e+01
-1.194554000000e-01 -2.512059000000e-03 9.928364000000e-01 3.630912000000e+01 9.905114000000e-02 9.949776000000e-01 1.443504000000e-02 -8.891584000000e-01 -9.878862000000e-01 1.000659000000e-01 -1.186066000000e-01 2.043698000000e+01
-1.270885000000e-01 -1.278670000000e-03 9.918906000000e-01 3.752680000000e+01 9.888957000000e-02 9.950006000000e-01 1.395315000000e-02 -8.781568000000e-01 -9.869495000000e-01 9.986090000000e-02 -1.263266000000e-01 2.027890000000e+01
-1.329871000000e-01 -7.149781000000e-04 9.911175000000e-01 3.876733000000e+01 9.839198000000e-02 9.950504000000e-01 1.391994000000e-02 -8.670199000000e-01 -9.862218000000e-01 9.936917000000e-02 -1.322585000000e-01 2.011085000000e+01
-1.381591000000e-01 8.940047000000e-04 9.904097000000e-01 4.002403000000e+01 9.941083000000e-02 9.949619000000e-01 1.296938000000e-02 -8.564479000000e-01 -9.854083000000e-01 1.002493000000e-01 -1.375519000000e-01 1.993253000000e+01
-1.426852000000e-01 2.815813000000e-03 9.897642000000e-01 4.130550000000e+01 9.869170000000e-02 9.950528000000e-01 1.139661000000e-02 -8.460362000000e-01 -9.848354000000e-01 9.930761000000e-02 -1.422571000000e-01 1.974648000000e+01
-1.468253000000e-01 3.917606000000e-03 9.891547000000e-01 4.260679000000e+01 9.897322000000e-02 9.950320000000e-01 1.075021000000e-02 -8.375480000000e-01 -9.841984000000e-01 9.947820000000e-02 -1.464836000000e-01 1.955065000000e+01
-1.499193000000e-01 3.009372000000e-03 9.886937000000e-01 4.393278000000e+01 9.873932000000e-02 9.950416000000e-01 1.194351000000e-02 -8.295496000000e-01 -9.837554000000e-01 9.941348000000e-02 -1.494731000000e-01 1.934786000000e+01
-1.522300000000e-01 5.817954000000e-04 9.883450000000e-01 4.528137000000e+01 9.933371000000e-02 9.949454000000e-01 1.471420000000e-02 -8.187903000000e-01 -9.833406000000e-01 1.004159000000e-01 -1.515183000000e-01 1.913753000000e+01
-1.545076000000e-01 -3.897853000000e-04 9.879916000000e-01 4.664850000000e+01 9.937378000000e-02 9.949226000000e-01 1.593314000000e-02 -8.059921000000e-01 -9.829813000000e-01 1.006422000000e-01 -1.536843000000e-01 1.892231000000e+01
-1.565155000000e-01 3.425744000000e-04 9.876755000000e-01 4.803559000000e+01 1.016061000000e-01 9.946999000000e-01 1.575634000000e-02 -7.907530000000e-01 -9.824353000000e-01 1.028199000000e-01 -1.557207000000e-01 1.869944000000e+01
-1.575241000000e-01 8.739825000000e-04 9.875148000000e-01 4.944201000000e+01 1.013351000000e-01 9.947349000000e-01 1.528416000000e-02 -7.765930000000e-01 -9.823020000000e-01 1.024775000000e-01 -1.567833000000e-01 1.847318000000e+01
-1.580662000000e-01 1.736308000000e-03 9.874270000000e-01 5.087125000000e+01 1.033930000000e-01 9.945304000000e-01 1.480223000000e-02 -7.612088000000e-01 -9.820004000000e-01 1.044328000000e-01 -1.573812000000e-01 1.823994000000e+01
-1.581475000000e-01 2.246276000000e-03 9.874130000000e-01 5.231634000000e+01 1.029209000000e-01 9.945878000000e-01 1.422156000000e-02 -7.488661000000e-01 -9.820370000000e-01 1.038745000000e-01 -1.575227000000e-01 1.800571000000e+01
-1.576227000000e-01 3.491308000000e-03 9.874933000000e-01 5.378414000000e+01 1.029740000000e-01 9.946001000000e-01 1.292016000000e-02 -7.385593000000e-01 -9.821158000000e-01 1.037226000000e-01 -1.571310000000e-01 1.776822000000e+01
-1.564353000000e-01 3.535458000000e-03 9.876819000000e-01 5.527561000000e+01 1.033158000000e-01 9.945662000000e-01 1.280369000000e-02 -7.282464000000e-01 -9.822697000000e-01 1.040460000000e-01 -1.559505000000e-01 1.752865000000e+01
-1.549453000000e-01 2.303011000000e-03 9.879204000000e-01 5.678690000000e+01 1.024081000000e-01 9.946475000000e-01 1.374297000000e-02 -7.193216000000e-01 -9.826009000000e-01 1.033004000000e-01 -1.543518000000e-01 1.728947000000e+01
-1.538084000000e-01 3.054216000000e-03 9.880960000000e-01 5.831970000000e+01 1.033843000000e-01 9.945563000000e-01 1.301875000000e-02 -7.090229000000e-01 -9.826773000000e-01 1.041560000000e-01 -1.532869000000e-01 1.704698000000e+01
-1.525997000000e-01 3.933834000000e-03 9.882803000000e-01 5.987004000000e+01 1.033114000000e-01 9.945767000000e-01 1.199334000000e-02 -6.982294000000e-01 -9.828733000000e-01 1.039308000000e-01 -1.521785000000e-01 1.680555000000e+01
-1.516316000000e-01 4.600354000000e-03 9.884264000000e-01 6.144932000000e+01 1.043179000000e-01 9.944789000000e-01 1.137458000000e-02 -6.898538000000e-01 -9.829169000000e-01 1.048353000000e-01 -1.512744000000e-01 1.656009000000e+01
-1.505876000000e-01 4.530984000000e-03 9.885863000000e-01 6.304564000000e+01 1.038798000000e-01 9.945260000000e-01 1.126540000000e-02 -6.822340000000e-01 -9.831237000000e-01 1.043906000000e-01 -1.502339000000e-01 1.631483000000e+01
-1.496365000000e-01 2.801779000000e-03 9.887371000000e-01 6.466146000000e+01 1.056381000000e-01 9.943174000000e-01 1.316978000000e-02 -6.742945000000e-01 -9.830816000000e-01 1.064190000000e-01 -1.490821000000e-01 1.606555000000e+01
-1.489502000000e-01 1.053388000000e-03 9.888442000000e-01 6.629273000000e+01 1.069190000000e-01 9.941539000000e-01 1.504623000000e-02 -6.659320000000e-01 -9.830473000000e-01 1.079674000000e-01 -1.481921000000e-01 1.581429000000e+01
-1.481741000000e-01 1.587223000000e-03 9.889600000000e-01 6.793358000000e+01 1.084503000000e-01 9.939938000000e-01 1.465361000000e-02 -6.566595000000e-01 -9.829969000000e-01 1.094243000000e-01 -1.474563000000e-01 1.556429000000e+01
-1.471094000000e-01 3.907489000000e-03 9.891125000000e-01 6.959146000000e+01 1.108431000000e-01 9.937585000000e-01 1.255970000000e-02 -6.495479000000e-01 -9.828899000000e-01 1.114840000000e-01 -1.466243000000e-01 1.531065000000e+01
-1.464650000000e-01 3.603548000000e-03 9.892093000000e-01 7.126348000000e+01 1.101154000000e-01 9.938379000000e-01 1.268356000000e-02 -6.455501000000e-01 -9.830679000000e-01 1.107848000000e-01 -1.459592000000e-01 1.506048000000e+01
-1.462604000000e-01 3.233250000000e-03 9.892409000000e-01 7.294957000000e+01 1.105105000000e-01 9.937887000000e-01 1.309099000000e-02 -6.411509000000e-01 -9.830540000000e-01 1.112362000000e-01 -1.457092000000e-01 1.480708000000e+01
-1.460361000000e-01 1.690015000000e-03 9.892778000000e-01 7.465679000000e+01 1.098325000000e-01 9.938441000000e-01 1.451553000000e-02 -6.351425000000e-01 -9.831634000000e-01 1.107746000000e-01 -1.453227000000e-01 1.455382000000e+01
-1.456358000000e-01 1.966691000000e-03 9.893363000000e-01 7.637583000000e+01 1.116862000000e-01 9.936382000000e-01 1.446557000000e-02 -6.266393000000e-01 -9.830139000000e-01 1.126019000000e-01 -1.449289000000e-01 1.429583000000e+01
-1.456204000000e-01 2.152571000000e-03 9.893382000000e-01 7.811207000000e+01 1.123679000000e-01 9.935626000000e-01 1.437762000000e-02 -6.192733000000e-01 -9.829385000000e-01 1.132635000000e-01 -1.449248000000e-01 1.403765000000e+01
-1.456043000000e-01 3.177492000000e-03 9.893378000000e-01 7.986417000000e+01 1.128566000000e-01 9.935207000000e-01 1.341856000000e-02 -6.121849000000e-01 -9.828849000000e-01 1.136071000000e-01 -1.450194000000e-01 1.377611000000e+01
-1.459369000000e-01 3.866772000000e-03 9.892864000000e-01 8.162656000000e+01 1.123299000000e-01 9.935899000000e-01 1.268701000000e-02 -6.069533000000e-01 -9.828959000000e-01 1.129779000000e-01 -1.454358000000e-01 1.351471000000e+01
-1.470604000000e-01 4.142622000000e-03 9.891189000000e-01 8.340315000000e+01 1.112117000000e-01 9.937197000000e-01 1.237285000000e-02 -6.037449000000e-01 -9.828556000000e-01 1.118211000000e-01 -1.465975000000e-01 1.324930000000e+01
-1.482341000000e-01 4.952492000000e-03 9.889399000000e-01 8.519377000000e+01 1.106078000000e-01 9.937964000000e-01 1.160240000000e-02 -6.018080000000e-01 -9.827474000000e-01 1.111043000000e-01 -1.478623000000e-01 1.298000000000e+01
-1.492423000000e-01 4.338053000000e-03 9.887912000000e-01 8.700538000000e+01 1.094671000000e-01 9.939160000000e-01 1.216177000000e-02 -5.994816000000e-01 -9.827226000000e-01 1.100551000000e-01 -1.488091000000e-01 1.270711000000e+01
-1.502286000000e-01 3.835819000000e-03 9.886439000000e-01 8.882747000000e+01 1.096199000000e-01 9.938911000000e-01 1.280101000000e-02 -5.948763000000e-01 -9.825552000000e-01 1.102981000000e-01 -1.497313000000e-01 1.242843000000e+01
-1.506723000000e-01 2.811838000000e-03 9.885798000000e-01 9.066661000000e+01 1.070118000000e-01 9.941663000000e-01 1.348224000000e-02 -5.892579000000e-01 -9.827748000000e-01 1.078211000000e-01 -1.500942000000e-01 1.214861000000e+01
-1.520677000000e-01 3.896026000000e-03 9.883624000000e-01 9.251613000000e+01 1.068060000000e-01 9.942011000000e-01 1.251394000000e-02 -5.822604000000e-01 -9.825822000000e-01 1.074660000000e-01 -1.516020000000e-01 1.186127000000e+01
-1.546860000000e-01 5.230309000000e-03 9.879499000000e-01 9.438417000000e+01 1.057142000000e-01 9.943325000000e-01 1.128785000000e-02 -5.761580000000e-01 -9.822915000000e-01 1.061864000000e-01 -1.543622000000e-01 1.156935000000e+01
-1.584947000000e-01 5.190445000000e-03 9.873462000000e-01 9.626377000000e+01 1.064537000000e-01 9.942469000000e-01 1.186186000000e-02 -5.690865000000e-01 -9.816043000000e-01 1.069867000000e-01 -1.581354000000e-01 1.126751000000e+01
-1.632049000000e-01 4.743000000000e-03 9.865808000000e-01 9.815387000000e+01 1.041819000000e-01 9.944803000000e-01 1.245328000000e-02 -5.670654000000e-01 -9.810760000000e-01 1.048163000000e-01 -1.627982000000e-01 1.095901000000e+01
-1.680724000000e-01 3.613141000000e-03 9.857681000000e-01 1.000527000000e+02 1.019229000000e-01 9.946975000000e-01 1.373188000000e-02 -5.652429000000e-01 -9.804914000000e-01 1.027803000000e-01 -1.675495000000e-01 1.063988000000e+01
-1.727782000000e-01 4.875200000000e-03 9.849487000000e-01 1.019553000000e+02 1.009596000000e-01 9.948083000000e-01 1.278618000000e-02 -5.641477000000e-01 -9.797728000000e-01 1.016492000000e-01 -1.723734000000e-01 1.030991000000e+01
-1.774521000000e-01 6.239531000000e-03 9.841097000000e-01 1.038698000000e+02 1.014658000000e-01 9.947668000000e-01 1.198894000000e-02 -5.624452000000e-01 -9.788848000000e-01 1.019809000000e-01 -1.771565000000e-01 9.966128000000e+00
-1.820546000000e-01 7.979443000000e-03 9.832561000000e-01 1.057910000000e+02 1.011783000000e-01 9.948112000000e-01 1.066042000000e-02 -5.643553000000e-01 -9.780690000000e-01 1.014249000000e-01 -1.819173000000e-01 9.611618000000e+00
-1.868758000000e-01 8.786952000000e-03 9.823443000000e-01 1.077248000000e+02 1.001207000000e-01 9.949235000000e-01 1.014694000000e-02 -5.687973000000e-01 -9.772682000000e-01 1.002492000000e-01 -1.868069000000e-01 9.246382000000e+00
-1.918873000000e-01 7.633132000000e-03 9.813873000000e-01 1.096683000000e+02 9.794174000000e-02 9.951267000000e-01 1.141021000000e-02 -5.717942000000e-01 -9.765176000000e-01 9.830823000000e-02 -1.916997000000e-01 8.871585000000e+00
-1.972643000000e-01 7.480826000000e-03 9.803218000000e-01 1.116206000000e+02 9.606302000000e-02 9.953061000000e-01 1.173501000000e-02 -5.733449000000e-01 -9.756324000000e-01 9.648755000000e-02 -1.970570000000e-01 8.486629000000e+00
-2.028929000000e-01 6.576712000000e-03 9.791789000000e-01 1.135815000000e+02 9.508165000000e-02 9.953844000000e-01 1.301604000000e-02 -5.728043000000e-01 -9.745737000000e-01 9.574279000000e-02 -2.025817000000e-01 8.086921000000e+00
-2.084031000000e-01 6.469213000000e-03 9.780216000000e-01 1.155478000000e+02 9.502287000000e-02 9.953813000000e-01 1.366404000000e-02 -5.705380000000e-01 -9.734160000000e-01 9.578203000000e-02 -2.080553000000e-01 7.674193000000e+00
-2.138450000000e-01 7.858298000000e-03 9.768360000000e-01 1.175182000000e+02 9.558616000000e-02 9.953373000000e-01 1.291820000000e-02 -5.680584000000e-01 -9.721798000000e-01 9.613447000000e-02 -2.135991000000e-01 7.246929000000e+00
-2.195383000000e-01 8.856306000000e-03 9.755637000000e-01 1.194963000000e+02 9.521901000000e-02 9.953792000000e-01 1.239164000000e-02 -5.658779000000e-01 -9.709460000000e-01 9.561263000000e-02 -2.193671000000e-01 6.808278000000e+00
-2.254576000000e-01 8.853206000000e-03 9.742128000000e-01 1.214861000000e+02 9.566882000000e-02 9.953271000000e-01 1.309511000000e-02 -5.645652000000e-01 -9.695444000000e-01 9.615416000000e-02 -2.252510000000e-01 6.351224000000e+00
-2.310452000000e-01 9.190854000000e-03 9.728996000000e-01 1.234817000000e+02 9.472620000000e-02 9.954172000000e-01 1.309209000000e-02 -5.636678000000e-01 -9.683207000000e-01 9.518392000000e-02 -2.308570000000e-01 5.883248000000e+00
-2.362092000000e-01 9.550857000000e-03 9.716553000000e-01 1.254794000000e+02 9.420289000000e-02 9.954666000000e-01 1.311579000000e-02 -5.607338000000e-01 -9.671251000000e-01 9.463079000000e-02 -2.360381000000e-01 5.403529000000e+00
-2.414041000000e-01 9.719218000000e-03 9.703760000000e-01 1.274889000000e+02 9.294890000000e-02 9.955840000000e-01 1.315154000000e-02 -5.591517000000e-01 -9.659630000000e-01 9.337020000000e-02 -2.412414000000e-01 4.911013000000e+00
-2.458159000000e-01 9.821942000000e-03 9.692668000000e-01 1.295004000000e+02 9.457506000000e-02 9.954207000000e-01 1.389822000000e-02 -5.556139000000e-01 -9.646917000000e-01 9.508485000000e-02 -2.456191000000e-01 4.402279000000e+00
-2.497010000000e-01 8.595703000000e-03 9.682849000000e-01 1.315233000000e+02 9.625855000000e-02 9.952279000000e-01 1.598823000000e-02 -5.494115000000e-01 -9.635267000000e-01 9.719796000000e-02 -2.493368000000e-01 3.880107000000e+00
-2.532929000000e-01 9.879226000000e-03 9.673392000000e-01 1.335486000000e+02 9.768544000000e-02 9.950979000000e-01 1.541572000000e-02 -5.427542000000e-01 -9.624449000000e-01 9.839963000000e-02 -2.530163000000e-01 3.348158000000e+00
-2.563419000000e-01 1.033140000000e-02 9.665310000000e-01 1.355837000000e+02 9.797856000000e-02 9.950701000000e-01 1.534925000000e-02 -5.360354000000e-01 -9.616075000000e-01 9.863395000000e-02 -2.560904000000e-01 2.806947000000e+00
-2.597614000000e-01 1.013191000000e-02 9.656197000000e-01 1.376250000000e+02 9.708426000000e-02 9.951527000000e-01 1.567485000000e-02 -5.295973000000e-01 -9.607802000000e-01 9.781817000000e-02 -2.594859000000e-01 2.257989000000e+00
-2.637027000000e-01 1.035061000000e-02 9.645485000000e-01 1.396797000000e+02 9.579549000000e-02 9.952802000000e-01 1.550960000000e-02 -5.224538000000e-01 -9.598354000000e-01 9.648930000000e-02 -2.634496000000e-01 1.699296000000e+00
-2.681714000000e-01 1.125920000000e-02 9.633055000000e-01 1.417304000000e+02 9.446872000000e-02 9.954198000000e-01 1.466427000000e-02 -5.179993000000e-01 -9.587282000000e-01 9.493475000000e-02 -2.680067000000e-01 1.132152000000e+00
-2.726489000000e-01 1.108767000000e-02 9.620497000000e-01 1.437927000000e+02 9.357615000000e-02 9.954984000000e-01 1.504669000000e-02 -5.127373000000e-01 -9.575521000000e-01 9.412736000000e-02 -2.724590000000e-01 5.515872000000e-01
-2.772301000000e-01 1.132109000000e-02 9.607369000000e-01 1.458618000000e+02 9.373713000000e-02 9.954791000000e-01 1.531828000000e-02 -5.061993000000e-01 -9.562200000000e-01 9.430339000000e-02 -2.770379000000e-01 -4.137210000000e-02
-2.817308000000e-01 1.185782000000e-02 9.594203000000e-01 1.479305000000e+02 9.322617000000e-02 9.955309000000e-01 1.507145000000e-02 -5.006247000000e-01 -9.549537000000e-01 9.368914000000e-02 -2.815771000000e-01 -6.449311000000e-01
-2.862852000000e-01 1.239653000000e-02 9.580643000000e-01 1.500068000000e+02 9.286516000000e-02 9.955677000000e-01 1.486782000000e-02 -4.959689000000e-01 -9.536335000000e-01 9.322721000000e-02 -2.861674000000e-01 -1.261108000000e+00
-2.904967000000e-01 1.139404000000e-02 9.568082000000e-01 1.520968000000e+02 9.253122000000e-02 9.955774000000e-01 1.623769000000e-02 -4.898301000000e-01 -9.523915000000e-01 9.325161000000e-02 -2.902662000000e-01 -1.892338000000e+00
-2.947361000000e-01 1.147144000000e-02 9.555099000000e-01 1.541812000000e+02 9.310741000000e-02 9.955148000000e-01 1.676813000000e-02 -4.829921000000e-01 -9.510318000000e-01 9.390720000000e-02 -2.944822000000e-01 -2.533182000000e+00
-2.986660000000e-01 1.208825000000e-02 9.542812000000e-01 1.562753000000e+02 9.410159000000e-02 9.954201000000e-01 1.684205000000e-02 -4.753909000000e-01 -9.497070000000e-01 9.482950000000e-02 -2.984357000000e-01 -3.187653000000e+00
-3.022573000000e-01 1.327702000000e-02 9.531339000000e-01 1.583734000000e+02 9.424427000000e-02 9.954202000000e-01 1.602063000000e-02 -4.676840000000e-01 -9.485560000000e-01 9.466974000000e-02 -3.021243000000e-01 -3.851462000000e+00
-3.058439000000e-01 1.542536000000e-02 9.519567000000e-01 1.604737000000e+02 9.475529000000e-02 9.953977000000e-01 1.431362000000e-02 -4.608735000000e-01 -9.473547000000e-01 9.458065000000e-02 -3.058979000000e-01 -4.525316000000e+00
-3.092558000000e-01 1.602772000000e-02 9.508438000000e-01 1.625875000000e+02 9.539849000000e-02 9.953371000000e-01 1.425001000000e-02 -4.555311000000e-01 -9.461818000000e-01 9.511594000000e-02 -3.093428000000e-01 -5.211974000000e+00
-3.126266000000e-01 1.689296000000e-02 9.497259000000e-01 1.647037000000e+02 9.518253000000e-02 9.953665000000e-01 1.362698000000e-02 -4.525483000000e-01 -9.450952000000e-01 9.465745000000e-02 -3.127859000000e-01 -5.908582000000e+00
-3.161339000000e-01 1.703662000000e-02 9.485616000000e-01 1.668257000000e+02 9.503047000000e-02 9.953788000000e-01 1.379400000000e-02 -4.495307000000e-01 -9.439430000000e-01 9.450299000000e-02 -3.162920000000e-01 -6.614701000000e+00
-3.201365000000e-01 1.695749000000e-02 9.472197000000e-01 1.689537000000e+02 9.501387000000e-02 9.953733000000e-01 1.429274000000e-02 -4.456125000000e-01 -9.425948000000e-01 9.457461000000e-02 -3.202665000000e-01 -7.331463000000e+00
-3.239253000000e-01 1.718208000000e-02 9.459266000000e-01 1.710871000000e+02 9.640571000000e-02 9.952300000000e-01 1.493575000000e-02 -4.416744000000e-01 -9.411579000000e-01 9.603078000000e-02 -3.240366000000e-01 -8.063072000000e+00
-3.271325000000e-01 1.815461000000e-02 9.448041000000e-01 1.732245000000e+02 9.878847000000e-02 9.949941000000e-01 1.508585000000e-02 -4.365523000000e-01 -9.398006000000e-01 9.827080000000e-02 -3.272883000000e-01 -8.806086000000e+00
-3.298961000000e-01 1.768240000000e-02 9.438517000000e-01 1.753665000000e+02 9.945702000000e-02 9.949112000000e-01 1.612335000000e-02 -4.294089000000e-01 -9.387634000000e-01 9.919169000000e-02 -3.299759000000e-01 -9.557829000000e+00
-3.325870000000e-01 1.703682000000e-02 9.429187000000e-01 1.775169000000e+02 9.930238000000e-02 9.949112000000e-01 1.704978000000e-02 -4.209330000000e-01 -9.378299000000e-01 9.930458000000e-02 -3.325864000000e-01 -1.031827000000e+01
-3.353595000000e-01 1.698544000000e-02 9.419371000000e-01 1.796714000000e+02 9.814417000000e-02 9.950270000000e-01 1.699965000000e-02 -4.118277000000e-01 -9.369641000000e-01 9.814661000000e-02 -3.353588000000e-01 -1.108560000000e+01
-3.383518000000e-01 1.880925000000e-02 9.408317000000e-01 1.818303000000e+02 9.724016000000e-02 9.951467000000e-01 1.507538000000e-02 -4.043634000000e-01 -9.359820000000e-01 9.658739000000e-02 -3.385386000000e-01 -1.186225000000e+01
-3.416162000000e-01 2.028947000000e-02 9.396206000000e-01 1.839969000000e+02 9.708227000000e-02 9.951806000000e-01 1.380682000000e-02 -3.985802000000e-01 -9.348119000000e-01 9.593711000000e-02 -3.419395000000e-01 -1.264986000000e+01
-3.448185000000e-01 2.159976000000e-02 9.384208000000e-01 1.861699000000e+02 9.545937000000e-02 9.953590000000e-01 1.216580000000e-02 -3.990509000000e-01 -9.338028000000e-01 9.377604000000e-02 -3.452801000000e-01 -1.344797000000e+01
-3.481357000000e-01 2.308833000000e-02 9.371598000000e-01 1.883440000000e+02 9.427365000000e-02 9.954910000000e-01 1.049532000000e-02 -4.000549000000e-01 -9.326918000000e-01 9.200325000000e-02 -3.487425000000e-01 -1.425545000000e+01
-3.519011000000e-01 2.312204000000e-02 9.357516000000e-01 1.905195000000e+02 9.504064000000e-02 9.954110000000e-01 1.114501000000e-02 -4.013833000000e-01 -9.311997000000e-01 9.285635000000e-02 -3.524837000000e-01 -1.507493000000e+01
-3.555047000000e-01 2.192990000000e-02 9.344172000000e-01 1.927087000000e+02 9.415617000000e-02 9.954795000000e-01 1.245931000000e-02 -4.038655000000e-01 -9.299198000000e-01 9.241047000000e-02 -3.559625000000e-01 -1.590879000000e+01
-3.592385000000e-01 2.119195000000e-02 9.330052000000e-01 1.949010000000e+02 9.384472000000e-02 9.954950000000e-01 1.352206000000e-02 -4.035663000000e-01 -9.285154000000e-01 9.241523000000e-02 -3.596089000000e-01 -1.675316000000e+01
-3.631389000000e-01 2.128419000000e-02 9.314919000000e-01 1.970930000000e+02 9.410306000000e-02 9.954648000000e-01 1.393979000000e-02 -4.021162000000e-01 -9.269707000000e-01 9.271829000000e-02 -3.634949000000e-01 -1.760738000000e+01
-3.666020000000e-01 2.143330000000e-02 9.301310000000e-01 1.992958000000e+02 9.312059000000e-02 9.955597000000e-01 1.376156000000e-02 -4.006638000000e-01 -9.257059000000e-01 9.165934000000e-02 -3.669700000000e-01 -1.847484000000e+01
-3.703490000000e-01 2.201051000000e-02 9.286319000000e-01 2.014804000000e+02 9.212319000000e-02 9.956609000000e-01 1.314053000000e-02 -4.011965000000e-01 -9.243132000000e-01 9.041510000000e-02 -3.707697000000e-01 -1.934449000000e+01
-3.735992000000e-01 2.206369000000e-02 9.273278000000e-01 2.036882000000e+02 9.207681000000e-02 9.956616000000e-01 1.340610000000e-02 -4.030819000000e-01 -9.230089000000e-01 9.039387000000e-02 -3.740100000000e-01 -2.023459000000e+01
-3.763962000000e-01 2.270051000000e-02 9.261807000000e-01 2.058770000000e+02 9.308605000000e-02 9.955675000000e-01 1.342863000000e-02 -4.061955000000e-01 -9.217705000000e-01 9.126896000000e-02 -3.768409000000e-01 -2.112723000000e+01
-3.789168000000e-01 2.285844000000e-02 9.251484000000e-01 2.080748000000e+02 9.433619000000e-02 9.954413000000e-01 1.404241000000e-02 -4.083230000000e-01 -9.206100000000e-01 9.259586000000e-02 -3.793458000000e-01 -2.203665000000e+01
-3.816064000000e-01 2.250176000000e-02 9.240510000000e-01 2.102746000000e+02 9.526666000000e-02 9.953372000000e-01 1.510471000000e-02 -4.072563000000e-01 -9.194024000000e-01 9.379529000000e-02 -3.819707000000e-01 -2.295396000000e+01
-3.840978000000e-01 2.314782000000e-02 9.230022000000e-01 2.124744000000e+02 9.628035000000e-02 9.952396000000e-01 1.510660000000e-02 -4.051777000000e-01 -9.182586000000e-01 9.466937000000e-02 -3.844980000000e-01 -2.387896000000e+01
-3.866127000000e-01 2.432739000000e-02 9.219213000000e-01 2.146697000000e+02 9.675317000000e-02 9.952055000000e-01 1.431277000000e-02 -4.036944000000e-01 -9.171529000000e-01 9.473228000000e-02 -3.871128000000e-01 -2.480688000000e+01
-3.893716000000e-01 2.450055000000e-02 9.207549000000e-01 2.168716000000e+02 9.604304000000e-02 9.952768000000e-01 1.413145000000e-02 -4.053455000000e-01 -9.160597000000e-01 9.393446000000e-02 -3.898856000000e-01 -2.574520000000e+01
-3.920958000000e-01 2.535895000000e-02 9.195748000000e-01 2.190854000000e+02 9.548806000000e-02 9.953421000000e-01 1.326659000000e-02 -4.089666000000e-01 -9.149551000000e-01 9.301017000000e-02 -3.926909000000e-01 -2.669513000000e+01
-3.949738000000e-01 2.652036000000e-02 9.183096000000e-01 2.212752000000e+02 9.548710000000e-02 9.953543000000e-01 1.232452000000e-02 -4.145729000000e-01 -9.137165000000e-01 9.255456000000e-02 -3.956712000000e-01 -2.764230000000e+01
-3.974300000000e-01 2.654920000000e-02 9.172484000000e-01 2.234748000000e+02 9.359537000000e-02 9.955411000000e-01 1.173812000000e-02 -4.227878000000e-01 -9.128468000000e-01 9.051527000000e-02 -3.981427000000e-01 -2.859890000000e+01
-4.003449000000e-01 2.717994000000e-02 9.159614000000e-01 2.256743000000e+02 9.384581000000e-02 9.955206000000e-01 1.147700000000e-02 -4.323730000000e-01 -9.115464000000e-01 9.055388000000e-02 -4.011023000000e-01 -2.956630000000e+01
-4.029066000000e-01 2.696929000000e-02 9.148437000000e-01 2.278686000000e+02 9.567667000000e-02 9.953302000000e-01 1.279497000000e-02 -4.418329000000e-01 -9.102265000000e-01 9.268435000000e-02 -4.036054000000e-01 -3.054211000000e+01
-4.054481000000e-01 2.628911000000e-02 9.137400000000e-01 2.300656000000e+02 9.575560000000e-02 9.953085000000e-01 1.385312000000e-02 -4.485622000000e-01 -9.090889000000e-01 9.311242000000e-02 -4.060633000000e-01 -3.152450000000e+01
-4.086398000000e-01 2.546329000000e-02 9.123405000000e-01 2.322584000000e+02 9.487381000000e-02 9.953805000000e-01 1.471329000000e-02 -4.502008000000e-01 -9.077513000000e-01 9.256963000000e-02 -4.091678000000e-01 -3.251137000000e+01
-4.116808000000e-01 2.580665000000e-02 9.109627000000e-01 2.344478000000e+02 9.367349000000e-02 9.955027000000e-01 1.413118000000e-02 -4.516442000000e-01 -9.065011000000e-01 9.115057000000e-02 -4.122467000000e-01 -3.350409000000e+01
-4.150772000000e-01 2.524700000000e-02 9.094358000000e-01 2.366402000000e+02 9.211869000000e-02 9.956438000000e-01 1.440382000000e-02 -4.545615000000e-01 -9.051105000000e-01 8.975472000000e-02 -4.155948000000e-01 -3.450713000000e+01
-4.185234000000e-01 2.430782000000e-02 9.078807000000e-01 2.388266000000e+02 9.099928000000e-02 9.957336000000e-01 1.528968000000e-02 -4.565040000000e-01 -9.036356000000e-01 8.901555000000e-02 -4.189498000000e-01 -3.551552000000e+01
-4.220821000000e-01 2.436985000000e-02 9.062300000000e-01 2.410098000000e+02 9.041717000000e-02 9.957859000000e-01 1.533419000000e-02 -4.583595000000e-01 -9.020374000000e-01 8.841102000000e-02 -4.225068000000e-01 -3.653355000000e+01
-4.257271000000e-01 2.389500000000e-02 9.045361000000e-01 2.431866000000e+02 8.957398000000e-02 9.958540000000e-01 1.585137000000e-02 -4.598154000000e-01 -9.004071000000e-01 8.777123000000e-02 -4.261024000000e-01 -3.755871000000e+01
-4.295873000000e-01 2.463815000000e-02 9.026892000000e-01 2.453571000000e+02 8.910321000000e-02 9.959061000000e-01 1.522154000000e-02 -4.618584000000e-01 -8.986186000000e-01 8.697147000000e-02 -4.300239000000e-01 -3.859114000000e+01
-4.336948000000e-01 2.386280000000e-02 9.007439000000e-01 2.475244000000e+02 8.796735000000e-02 9.959953000000e-01 1.596872000000e-02 -4.614750000000e-01 -8.967556000000e-01 8.616158000000e-02 -4.340571000000e-01 -3.963198000000e+01
-4.375346000000e-01 2.399626000000e-02 8.988814000000e-01 2.496839000000e+02 8.785629000000e-02 9.960018000000e-01 1.617549000000e-02 -4.614460000000e-01 -8.948993000000e-01 8.604970000000e-02 -4.378935000000e-01 -4.068364000000e+01
-4.410215000000e-01 2.505593000000e-02 8.971467000000e-01 2.518424000000e+02 8.852924000000e-02 9.959498000000e-01 1.570406000000e-02 -4.628392000000e-01 -8.931196000000e-01 8.634953000000e-02 -4.414534000000e-01 -4.174631000000e+01
-4.446551000000e-01 2.500281000000e-02 8.953529000000e-01 2.539896000000e+02 8.810197000000e-02 9.959839000000e-01 1.594074000000e-02 -4.623208000000e-01 -8.913584000000e-01 8.597047000000e-02 -4.450721000000e-01 -4.281371000000e+01
-4.483033000000e-01 2.521558000000e-02 8.935258000000e-01 2.561425000000e+02 8.717879000000e-02 9.960700000000e-01 1.563027000000e-02 -4.599411000000e-01 -8.896201000000e-01 8.490359000000e-02 -4.487397000000e-01 -4.389031000000e+01
-4.519337000000e-01 2.507050000000e-02 8.916992000000e-01 2.582951000000e+02 8.700532000000e-02 9.960779000000e-01 1.609113000000e-02 -4.566041000000e-01 -8.877984000000e-01 8.485468000000e-02 -4.523424000000e-01 -4.497777000000e+01
-4.553868000000e-01 2.592550000000e-02 8.899162000000e-01 2.604446000000e+02 8.760414000000e-02 9.960298000000e-01 1.581181000000e-02 -4.515860000000e-01 -8.859731000000e-01 8.516081000000e-02 -4.558499000000e-01 -4.607408000000e+01
-4.588898000000e-01 2.701655000000e-02 8.880824000000e-01 2.625925000000e+02 8.903314000000e-02 9.959048000000e-01 1.570853000000e-02 -4.468931000000e-01 -8.840210000000e-01 8.627723000000e-02 -4.594159000000e-01 -4.718398000000e+01
-4.621008000000e-01 2.899750000000e-02 8.863532000000e-01 2.647340000000e+02 9.121464000000e-02 9.957186000000e-01 1.497936000000e-02 -4.443228000000e-01 -8.821240000000e-01 8.777034000000e-02 -4.627673000000e-01 -4.830007000000e+01
-4.649723000000e-01 2.982926000000e-02 8.848226000000e-01 2.668920000000e+02 9.212184000000e-02 9.956371000000e-01 1.484476000000e-02 -4.426920000000e-01 -8.805193000000e-01 8.841387000000e-02 -4.656915000000e-01 -4.943452000000e+01
-4.678605000000e-01 3.190777000000e-02 8.832262000000e-01 2.690255000000e+02 9.402770000000e-02 9.954733000000e-01 1.384527000000e-02 -4.394885000000e-01 -8.787863000000e-01 8.952536000000e-02 -4.687428000000e-01 -5.056793000000e+01
-4.704908000000e-01 3.425764000000e-02 8.817397000000e-01 2.711744000000e+02 9.593141000000e-02 9.953092000000e-01 1.251830000000e-02 -4.357941000000e-01 -8.771747000000e-01 9.047625000000e-02 -4.715702000000e-01 -5.172041000000e+01
-4.732870000000e-01 3.502027000000e-02 8.802119000000e-01 2.733318000000e+02 9.677821000000e-02 9.952282000000e-01 1.244098000000e-02 -4.312748000000e-01 -8.755760000000e-01 9.107347000000e-02 -4.744177000000e-01 -5.288771000000e+01
-4.764989000000e-01 3.618638000000e-02 8.784301000000e-01 2.754870000000e+02 9.750257000000e-02 9.951642000000e-01 1.189447000000e-02 -4.244063000000e-01 -8.737517000000e-01 9.131687000000e-02 -4.777228000000e-01 -5.406212000000e+01
-4.797661000000e-01 3.625912000000e-02 8.766469000000e-01 2.776580000000e+02 9.648349000000e-02 9.952665000000e-01 1.163754000000e-02 -4.182424000000e-01 -8.720753000000e-01 9.016523000000e-02 -4.809935000000e-01 -5.525311000000e+01
-4.830450000000e-01 3.738275000000e-02 8.747972000000e-01 2.798273000000e+02 9.727560000000e-02 9.951946000000e-01 1.118587000000e-02 -4.128268000000e-01 -8.701752000000e-01 9.049968000000e-02 -4.843602000000e-01 -5.645514000000e+01
-4.863612000000e-01 3.769826000000e-02 8.729443000000e-01 2.820168000000e+02 9.634686000000e-02 9.952903000000e-01 1.069788000000e-02 -4.105826000000e-01 -8.684296000000e-01 8.930846000000e-02 -4.877027000000e-01 -5.767414000000e+01
-4.891485000000e-01 3.754739000000e-02 8.713920000000e-01 2.841885000000e+02 9.474989000000e-02 9.954479000000e-01 1.029420000000e-02 -4.095589000000e-01 -8.670387000000e-01 8.759967000000e-02 -4.904794000000e-01 -5.889251000000e+01
-4.918877000000e-01 3.780488000000e-02 8.698375000000e-01 2.863724000000e+02 9.587566000000e-02 9.953330000000e-01 1.095791000000e-02 -4.079618000000e-01 -8.653637000000e-01 8.878629000000e-02 -4.932166000000e-01 -6.012956000000e+01
-4.938980000000e-01 3.783481000000e-02 8.686964000000e-01 2.885702000000e+02 9.748770000000e-02 9.951633000000e-01 1.208380000000e-02 -4.045488000000e-01 -8.640375000000e-01 9.065535000000e-02 -4.951976000000e-01 -6.138495000000e+01
-4.959533000000e-01 3.775471000000e-02 8.675281000000e-01 2.907704000000e+02 9.815965000000e-02 9.950882000000e-01 1.281034000000e-02 -3.986685000000e-01 -8.627832000000e-01 9.150956000000e-02 -4.972233000000e-01 -6.264929000000e+01
-4.981567000000e-01 3.777312000000e-02 8.662639000000e-01 2.929827000000e+02 9.815975000000e-02 9.950850000000e-01 1.305774000000e-02 -3.908822000000e-01 -8.615130000000e-01 9.153703000000e-02 -4.994160000000e-01 -6.392341000000e+01
-5.004590000000e-01 3.710110000000e-02 8.649649000000e-01 2.951953000000e+02 9.755645000000e-02 9.951348000000e-01 1.376055000000e-02 -3.821466000000e-01 -8.602462000000e-01 9.126948000000e-02 -5.016436000000e-01 -6.520624000000e+01
-5.030179000000e-01 3.703289000000e-02 8.634823000000e-01 2.974212000000e+02 9.842723000000e-02 9.950362000000e-01 1.466339000000e-02 -3.713999000000e-01 -8.586531000000e-01 9.236610000000e-02 -5.041660000000e-01 -6.650521000000e+01
-5.051574000000e-01 3.705698000000e-02 8.622313000000e-01 2.996423000000e+02 9.892841000000e-02 9.949785000000e-01 1.519721000000e-02 -3.587114000000e-01 -8.573384000000e-01 9.297614000000e-02 -5.062867000000e-01 -6.780874000000e+01
-5.071269000000e-01 3.780852000000e-02 8.610417000000e-01 3.018763000000e+02 9.853901000000e-02 9.950298000000e-01 1.434445000000e-02 -3.470056000000e-01 -8.562198000000e-01 9.212063000000e-02 -5.083320000000e-01 -6.912560000000e+01
-5.093585000000e-01 4.004183000000e-02 8.596224000000e-01 3.041141000000e+02 9.794371000000e-02 9.951234000000e-01 1.168175000000e-02 -3.372516000000e-01 -8.549625000000e-01 9.014478000000e-02 -5.107963000000e-01 -7.045170000000e+01
-5.126685000000e-01 3.931280000000e-02 8.576862000000e-01 3.063593000000e+02 9.633206000000e-02 9.952774000000e-01 1.196155000000e-02 -3.307952000000e-01 -8.531654000000e-01 8.875497000000e-02 -5.140344000000e-01 -7.179168000000e+01
-5.171586000000e-01 3.690592000000e-02 8.550936000000e-01 3.086134000000e+02 9.360376000000e-02 9.955160000000e-01 1.364476000000e-02 -3.233356000000e-01 -8.507557000000e-01 8.709646000000e-02 -5.182942000000e-01 -7.314403000000e+01
-5.220571000000e-01 3.451451000000e-02 8.522120000000e-01 3.108714000000e+02 9.114758000000e-02 9.957166000000e-01 1.550971000000e-02 -3.126191000000e-01 -8.480262000000e-01 8.577399000000e-02 -5.229668000000e-01 -7.451245000000e+01
-5.268235000000e-01 3.309434000000e-02 8.493302000000e-01 3.131301000000e+02 8.979367000000e-02 9.958171000000e-01 1.689507000000e-02 -2.971879000000e-01 -8.452184000000e-01 8.516518000000e-02 -5.275914000000e-01 -7.590012000000e+01
-5.311682000000e-01 3.348928000000e-02 8.466043000000e-01 3.153852000000e+02 9.017544000000e-02 9.957776000000e-01 1.718683000000e-02 -2.796424000000e-01 -8.424540000000e-01 8.547199000000e-02 -5.319453000000e-01 -7.730725000000e+01
-5.353072000000e-01 3.467362000000e-02 8.439455000000e-01 3.176383000000e+02 9.238538000000e-02 9.955660000000e-01 1.769624000000e-02 -2.578412000000e-01 -8.395898000000e-01 8.744113000000e-02 -5.361370000000e-01 -7.872988000000e+01
-5.390292000000e-01 3.588530000000e-02 8.415223000000e-01 3.198954000000e+02 9.381170000000e-02 9.954336000000e-01 1.764160000000e-02 -2.381554000000e-01 -8.370465000000e-01 8.845395000000e-02 -5.399342000000e-01 -8.017271000000e+01
-5.426799000000e-01 3.583575000000e-02 8.391748000000e-01 3.221579000000e+02 9.420860000000e-02 9.953821000000e-01 1.841670000000e-02 -2.197853000000e-01 -8.346396000000e-01 8.905184000000e-02 -5.435499000000e-01 -8.163211000000e+01
-5.466164000000e-01 3.426157000000e-02 8.366820000000e-01 3.244120000000e+02 9.455334000000e-02 9.952979000000e-01 2.101626000000e-02 -2.016825000000e-01 -8.320277000000e-01 9.059888000000e-02 -5.472856000000e-01 -8.310009000000e+01
-5.505309000000e-01 3.288636000000e-02 8.341668000000e-01 3.266626000000e+02 9.308915000000e-02 9.954104000000e-01 2.219342000000e-02 -1.825361000000e-01 -8.296084000000e-01 8.987002000000e-02 -5.510655000000e-01 -8.457972000000e+01
-5.542889000000e-01 3.278444000000e-02 8.316784000000e-01 3.289055000000e+02 9.233886000000e-02 9.954779000000e-01 2.229974000000e-02 -1.608324000000e-01 -8.271864000000e-01 8.915672000000e-02 -5.548096000000e-01 -8.606826000000e+01
-5.583189000000e-01 3.221365000000e-02 8.290008000000e-01 3.311477000000e+02 9.187847000000e-02 9.955000000000e-01 2.319514000000e-02 -1.383913000000e-01 -8.245231000000e-01 8.911758000000e-02 -5.587662000000e-01 -8.757051000000e+01
-5.624024000000e-01 3.172657000000e-02 8.262548000000e-01 3.333840000000e+02 9.317394000000e-02 9.953308000000e-01 2.520143000000e-02 -1.125608000000e-01 -8.215973000000e-01 9.115875000000e-02 -5.627325000000e-01 -8.908675000000e+01
-5.662656000000e-01 3.200649000000e-02 8.236012000000e-01 3.356133000000e+02 9.376371000000e-02 9.952604000000e-01 2.578962000000e-02 -8.455148000000e-02 -8.188722000000e-01 9.182766000000e-02 -5.665827000000e-01 -9.061426000000e+01
-5.699347000000e-01 3.105914000000e-02 8.211028000000e-01 3.378389000000e+02 9.197118000000e-02 9.954173000000e-01 2.618521000000e-02 -5.242768000000e-02 -8.165266000000e-01 9.044163000000e-02 -5.701793000000e-01 -9.215154000000e+01
-5.734629000000e-01 2.980165000000e-02 8.186893000000e-01 3.400560000000e+02 9.146806000000e-02 9.954189000000e-01 2.783523000000e-02 -1.599584000000e-02 -8.141093000000e-01 9.084638000000e-02 -5.735616000000e-01 -9.370014000000e+01
-5.764348000000e-01 2.883221000000e-02 8.166344000000e-01 3.422752000000e+02 9.162022000000e-02 9.953561000000e-01 2.952944000000e-02 2.333862000000e-02 -8.119905000000e-01 9.184199000000e-02 -5.763994000000e-01 -9.526502000000e+01
-5.792285000000e-01 2.833649000000e-02 8.146726000000e-01 3.444892000000e+02 8.960529000000e-02 9.955527000000e-01 2.908096000000e-02 6.337510000000e-02 -8.102254000000e-01 8.984348000000e-02 -5.791916000000e-01 -9.683616000000e+01
-5.821727000000e-01 2.738547000000e-02 8.126039000000e-01 3.467010000000e+02 8.552969000000e-02 9.959502000000e-01 2.771149000000e-02 1.024766000000e-01 -8.085540000000e-01 8.563461000000e-02 -5.821572000000e-01 -9.841195000000e+01
-5.852817000000e-01 2.656025000000e-02 8.103950000000e-01 3.489103000000e+02 8.243732000000e-02 9.962335000000e-01 2.688668000000e-02 1.402984000000e-01 -8.066284000000e-01 8.254305000000e-02 -5.852667000000e-01 -9.999813000000e+01
-5.884897000000e-01 2.360915000000e-02 8.081600000000e-01 3.511094000000e+02 7.975283000000e-02 9.963937000000e-01 2.896666000000e-02 1.754218000000e-01 -8.045616000000e-01 8.149961000000e-02 -5.882502000000e-01 -1.015909000000e+02
-5.915552000000e-01 2.271379000000e-02 8.059445000000e-01 3.533107000000e+02 8.013301000000e-02 9.963101000000e-01 3.073798000000e-02 2.141195000000e-01 -8.022725000000e-01 8.276596000000e-02 -5.911925000000e-01 -1.032033000000e+02
-5.945947000000e-01 2.268037000000e-02 8.037057000000e-01 3.554996000000e+02 7.939344000000e-02 9.963730000000e-01 3.061917000000e-02 2.539708000000e-01 -8.000961000000e-01 8.201493000000e-02 -5.942387000000e-01 -1.048170000000e+02
-5.974407000000e-01 2.308157000000e-02 8.015809000000e-01 3.576809000000e+02 7.813459000000e-02 9.965050000000e-01 2.954148000000e-02 2.903191000000e-01 -7.980974000000e-01 8.028046000000e-02 -5.971561000000e-01 -1.064411000000e+02
-6.007205000000e-01 1.876716000000e-02 7.992389000000e-01 3.598670000000e+02 7.511391000000e-02 9.966269000000e-01 3.305469000000e-02 3.297903000000e-01 -7.959226000000e-01 7.989057000000e-02 -6.001039000000e-01 -1.080781000000e+02
-6.038752000000e-01 1.623428000000e-02 7.969136000000e-01 3.620386000000e+02 7.242569000000e-02 9.967743000000e-01 3.457609000000e-02 3.801369000000e-01 -7.937816000000e-01 7.859665000000e-02 -6.031030000000e-01 -1.097167000000e+02
-6.068475000000e-01 1.634159000000e-02 7.946503000000e-01 3.642051000000e+02 7.194258000000e-02 9.968139000000e-01 3.444111000000e-02 4.335940000000e-01 -7.915556000000e-01 7.806967000000e-02 -6.060897000000e-01 -1.113631000000e+02
-6.095901000000e-01 1.605467000000e-02 7.925543000000e-01 3.663626000000e+02 7.126306000000e-02 9.968566000000e-01 3.461851000000e-02 4.855505000000e-01 -7.895071000000e-01 7.758292000000e-02 -6.088179000000e-01 -1.130176000000e+02
-6.122075000000e-01 1.580857000000e-02 7.905392000000e-01 3.685148000000e+02 7.108644000000e-02 9.968518000000e-01 3.511634000000e-02 5.357534000000e-01 -7.874952000000e-01 7.769508000000e-02 -6.114039000000e-01 -1.146817000000e+02
-6.150181000000e-01 1.428418000000e-02 7.883836000000e-01 3.706543000000e+02 7.043109000000e-02 9.968345000000e-01 3.688232000000e-02 5.857535000000e-01 -7.853612000000e-01 7.820999000000e-02 -6.140773000000e-01 -1.163494000000e+02
-6.177963000000e-01 1.359792000000e-02 7.862206000000e-01 3.727925000000e+02 6.786551000000e-02 9.970417000000e-01 3.608321000000e-02 6.347512000000e-01 -7.834041000000e-01 7.564932000000e-02 -6.168915000000e-01 -1.180262000000e+02
-6.206707000000e-01 1.085791000000e-02 7.839962000000e-01 3.749322000000e+02 5.885749000000e-02 9.977281000000e-01 3.277805000000e-02 6.806409000000e-01 -7.818591000000e-01 6.648841000000e-02 -6.198996000000e-01 -1.197055000000e+02
-6.239941000000e-01 1.192773000000e-02 7.813381000000e-01 3.770444000000e+02 4.951205000000e-02 9.984779000000e-01 2.429889000000e-02 7.141844000000e-01 -7.798589000000e-01 5.384800000000e-02 -6.236348000000e-01 -1.213733000000e+02
-6.266260000000e-01 2.205789000000e-02 7.790079000000e-01 3.791489000000e+02 5.900870000000e-02 9.980727000000e-01 1.920520000000e-02 7.322390000000e-01 -7.770829000000e-01 5.800271000000e-02 -6.267199000000e-01 -1.230734000000e+02
-6.274763000000e-01 2.388148000000e-02 7.782693000000e-01 3.812460000000e+02 6.664289000000e-02 9.975089000000e-01 2.312160000000e-02 7.514499000000e-01 -7.757784000000e-01 6.637436000000e-02 -6.275047000000e-01 -1.247861000000e+02
-6.293392000000e-01 1.350458000000e-02 7.770134000000e-01 3.833531000000e+02 6.579098000000e-02 9.971854000000e-01 3.595595000000e-02 7.912642000000e-01 -7.743408000000e-01 7.374895000000e-02 -6.284563000000e-01 -1.264979000000e+02
-6.322787000000e-01 3.794990000000e-03 7.747318000000e-01 3.854625000000e+02 6.029882000000e-02 9.971956000000e-01 4.432671000000e-02 8.581189000000e-01 -7.723909000000e-01 7.474223000000e-02 -6.307344000000e-01 -1.282062000000e+02
-6.354821000000e-01 -2.169544000000e-03 7.721126000000e-01 3.875638000000e+02 5.428748000000e-02 9.973957000000e-01 4.748350000000e-02 9.375737000000e-01 -7.702048000000e-01 7.209095000000e-02 -6.337093000000e-01 -1.299140000000e+02
-6.382772000000e-01 -2.563005000000e-03 7.698024000000e-01 3.896489000000e+02 5.281065000000e-02 9.974927000000e-01 4.710871000000e-02 1.015440000000e+00 -7.679930000000e-01 7.072216000000e-02 -6.365415000000e-01 -1.316273000000e+02
-6.407552000000e-01 2.180977000000e-03 7.677422000000e-01 3.917168000000e+02 5.798493000000e-02 9.972772000000e-01 4.556100000000e-02 1.088896000000e+00 -7.655524000000e-01 7.371091000000e-02 -6.391370000000e-01 -1.333507000000e+02
-6.427141000000e-01 9.281153000000e-03 7.660500000000e-01 3.937800000000e+02 6.314894000000e-02 9.971656000000e-01 4.090054000000e-02 1.154913000000e+00 -7.634991000000e-01 7.466258000000e-02 -6.414785000000e-01 -1.350831000000e+02
-6.451251000000e-01 1.299057000000e-02 7.639665000000e-01 3.958385000000e+02 6.465990000000e-02 9.971970000000e-01 3.764505000000e-02 1.214067000000e+00 -7.613361000000e-01 7.368375000000e-02 -6.441568000000e-01 -1.368244000000e+02
-6.480120000000e-01 1.202720000000e-02 7.615352000000e-01 3.978934000000e+02 6.400803000000e-02 9.971980000000e-01 3.871714000000e-02 1.272858000000e+00 -7.589357000000e-01 7.383352000000e-02 -6.469661000000e-01 -1.385702000000e+02
-6.508502000000e-01 1.161103000000e-02 7.591174000000e-01 3.999429000000e+02 6.462644000000e-02 9.971011000000e-01 4.015815000000e-02 1.334967000000e+00 -7.564505000000e-01 7.519598000000e-02 -6.497138000000e-01 -1.403176000000e+02
-6.532311000000e-01 1.121137000000e-02 7.570756000000e-01 4.019775000000e+02 6.522569000000e-02 9.970066000000e-01 4.151452000000e-02 1.399861000000e+00 -7.543439000000e-01 7.649933000000e-02 -6.520070000000e-01 -1.420688000000e+02
-6.550600000000e-01 1.168809000000e-02 7.554865000000e-01 4.040132000000e+02 6.588239000000e-02 9.969556000000e-01 4.170082000000e-02 1.463950000000e+00 -7.526991000000e-01 7.708978000000e-02 -6.538357000000e-01 -1.438398000000e+02
-6.564592000000e-01 1.172668000000e-02 7.542705000000e-01 4.060396000000e+02 6.614536000000e-02 9.969228000000e-01 4.206862000000e-02 1.530570000000e+00 -7.514560000000e-01 7.750781000000e-02 -6.552147000000e-01 -1.456094000000e+02
-6.576740000000e-01 1.232267000000e-02 7.532019000000e-01 4.080639000000e+02 6.689873000000e-02 9.968710000000e-01 4.210482000000e-02 1.596786000000e+00 -7.503263000000e-01 7.807948000000e-02 -6.564404000000e-01 -1.473861000000e+02
-6.587023000000e-01 1.203487000000e-02 7.523075000000e-01 4.100865000000e+02 6.824368000000e-02 9.967064000000e-01 4.380791000000e-02 1.665192000000e+00 -7.493024000000e-01 8.019658000000e-02 -6.573540000000e-01 -1.491653000000e+02
-6.597711000000e-01 1.115265000000e-02 7.513839000000e-01 4.120999000000e+02 6.999913000000e-02 9.964545000000e-01 4.667426000000e-02 1.739480000000e+00 -7.481993000000e-01 8.339053000000e-02 -6.582125000000e-01 -1.509391000000e+02
-6.608928000000e-01 1.078191000000e-02 7.504029000000e-01 4.141199000000e+02 7.151847000000e-02 9.962510000000e-01 4.867325000000e-02 1.820766000000e+00 -7.470648000000e-01 8.583545000000e-02 -6.591862000000e-01 -1.527256000000e+02
-6.619843000000e-01 1.147200000000e-02 7.494300000000e-01 4.161297000000e+02 7.086687000000e-02 9.963615000000e-01 4.734596000000e-02 1.902123000000e+00 -7.461600000000e-01 8.445202000000e-02 -6.603886000000e-01 -1.545063000000e+02
-6.634470000000e-01 1.166464000000e-02 7.481324000000e-01 4.181369000000e+02 6.703205000000e-02 9.967844000000e-01 4.390275000000e-02 1.980352000000e+00 -7.452146000000e-01 7.927598000000e-02 -6.620955000000e-01 -1.562858000000e+02
-6.647307000000e-01 1.113233000000e-02 7.470002000000e-01 4.201401000000e+02 6.397313000000e-02 9.970645000000e-01 4.206859000000e-02 2.051261000000e+00 -7.443390000000e-01 7.575220000000e-02 -6.634915000000e-01 -1.580701000000e+02
-6.658022000000e-01 1.000833000000e-02 7.460613000000e-01 4.221413000000e+02 6.306201000000e-02 9.970870000000e-01 4.290216000000e-02 2.117805000000e+00 -7.434586000000e-01 7.561245000000e-02 -6.644938000000e-01 -1.598579000000e+02
-6.666894000000e-01 8.669528000000e-03 7.452853000000e-01 4.241424000000e+02 6.129618000000e-02 9.971829000000e-01 4.323230000000e-02 2.186326000000e+00 -7.428109000000e-01 7.450564000000e-02 -6.653426000000e-01 -1.616509000000e+02
-6.676013000000e-01 8.285427000000e-03 7.444729000000e-01 4.261357000000e+02 5.852154000000e-02 9.974282000000e-01 4.137817000000e-02 2.256082000000e+00 -7.422154000000e-01 7.119181000000e-02 -6.663692000000e-01 -1.634423000000e+02
-6.684511000000e-01 6.991256000000e-03 7.437233000000e-01 4.281288000000e+02 5.725191000000e-02 9.974725000000e-01 4.208085000000e-02 2.325413000000e+00 -7.415493000000e-01 7.070856000000e-02 -6.671618000000e-01 -1.652378000000e+02
-6.688990000000e-01 5.516573000000e-03 7.433329000000e-01 4.301109000000e+02 5.777251000000e-02 9.973336000000e-01 4.458581000000e-02 2.396912000000e+00 -7.411049000000e-01 7.276759000000e-02 -6.674341000000e-01 -1.670320000000e+02
-6.688562000000e-01 4.782552000000e-03 7.433765000000e-01 4.320961000000e+02 5.962807000000e-02 9.971024000000e-01 4.723569000000e-02 2.471810000000e+00 -7.409965000000e-01 7.591998000000e-02 -6.672033000000e-01 -1.688310000000e+02
-6.679607000000e-01 3.317931000000e-03 7.441892000000e-01 4.340721000000e+02 6.413589000000e-02 9.965262000000e-01 5.312338000000e-02 2.549279000000e+00 -7.414277000000e-01 8.321354000000e-02 -6.658531000000e-01 -1.706280000000e+02
-6.664665000000e-01 2.245014000000e-03 7.455316000000e-01 4.360531000000e+02 6.807604000000e-02 9.960011000000e-01 5.785718000000e-02 2.650572000000e+00 -7.424204000000e-01 8.931269000000e-02 -6.639541000000e-01 -1.724221000000e+02
-6.646993000000e-01 4.525680000000e-04 7.471109000000e-01 4.380420000000e+02 6.387629000000e-02 9.963726000000e-01 5.622671000000e-02 2.755615000000e+00 -7.443754000000e-01 8.509651000000e-02 -6.623170000000e-01 -1.742029000000e+02
-6.640222000000e-01 7.332386000000e-04 7.477126000000e-01 4.400300000000e+02 5.667972000000e-02 9.971716000000e-01 4.935776000000e-02 2.843910000000e+00 -7.455615000000e-01 7.515477000000e-02 -6.621855000000e-01 -1.759705000000e+02
-6.623343000000e-01 -1.685100000000e-03 7.492066000000e-01 4.420339000000e+02 5.114571000000e-02 9.975629000000e-01 4.745893000000e-02 2.921911000000e+00 -7.474606000000e-01 6.975236000000e-02 -6.606339000000e-01 -1.777475000000e+02
-6.599321000000e-01 -2.489415000000e-03 7.513212000000e-01 4.440392000000e+02 4.941883000000e-02 9.976851000000e-01 4.671333000000e-02 3.006852000000e+00 -7.496982000000e-01 6.795703000000e-02 -6.582813000000e-01 -1.795200000000e+02
-6.571388000000e-01 -2.384720000000e-03 7.537658000000e-01 4.460460000000e+02 5.118087000000e-02 9.975460000000e-01 4.777584000000e-02 3.098726000000e+00 -7.520300000000e-01 6.997374000000e-02 -6.554041000000e-01 -1.812884000000e+02
-6.542341000000e-01 -2.031108000000e-03 7.562894000000e-01 4.480532000000e+02 5.211326000000e-02 9.974985000000e-01 4.775987000000e-02 3.192574000000e+00 -7.544945000000e-01 7.065882000000e-02 -6.524916000000e-01 -1.830447000000e+02
-6.518127000000e-01 -7.487279000000e-04 7.583797000000e-01 4.500640000000e+02 5.035348000000e-02 9.977501000000e-01 4.426288000000e-02 3.278015000000e+00 -7.567065000000e-01 6.703814000000e-02 -6.503084000000e-01 -1.847916000000e+02
-6.502861000000e-01 -5.694727000000e-03 7.596681000000e-01 4.520924000000e+02 4.340385000000e-02 9.980600000000e-01 4.463606000000e-02 3.358861000000e+00 -7.584485000000e-01 6.199872000000e-02 -6.487773000000e-01 -1.865327000000e+02
-6.493819000000e-01 -1.250006000000e-02 7.603597000000e-01 4.541251000000e+02 3.451564000000e-02 9.983500000000e-01 4.589046000000e-02 3.436998000000e+00 -7.596787000000e-01 5.604473000000e-02 -6.478790000000e-01 -1.882652000000e+02
-6.487774000000e-01 -1.541144000000e-02 7.608223000000e-01 4.561580000000e+02 2.766377000000e-02 9.986564000000e-01 4.381885000000e-02 3.516788000000e+00 -7.604753000000e-01 4.947588000000e-02 -6.474793000000e-01 -1.899924000000e+02
-6.482236000000e-01 -1.648422000000e-02 7.612716000000e-01 4.581873000000e+02 2.535380000000e-02 9.987440000000e-01 4.321512000000e-02 3.593514000000e+00 -7.610278000000e-01 4.731418000000e-02 -6.469915000000e-01 -1.917203000000e+02
-6.471136000000e-01 -1.651054000000e-02 7.622149000000e-01 4.602152000000e+02 2.716600000000e-02 9.986312000000e-01 4.469530000000e-02 3.669483000000e+00 -7.619095000000e-01 4.962925000000e-02 -6.457792000000e-01 -1.934519000000e+02
-6.457730000000e-01 -1.750312000000e-02 7.633289000000e-01 4.622462000000e+02 2.915962000000e-02 9.984425000000e-01 4.756317000000e-02 3.750848000000e+00 -7.629724000000e-01 5.297338000000e-02 -6.442568000000e-01 -1.951830000000e+02
-6.444217000000e-01 -1.938661000000e-02 7.644245000000e-01 4.642791000000e+02 2.790781000000e-02 9.984163000000e-01 4.884760000000e-02 3.835891000000e+00 -7.641608000000e-01 5.281186000000e-02 -6.428600000000e-01 -1.969059000000e+02
-6.434782000000e-01 -2.002168000000e-02 7.652026000000e-01 4.663135000000e+02 2.551058000000e-02 9.985416000000e-01 4.757953000000e-02 3.921999000000e+00 -7.650392000000e-01 5.013714000000e-02 -6.420289000000e-01 -1.986214000000e+02
-6.425776000000e-01 -1.892421000000e-02 7.659869000000e-01 4.683509000000e+02 2.470557000000e-02 9.986634000000e-01 4.539785000000e-02 4.004216000000e+00 -7.658222000000e-01 4.809577000000e-02 -6.412512000000e-01 -2.003376000000e+02
-6.415126000000e-01 -1.754977000000e-02 7.669117000000e-01 4.703839000000e+02 2.511503000000e-02 9.987218000000e-01 4.386287000000e-02 4.079549000000e+00 -7.667012000000e-01 4.739958000000e-02 -6.402518000000e-01 -2.020483000000e+02
-6.403523000000e-01 -1.703864000000e-02 7.678924000000e-01 4.724259000000e+02 2.727744000000e-02 9.986188000000e-01 4.490509000000e-02 4.154116000000e+00 -7.675968000000e-01 4.970120000000e-02 -6.390030000000e-01 -2.037656000000e+02
-6.391027000000e-01 -1.702761000000e-02 7.689330000000e-01 4.744683000000e+02 2.897557000000e-02 9.985121000000e-01 4.619471000000e-02 4.230210000000e+00 -7.685754000000e-01 5.180342000000e-02 -6.376583000000e-01 -2.054787000000e+02
-6.382048000000e-01 -1.757702000000e-02 7.696660000000e-01 4.765113000000e+02 2.911652000000e-02 9.984730000000e-01 4.694565000000e-02 4.309712000000e+00 -7.693159000000e-01 5.237092000000e-02 -6.367184000000e-01 -2.071855000000e+02
-6.372622000000e-01 -1.757278000000e-02 7.704467000000e-01 4.785558000000e+02 2.893845000000e-02 9.984892000000e-01 4.671006000000e-02 4.389454000000e+00 -7.701035000000e-01 5.206208000000e-02 -6.357909000000e-01 -2.088868000000e+02
-6.364662000000e-01 -1.871761000000e-02 7.710775000000e-01 4.806060000000e+02 2.856500000000e-02 9.984476000000e-01 4.781518000000e-02 4.471449000000e+00 -7.707754000000e-01 5.245856000000e-02 -6.349435000000e-01 -2.105886000000e+02
-6.357276000000e-01 -1.991678000000e-02 7.716565000000e-01 4.826545000000e+02 2.804295000000e-02 9.984112000000e-01 4.887253000000e-02 4.555624000000e+00 -7.714039000000e-01 5.270913000000e-02 -6.341590000000e-01 -2.122853000000e+02
-6.352032000000e-01 -1.912085000000e-02 7.721084000000e-01 4.847071000000e+02 2.761545000000e-02 9.984920000000e-01 4.744597000000e-02 4.640076000000e+00 -7.718512000000e-01 5.145993000000e-02 -6.337172000000e-01 -2.139826000000e+02
-6.347825000000e-01 -1.785998000000e-02 7.724845000000e-01 4.867577000000e+02 2.769275000000e-02 9.985647000000e-01 4.584327000000e-02 4.720801000000e+00 -7.721945000000e-01 5.049271000000e-02 -6.333767000000e-01 -2.156770000000e+02
-6.342247000000e-01 -1.826709000000e-02 7.729330000000e-01 4.888066000000e+02 2.810945000000e-02 9.985151000000e-01 4.666338000000e-02 4.799764000000e+00 -7.726376000000e-01 5.132177000000e-02 -6.327694000000e-01 -2.173707000000e+02
-6.337660000000e-01 -1.964247000000e-02 7.732754000000e-01 4.908629000000e+02 2.766558000000e-02 9.984623000000e-01 4.803691000000e-02 4.880930000000e+00 -7.730299000000e-01 5.183726000000e-02 -6.322480000000e-01 -2.190659000000e+02
-6.336457000000e-01 -2.085277000000e-02 7.733423000000e-01 4.929166000000e+02 2.629011000000e-02 9.984788000000e-01 4.846451000000e-02 4.960767000000e+00 -7.731765000000e-01 5.104058000000e-02 -6.321335000000e-01 -2.207576000000e+02
-6.337949000000e-01 -2.127668000000e-02 7.732085000000e-01 4.949713000000e+02 2.566601000000e-02 9.984927000000e-01 4.851420000000e-02 5.038016000000e+00 -7.730752000000e-01 5.059322000000e-02 -6.322934000000e-01 -2.224476000000e+02
-6.339828000000e-01 -2.092726000000e-02 7.730640000000e-01 4.970247000000e+02 2.586268000000e-02 9.985009000000e-01 4.823971000000e-02 5.116707000000e+00 -7.729146000000e-01 5.057664000000e-02 -6.324911000000e-01 -2.241389000000e+02
-6.341946000000e-01 -2.049598000000e-02 7.729018000000e-01 4.990722000000e+02 2.633335000000e-02 9.984960000000e-01 4.808582000000e-02 5.193552000000e+00 -7.727248000000e-01 5.084886000000e-02 -6.327010000000e-01 -2.258270000000e+02
-6.344122000000e-01 -2.200092000000e-02 7.726818000000e-01 5.011328000000e+02 2.608151000000e-02 9.984165000000e-01 4.984264000000e-02 5.267707000000e+00 -7.725548000000e-01 5.177347000000e-02 -6.328337000000e-01 -2.275274000000e+02
-6.346633000000e-01 -2.373341000000e-02 7.724243000000e-01 5.031867000000e+02 2.489555000000e-02 9.983816000000e-01 5.113160000000e-02 5.349108000000e+00 -7.723877000000e-01 5.168127000000e-02 -6.330452000000e-01 -2.292205000000e+02
-6.349280000000e-01 -2.408225000000e-02 7.721959000000e-01 5.052390000000e+02 2.462954000000e-02 9.983750000000e-01 5.138734000000e-02 5.432770000000e+00 -7.721786000000e-01 5.164608000000e-02 -6.333031000000e-01 -2.309143000000e+02
-6.349925000000e-01 -2.411289000000e-02 7.721420000000e-01 5.072915000000e+02 2.397188000000e-02 9.984163000000e-01 5.089305000000e-02 5.519275000000e+00 -7.721463000000e-01 5.082639000000e-02 -6.334088000000e-01 -2.326072000000e+02
-6.350791000000e-01 -2.372020000000e-02 7.720828000000e-01 5.093381000000e+02 2.396973000000e-02 9.984419000000e-01 5.039085000000e-02 5.605249000000e+00 -7.720751000000e-01 5.050878000000e-02 -6.335210000000e-01 -2.342975000000e+02
-6.348712000000e-01 -2.289225000000e-02 7.722788000000e-01 5.113939000000e+02 2.500734000000e-02 9.984284000000e-01 5.015379000000e-02 5.689304000000e+00 -7.722131000000e-01 5.115382000000e-02 -6.333009000000e-01 -2.359969000000e+02
-6.346135000000e-01 -2.306910000000e-02 7.724854000000e-01 5.134454000000e+02 2.490848000000e-02 9.984245000000e-01 5.027928000000e-02 5.773309000000e+00 -7.724282000000e-01 5.114933000000e-02 -6.330390000000e-01 -2.376908000000e+02
-6.346300000000e-01 -2.317670000000e-02 7.724686000000e-01 5.154974000000e+02 2.483037000000e-02 9.984226000000e-01 5.035575000000e-02 5.857608000000e+00 -7.724171000000e-01 5.113794000000e-02 -6.330534000000e-01 -2.393843000000e+02
-6.345169000000e-01 -2.292727000000e-02 7.725689000000e-01 5.175493000000e+02 2.443340000000e-02 9.984653000000e-01 4.969846000000e-02 5.942483000000e+00 -7.725227000000e-01 5.041099000000e-02 -6.329829000000e-01 -2.410762000000e+02
-6.344472000000e-01 -2.404252000000e-02 7.725922000000e-01 5.196014000000e+02 2.355973000000e-02 9.984503000000e-01 5.041814000000e-02 6.026971000000e+00 -7.726070000000e-01 5.018971000000e-02 -6.328975000000e-01 -2.427680000000e+02
-6.342276000000e-01 -2.435609000000e-02 7.727627000000e-01 5.216574000000e+02 2.402674000000e-02 9.984000000000e-01 5.118716000000e-02 6.115358000000e+00 -7.727729000000e-01 5.103127000000e-02 -6.326276000000e-01 -2.444639000000e+02
-6.339935000000e-01 -2.575882000000e-02 7.729093000000e-01 5.237106000000e+02 2.390444000000e-02 9.983148000000e-01 5.287899000000e-02 6.206642000000e+00 -7.729689000000e-01 5.200088000000e-02 -6.323092000000e-01 -2.461557000000e+02
-6.337744000000e-01 -2.490629000000e-02 7.731169000000e-01 5.257627000000e+02 2.433043000000e-02 9.983450000000e-01 5.210735000000e-02 6.299720000000e+00 -7.731352000000e-01 5.183455000000e-02 -6.321195000000e-01 -2.478455000000e+02
-6.335759000000e-01 -2.408283000000e-02 7.733057000000e-01 5.278159000000e+02 2.550849000000e-02 9.983218000000e-01 5.198975000000e-02 6.392878000000e+00 -7.732599000000e-01 5.266529000000e-02 -6.318982000000e-01 -2.495367000000e+02
-6.332811000000e-01 -2.430248000000e-02 7.735402000000e-01 5.298651000000e+02 2.598185000000e-02 9.982758000000e-01 5.263383000000e-02 6.486799000000e+00 -7.734856000000e-01 5.343001000000e-02 -6.315578000000e-01 -2.512228000000e+02
-6.330458000000e-01 -2.523112000000e-02 7.737031000000e-01 5.319262000000e+02 2.543230000000e-02 9.982513000000e-01 5.336260000000e-02 6.582378000000e+00 -7.736964000000e-01 5.345801000000e-02 -6.312970000000e-01 -2.529158000000e+02
-6.331693000000e-01 -2.508594000000e-02 7.736068000000e-01 5.339814000000e+02 2.469044000000e-02 9.983114000000e-01 5.258073000000e-02 6.677372000000e+00 -7.736194000000e-01 5.239318000000e-02 -6.314807000000e-01 -2.546036000000e+02
-6.333535000000e-01 -2.499187000000e-02 7.734590000000e-01 5.360377000000e+02 2.464368000000e-02 9.983201000000e-01 5.243722000000e-02 6.771372000000e+00 -7.734701000000e-01 5.227216000000e-02 -6.316735000000e-01 -2.562925000000e+02
-6.334203000000e-01 -2.622209000000e-02 7.733636000000e-01 5.380951000000e+02 2.429114000000e-02 9.982593000000e-01 5.374308000000e-02 6.865967000000e+00 -7.734266000000e-01 5.282782000000e-02 -6.316806000000e-01 -2.579830000000e+02
-6.335756000000e-01 -2.797597000000e-02 7.731749000000e-01 5.401536000000e+02 2.391813000000e-02 9.981601000000e-01 5.571629000000e-02 6.964906000000e+00 -7.733110000000e-01 5.379337000000e-02 -6.317407000000e-01 -2.596746000000e+02
-6.338700000000e-01 -2.930732000000e-02 7.728842000000e-01 5.422136000000e+02 2.279970000000e-02 9.981395000000e-01 5.654772000000e-02 7.066817000000e+00 -7.731035000000e-01 5.346542000000e-02 -6.320225000000e-01 -2.613661000000e+02
-6.341505000000e-01 -2.755763000000e-02 7.727184000000e-01 5.442679000000e+02 2.260292000000e-02 9.982769000000e-01 5.415140000000e-02 7.168745000000e+00 -7.728792000000e-01 5.180582000000e-02 -6.324348000000e-01 -2.630547000000e+02
-6.343956000000e-01 -2.556962000000e-02 7.725856000000e-01 5.463253000000e+02 2.211949000000e-02 9.984430000000e-01 5.120768000000e-02 7.265256000000e+00 -7.726920000000e-01 4.957512000000e-02 -6.328422000000e-01 -2.647478000000e+02
-6.344558000000e-01 -2.524481000000e-02 7.725468000000e-01 5.483760000000e+02 2.236926000000e-02 9.984482000000e-01 5.099748000000e-02 7.357150000000e+00 -7.726354000000e-01 4.963694000000e-02 -6.329065000000e-01 -2.664366000000e+02
-6.343588000000e-01 -2.722893000000e-02 7.725591000000e-01 5.504365000000e+02 2.286776000000e-02 9.982811000000e-01 5.396156000000e-02 7.450904000000e+00 -7.727004000000e-01 5.189768000000e-02 -6.326457000000e-01 -2.681343000000e+02
-6.343774000000e-01 -2.825764000000e-02 7.725069000000e-01 5.524956000000e+02 2.358501000000e-02 9.981589000000e-01 5.587963000000e-02 7.551427000000e+00 -7.726636000000e-01 5.366835000000e-02 -6.325429000000e-01 -2.698319000000e+02
-6.343860000000e-01 -2.725994000000e-02 7.725357000000e-01 5.545493000000e+02 2.445367000000e-02 9.981701000000e-01 5.530245000000e-02 7.654529000000e+00 -7.726295000000e-01 5.397442000000e-02 -6.325585000000e-01 -2.715254000000e+02
-6.344427000000e-01 -2.643894000000e-02 7.725176000000e-01 5.566051000000e+02 2.466001000000e-02 9.982138000000e-01 5.441568000000e-02 7.757167000000e+00 -7.725764000000e-01 5.357391000000e-02 -6.326574000000e-01 -2.732200000000e+02
-6.344310000000e-01 -2.582120000000e-02 7.725481000000e-01 5.586591000000e+02 2.523755000000e-02 9.982171000000e-01 5.408937000000e-02 7.857401000000e+00 -7.725674000000e-01 5.381318000000e-02 -6.326482000000e-01 -2.749141000000e+02
-6.343300000000e-01 -2.548778000000e-02 7.726421000000e-01 5.607204000000e+02 2.640100000000e-02 9.981591000000e-01 5.460200000000e-02 7.957556000000e+00 -7.726114000000e-01 5.503420000000e-02 -6.324894000000e-01 -2.766146000000e+02
-6.341833000000e-01 -2.586426000000e-02 7.727501000000e-01 5.627775000000e+02 2.725792000000e-02 9.980711000000e-01 5.577597000000e-02 8.058037000000e+00 -7.727021000000e-01 5.643573000000e-02 -6.322549000000e-01 -2.783114000000e+02
-6.339634000000e-01 -2.711272000000e-02 7.728877000000e-01 5.648386000000e+02 2.651517000000e-02 9.980357000000e-01 5.675999000000e-02 8.161795000000e+00 -7.729084000000e-01 5.647699000000e-02 -6.319991000000e-01 -2.800085000000e+02
-6.338899000000e-01 -2.726787000000e-02 7.729425000000e-01 5.668959000000e+02 2.672909000000e-02 9.980090000000e-01 5.712828000000e-02 8.267916000000e+00 -7.729613000000e-01 5.687308000000e-02 -6.318989000000e-01 -2.817021000000e+02
-6.335856000000e-01 -2.659240000000e-02 7.732155000000e-01 5.689502000000e+02 2.770724000000e-02 9.979881000000e-01 5.702654000000e-02 8.373989000000e+00 -7.731763000000e-01 5.755485000000e-02 -6.315740000000e-01 -2.833947000000e+02
-6.332114000000e-01 -2.777469000000e-02 7.734804000000e-01 5.710150000000e+02 2.817505000000e-02 9.978663000000e-01 5.889766000000e-02 8.483450000000e+00 -7.734659000000e-01 5.908751000000e-02 -6.310777000000e-01 -2.850936000000e+02
-6.328038000000e-01 -2.864444000000e-02 7.737822000000e-01 5.730773000000e+02 2.691291000000e-02 9.978980000000e-01 5.895046000000e-02 8.593947000000e+00 -7.738443000000e-01 5.812879000000e-02 -6.307027000000e-01 -2.867871000000e+02
-6.325817000000e-01 -3.043971000000e-02 7.738953000000e-01 5.751384000000e+02 2.506042000000e-02 9.978996000000e-01 5.973487000000e-02 8.705148000000e+00 -7.740881000000e-01 5.718131000000e-02 -6.304902000000e-01 -2.884766000000e+02
-6.322726000000e-01 -2.939367000000e-02 7.741882000000e-01 5.772007000000e+02 2.522994000000e-02 9.979688000000e-01 5.849503000000e-02 8.816896000000e+00 -7.743350000000e-01 5.651752000000e-02 -6.302467000000e-01 -2.901677000000e+02
-6.317201000000e-01 -2.792959000000e-02 7.746933000000e-01 5.792540000000e+02 2.653593000000e-02 9.979859000000e-01 5.761843000000e-02 8.924907000000e+00 -7.747422000000e-01 5.695591000000e-02 -6.297066000000e-01 -2.918529000000e+02
-6.309177000000e-01 -2.685553000000e-02 7.753849000000e-01 5.813141000000e+02 2.800142000000e-02 9.979614000000e-01 5.734878000000e-02 9.031620000000e+00 -7.753443000000e-01 5.789422000000e-02 -6.288795000000e-01 -2.935428000000e+02
-6.302434000000e-01 -2.707487000000e-02 7.759254000000e-01 5.833713000000e+02 2.843217000000e-02 9.979165000000e-01 5.791490000000e-02 9.137328000000e+00 -7.758768000000e-01 5.856172000000e-02 -6.281605000000e-01 -2.952267000000e+02
-6.296791000000e-01 -2.867949000000e-02 7.763258000000e-01 5.854383000000e+02 2.819705000000e-02 9.978161000000e-01 5.973258000000e-02 9.245509000000e+00 -7.763434000000e-01 5.950244000000e-02 -6.274952000000e-01 -2.969139000000e+02
-6.291126000000e-01 -2.733405000000e-02 7.768334000000e-01 5.875190000000e+02 2.864647000000e-02 9.978873000000e-01 5.831129000000e-02 9.353208000000e+00 -7.767861000000e-01 5.893789000000e-02 -6.270005000000e-01 -2.986121000000e+02
-6.284360000000e-01 -2.762615000000e-02 7.773706000000e-01 5.895489000000e+02 2.792536000000e-02 9.979236000000e-01 5.803934000000e-02 9.456599000000e+00 -7.773598000000e-01 5.818235000000e-02 -6.263596000000e-01 -3.002630000000e+02
-6.279511000000e-01 -2.810392000000e-02 7.777453000000e-01 5.916108000000e+02 2.729992000000e-02 9.979373000000e-01 5.810251000000e-02 9.561344000000e+00 -7.777739000000e-01 5.771790000000e-02 -6.258885000000e-01 -3.019383000000e+02
-6.272855000000e-01 -2.848438000000e-02 7.782683000000e-01 5.936716000000e+02 2.691617000000e-02 9.979409000000e-01 5.821879000000e-02 9.666809000000e+00 -7.783241000000e-01 5.746779000000e-02 -6.252271000000e-01 -3.036091000000e+02
-6.267515000000e-01 -2.929572000000e-02 7.786683000000e-01 5.957370000000e+02 2.626936000000e-02 9.979306000000e-01 5.868924000000e-02 9.775807000000e+00 -7.787763000000e-01 5.723867000000e-02 -6.246849000000e-01 -3.052800000000e+02
-6.263289000000e-01 -3.020898000000e-02 7.789734000000e-01 5.978027000000e+02 2.504597000000e-02 9.979532000000e-01 5.883918000000e-02 9.883665000000e+00 -7.791565000000e-01 5.636281000000e-02 -6.242903000000e-01 -3.069488000000e+02
-6.259289000000e-01 -3.096285000000e-02 7.792653000000e-01 5.998670000000e+02 2.347051000000e-02 9.980111000000e-01 5.850656000000e-02 9.992222000000e+00 -7.795268000000e-01 5.491069000000e-02 -6.239572000000e-01 -3.086131000000e+02
-6.260867000000e-01 -3.038338000000e-02 7.791613000000e-01 6.019345000000e+02 2.246797000000e-02 9.981227000000e-01 5.697568000000e-02 1.009861000000e+01 -7.794296000000e-01 5.317788000000e-02 -6.242287000000e-01 -3.102813000000e+02
-6.262648000000e-01 -3.113537000000e-02 7.789885000000e-01 6.040024000000e+02 2.281137000000e-02 9.980425000000e-01 5.822984000000e-02 1.020684000000e+01 -7.792766000000e-01 5.423708000000e-02 -6.243286000000e-01 -3.119523000000e+02
-6.263989000000e-01 -3.193005000000e-02 7.788485000000e-01 6.060701000000e+02 2.349138000000e-02 9.979336000000e-01 5.980501000000e-02 1.031717000000e+01 -7.791486000000e-01 5.575801000000e-02 -6.243544000000e-01 -3.136242000000e+02
-6.265124000000e-01 -3.312816000000e-02 7.787071000000e-01 6.081333000000e+02 2.244936000000e-02 9.979148000000e-01 6.051553000000e-02 1.043016000000e+01 -7.790881000000e-01 5.539520000000e-02 -6.244622000000e-01 -3.152902000000e+02
-6.266982000000e-01 -3.264678000000e-02 7.785779000000e-01 6.102041000000e+02 2.151846000000e-02 9.980160000000e-01 5.916888000000e-02 1.054205000000e+01 -7.789649000000e-01 5.383482000000e-02 -6.247523000000e-01 -3.169635000000e+02
-6.267867000000e-01 -3.057031000000e-02 7.785910000000e-01 6.122707000000e+02 2.202105000000e-02 9.981359000000e-01 5.691797000000e-02 1.065103000000e+01 -7.788797000000e-01 5.282080000000e-02 -6.249451000000e-01 -3.186358000000e+02
-6.266057000000e-01 -2.915437000000e-02 7.787910000000e-01 6.143316000000e+02 2.264969000000e-02 9.981966000000e-01 5.559156000000e-02 1.075646000000e+01 -7.790073000000e-01 5.247334000000e-02 -6.248153000000e-01 -3.203039000000e+02
-6.265023000000e-01 -2.875580000000e-02 7.788890000000e-01 6.164014000000e+02 2.309928000000e-02 9.981952000000e-01 5.543235000000e-02 1.085851000000e+01 -7.790772000000e-01 5.272026000000e-02 -6.247073000000e-01 -3.219781000000e+02
-6.265290000000e-01 -3.015212000000e-02 7.788147000000e-01 6.184658000000e+02 2.294946000000e-02 9.981044000000e-01 5.710404000000e-02 1.096062000000e+01 -7.790601000000e-01 5.365070000000e-02 -6.246494000000e-01 -3.236462000000e+02
-6.264904000000e-01 -3.068870000000e-02 7.788248000000e-01 6.205350000000e+02 2.368425000000e-02 9.980136000000e-01 5.837730000000e-02 1.106765000000e+01 -7.790692000000e-01 5.501868000000e-02 -6.245190000000e-01 -3.253171000000e+02
-6.263612000000e-01 -3.072541000000e-02 7.789272000000e-01 6.226067000000e+02 2.406871000000e-02 9.979842000000e-01 5.872073000000e-02 1.117705000000e+01 -7.791613000000e-01 5.552815000000e-02 -6.243591000000e-01 -3.269891000000e+02
-6.261498000000e-01 -3.047621000000e-02 7.791070000000e-01 6.246751000000e+02 2.373232000000e-02 9.980279000000e-01 5.811281000000e-02 1.128685000000e+01 -7.793415000000e-01 5.487733000000e-02 -6.241916000000e-01 -3.286575000000e+02
-6.259098000000e-01 -3.013968000000e-02 7.793129000000e-01 6.267459000000e+02 2.363144000000e-02 9.980612000000e-01 5.757943000000e-02 1.139641000000e+01 -7.795373000000e-01 5.445581000000e-02 -6.239840000000e-01 -3.303270000000e+02
-6.256200000000e-01 -3.038161000000e-02 7.795362000000e-01 6.288138000000e+02 2.390428000000e-02 9.980256000000e-01 5.808148000000e-02 1.150486000000e+01 -7.797616000000e-01 5.497117000000e-02 -6.236585000000e-01 -3.319942000000e+02
-6.252310000000e-01 -3.031342000000e-02 7.798508000000e-01 6.308887000000e+02 2.380432000000e-02 9.980397000000e-01 5.787927000000e-02 1.161229000000e+01 -7.800766000000e-01 5.475173000000e-02 -6.232838000000e-01 -3.336656000000e+02
-6.249644000000e-01 -3.121197000000e-02 7.800291000000e-01 6.329587000000e+02 2.325251000000e-02 9.980128000000e-01 5.856440000000e-02 1.172232000000e+01 -7.803069000000e-01 5.473828000000e-02 -6.229967000000e-01 -3.353308000000e+02
-6.246102000000e-01 -3.173476000000e-02 7.802916000000e-01 6.350324000000e+02 2.267172000000e-02 9.980159000000e-01 5.873801000000e-02 1.183193000000e+01 -7.806075000000e-01 5.437890000000e-02 -6.226514000000e-01 -3.369998000000e+02
-6.242585000000e-01 -3.023636000000e-02 7.806325000000e-01 6.370951000000e+02 2.295669000000e-02 9.981092000000e-01 5.701798000000e-02 1.194090000000e+01 -7.808805000000e-01 5.351468000000e-02 -6.223840000000e-01 -3.386594000000e+02
-6.237826000000e-01 -3.043697000000e-02 7.810051000000e-01 6.391659000000e+02 2.287771000000e-02 9.981023000000e-01 5.716983000000e-02 1.204805000000e+01 -7.812630000000e-01 5.352914000000e-02 -6.219025000000e-01 -3.403234000000e+02
-6.234237000000e-01 -3.101860000000e-02 7.812687000000e-01 6.412374000000e+02 2.321209000000e-02 9.980381000000e-01 5.814735000000e-02 1.215564000000e+01 -7.815396000000e-01 5.438530000000e-02 -6.214805000000e-01 -3.419886000000e+02
-6.230705000000e-01 -3.122445000000e-02 7.815422000000e-01 6.433047000000e+02 2.380466000000e-02 9.979830000000e-01 5.884960000000e-02 1.226642000000e+01 -7.818034000000e-01 5.527178000000e-02 -6.210704000000e-01 -3.436496000000e+02
-6.226340000000e-01 -3.036108000000e-02 7.819241000000e-01 6.453750000000e+02 2.387978000000e-02 9.980444000000e-01 5.776784000000e-02 1.237656000000e+01 -7.821488000000e-01 5.464038000000e-02 -6.206913000000e-01 -3.453101000000e+02
-6.222250000000e-01 -2.898656000000e-02 7.823017000000e-01 6.474454000000e+02 2.429167000000e-02 9.981181000000e-01 5.630423000000e-02 1.248249000000e+01 -7.824615000000e-01 5.403730000000e-02 -6.203498000000e-01 -3.469686000000e+02
-6.216649000000e-01 -2.849663000000e-02 7.827648000000e-01 6.495155000000e+02 2.497983000000e-02 9.981084000000e-01 5.617498000000e-02 1.258629000000e+01 -7.828849000000e-01 5.447533000000e-02 -6.197771000000e-01 -3.486239000000e+02
-6.210310000000e-01 -2.943427000000e-02 7.832332000000e-01 6.515913000000e+02 2.579591000000e-02 9.979856000000e-01 5.795851000000e-02 1.269235000000e+01 -7.833614000000e-01 5.619823000000e-02 -6.190207000000e-01 -3.502820000000e+02
-6.205815000000e-01 -3.013895000000e-02 7.835626000000e-01 6.536623000000e+02 2.582840000000e-02 9.979332000000e-01 5.884059000000e-02 1.280042000000e+01 -7.837165000000e-01 5.675353000000e-02 -6.185204000000e-01 -3.519355000000e+02
-6.201170000000e-01 -3.023961000000e-02 7.839263000000e-01 6.557358000000e+02 2.584500000000e-02 9.979269000000e-01 5.893901000000e-02 1.291009000000e+01 -7.840835000000e-01 5.680964000000e-02 -6.180499000000e-01 -3.535870000000e+02
-6.197503000000e-01 -3.095389000000e-02 7.841885000000e-01 6.578057000000e+02 2.526742000000e-02 9.979168000000e-01 5.935931000000e-02 1.302023000000e+01 -7.843922000000e-01 5.660235000000e-02 -6.176770000000e-01 -3.552341000000e+02
-6.192251000000e-01 -3.037229000000e-02 7.846259000000e-01 6.598779000000e+02 2.531333000000e-02 9.979601000000e-01 5.860753000000e-02 1.313000000000e+01 -7.848054000000e-01 5.615274000000e-02 -6.171931000000e-01 -3.568806000000e+02
-6.187172000000e-01 -2.938215000000e-02 7.850642000000e-01 6.619586000000e+02 2.526392000000e-02 9.980394000000e-01 5.726380000000e-02 1.323887000000e+01 -7.852075000000e-01 5.526388000000e-02 -6.167618000000e-01 -3.585328000000e+02
-6.183042000000e-01 -2.895769000000e-02 7.854053000000e-01 6.640361000000e+02 2.521061000000e-02 9.980760000000e-01 5.664565000000e-02 1.334665000000e+01 -7.855344000000e-01 5.482478000000e-02 -6.163845000000e-01 -3.601819000000e+02
-6.181475000000e-01 -2.899896000000e-02 7.855271000000e-01 6.661120000000e+02 2.486200000000e-02 9.980980000000e-01 5.641076000000e-02 1.345227000000e+01 -7.856689000000e-01 5.439993000000e-02 -6.162508000000e-01 -3.618289000000e+02
-6.181211000000e-01 -2.959064000000e-02 7.855258000000e-01 6.681904000000e+02 2.430014000000e-02 9.980944000000e-01 5.671956000000e-02 1.355813000000e+01 -7.857072000000e-01 5.414793000000e-02 -6.162241000000e-01 -3.634752000000e+02
-6.182589000000e-01 -2.961843000000e-02 7.854163000000e-01 6.702712000000e+02 2.373143000000e-02 9.981306000000e-01 5.632074000000e-02 1.366357000000e+01 -7.856161000000e-01 5.345984000000e-02 -6.164002000000e-01 -3.651232000000e+02
-6.185260000000e-01 -3.030074000000e-02 7.851799000000e-01 6.723505000000e+02 2.298237000000e-02 9.981311000000e-01 5.662307000000e-02 1.376872000000e+01 -7.854281000000e-01 5.306812000000e-02 -6.166736000000e-01 -3.667695000000e+02
-6.188770000000e-01 -3.062233000000e-02 7.848909000000e-01 6.744325000000e+02 2.193799000000e-02 9.981761000000e-01 5.624143000000e-02 1.387413000000e+01 -7.851815000000e-01 5.202544000000e-02 -6.170764000000e-01 -3.684192000000e+02
-6.192450000000e-01 -3.059867000000e-02 7.846014000000e-01 6.765090000000e+02 2.157463000000e-02 9.982001000000e-01 5.595653000000e-02 1.397893000000e+01 -7.849013000000e-01 5.157828000000e-02 -6.174702000000e-01 -3.700675000000e+02
-6.195896000000e-01 -3.090942000000e-02 7.843171000000e-01 6.785876000000e+02 2.192674000000e-02 9.981528000000e-01 5.665807000000e-02 1.408324000000e+01 -7.846196000000e-01 5.230226000000e-02 -6.177673000000e-01 -3.717203000000e+02
-6.199262000000e-01 -3.124605000000e-02 7.840378000000e-01 6.806657000000e+02 2.229805000000e-02 9.981017000000e-01 5.740779000000e-02 1.418850000000e+01 -7.843432000000e-01 5.307110000000e-02 -6.180527000000e-01 -3.733743000000e+02
-6.203275000000e-01 -3.106536000000e-02 7.837275000000e-01 6.827432000000e+02 2.367638000000e-02 9.980183000000e-01 5.829948000000e-02 1.429713000000e+01 -7.839855000000e-01 5.472059000000e-02 -6.183626000000e-01 -3.750304000000e+02
-6.204869000000e-01 -3.143224000000e-02 7.835867000000e-01 6.848198000000e+02 2.338258000000e-02 9.980106000000e-01 5.854909000000e-02 1.440571000000e+01 -7.838681000000e-01 5.465121000000e-02 -6.185175000000e-01 -3.766842000000e+02
-6.206549000000e-01 -3.096139000000e-02 7.834724000000e-01 6.868945000000e+02 2.296153000000e-02 9.980738000000e-01 5.763181000000e-02 1.451349000000e+01 -7.837476000000e-01 5.375918000000e-02 -6.187484000000e-01 -3.783370000000e+02
-6.205936000000e-01 -2.976116000000e-02 7.835674000000e-01 6.889656000000e+02 2.350369000000e-02 9.981244000000e-01 5.652555000000e-02 1.461921000000e+01 -7.837800000000e-01 5.349611000000e-02 -6.187301000000e-01 -3.799902000000e+02
-6.204054000000e-01 -2.873466000000e-02 7.837548000000e-01 6.910408000000e+02 2.516469000000e-02 9.980847000000e-01 5.651249000000e-02 1.472406000000e+01 -7.838775000000e-01 5.478359000000e-02 -6.184940000000e-01 -3.816488000000e+02
-6.199039000000e-01 -2.777842000000e-02 7.841859000000e-01 6.931156000000e+02 2.640585000000e-02 9.980686000000e-01 5.622883000000e-02 1.482707000000e+01 -7.842333000000e-01 5.556355000000e-02 -6.179731000000e-01 -3.833046000000e+02
-6.194259000000e-01 -2.764355000000e-02 7.845683000000e-01 6.951930000000e+02 2.762599000000e-02 9.979933000000e-01 5.697441000000e-02 1.492975000000e+01 -7.845689000000e-01 5.696589000000e-02 -6.174192000000e-01 -3.849613000000e+02
-6.189651000000e-01 -2.720965000000e-02 7.849471000000e-01 6.972710000000e+02 2.818073000000e-02 9.979868000000e-01 5.681626000000e-02 1.503283000000e+01 -7.849128000000e-01 5.728765000000e-02 -6.169522000000e-01 -3.866143000000e+02
-6.184733000000e-01 -2.691439000000e-02 7.853448000000e-01 6.993457000000e+02 2.789353000000e-02 9.980315000000e-01 5.616999000000e-02 1.513859000000e+01 -7.853106000000e-01 5.664566000000e-02 -6.165050000000e-01 -3.882646000000e+02
-6.180394000000e-01 -2.712765000000e-02 7.856790000000e-01 7.014274000000e+02 2.687530000000e-02 9.980912000000e-01 5.560269000000e-02 1.524435000000e+01 -7.856876000000e-01 5.548000000000e-02 -6.161306000000e-01 -3.899181000000e+02
-6.176405000000e-01 -2.677779000000e-02 7.860046000000e-01 7.035065000000e+02 2.660958000000e-02 9.981364000000e-01 5.491448000000e-02 1.534668000000e+01 -7.860103000000e-01 5.483265000000e-02 -6.157768000000e-01 -3.915686000000e+02
-6.171660000000e-01 -2.735725000000e-02 7.863573000000e-01 7.055829000000e+02 2.604813000000e-02 9.981372000000e-01 5.516869000000e-02 1.544804000000e+01 -7.864017000000e-01 5.453136000000e-02 -6.153037000000e-01 -3.932168000000e+02
-6.167027000000e-01 -2.825224000000e-02 7.866891000000e-01 7.076613000000e+02 2.705064000000e-02 9.980050000000e-01 5.704677000000e-02 1.554996000000e+01 -7.867312000000e-01 5.646132000000e-02 -6.147080000000e-01 -3.948665000000e+02
-6.160735000000e-01 -2.860175000000e-02 7.871692000000e-01 7.097441000000e+02 2.784834000000e-02 9.979249000000e-01 5.805488000000e-02 1.565581000000e+01 -7.871962000000e-01 5.768742000000e-02 -6.139986000000e-01 -3.965177000000e+02
-6.155892000000e-01 -2.809754000000e-02 7.875662000000e-01 7.118243000000e+02 2.864569000000e-02 9.979060000000e-01 5.799218000000e-02 1.576531000000e+01 -7.875464000000e-01 5.825973000000e-02 -6.134953000000e-01 -3.981607000000e+02
-6.150152000000e-01 -2.666353000000e-02 7.880644000000e-01 7.139054000000e+02 2.958742000000e-02 9.979439000000e-01 5.685502000000e-02 1.587836000000e+01 -7.879600000000e-01 5.828347000000e-02 -6.129617000000e-01 -3.998001000000e+02
-6.142781000000e-01 -2.593378000000e-02 7.886634000000e-01 7.159839000000e+02 2.957014000000e-02 9.980012000000e-01 5.584921000000e-02 1.599116000000e+01 -7.885354000000e-01 5.762782000000e-02 -6.122833000000e-01 -4.014338000000e+02
-6.135181000000e-01 -2.465817000000e-02 7.892956000000e-01 7.180631000000e+02 2.992731000000e-02 9.980683000000e-01 5.444283000000e-02 1.610183000000e+01 -7.891133000000e-01 5.702314000000e-02 -6.115950000000e-01 -4.030674000000e+02
-6.128317000000e-01 -2.458664000000e-02 7.898309000000e-01 7.201441000000e+02 2.991372000000e-02 9.980776000000e-01 5.427927000000e-02 1.621513000000e+01 -7.896470000000e-01 5.689083000000e-02 -6.109181000000e-01 -4.046980000000e+02
-6.121955000000e-01 -2.349402000000e-02 7.903574000000e-01 7.222296000000e+02 3.054747000000e-02 9.981095000000e-01 5.333110000000e-02 1.632798000000e+01 -7.901162000000e-01 5.679246000000e-02 -6.103204000000e-01 -4.063296000000e+02
-6.114061000000e-01 -2.297364000000e-02 7.909835000000e-01 7.243156000000e+02 3.086806000000e-02 9.981252000000e-01 5.285001000000e-02 1.644029000000e+01 -7.907147000000e-01 5.672893000000e-02 -6.095506000000e-01 -4.079582000000e+02
-6.106438000000e-01 -2.477735000000e-02 7.915177000000e-01 7.264057000000e+02 2.932406000000e-02 9.981174000000e-01 5.386772000000e-02 1.654399000000e+01 -7.913623000000e-01 5.610449000000e-02 -6.087676000000e-01 -4.095850000000e+02
-6.101021000000e-01 -2.603302000000e-02 7.918951000000e-01 7.284983000000e+02 2.725090000000e-02 9.981793000000e-01 5.380946000000e-02 1.666273000000e+01 -7.918540000000e-01 5.440910000000e-02 -6.082818000000e-01 -4.112077000000e+02
-6.096062000000e-01 -2.574941000000e-02 7.922862000000e-01 7.305888000000e+02 2.684648000000e-02 9.982283000000e-01 5.309895000000e-02 1.677343000000e+01 -7.922497000000e-01 5.363952000000e-02 -6.078348000000e-01 -4.128287000000e+02
-6.089475000000e-01 -2.434435000000e-02 7.928369000000e-01 7.326752000000e+02 2.817377000000e-02 9.982344000000e-01 5.229034000000e-02 1.688104000000e+01 -7.927100000000e-01 5.417927000000e-02 -6.071864000000e-01 -4.144501000000e+02
-6.082262000000e-01 -2.245372000000e-02 7.934462000000e-01 7.347664000000e+02 2.985769000000e-02 9.982452000000e-01 5.113711000000e-02 1.698171000000e+01 -7.932020000000e-01 5.479338000000e-02 -6.064884000000e-01 -4.160734000000e+02
-6.078688000000e-01 -2.256547000000e-02 7.937168000000e-01 7.368556000000e+02 2.987733000000e-02 9.982382000000e-01 5.126162000000e-02 1.707951000000e+01 -7.934752000000e-01 5.487447000000e-02 -6.061237000000e-01 -4.176935000000e+02
-6.078964000000e-01 -2.428475000000e-02 7.936449000000e-01 7.389533000000e+02 2.923173000000e-02 9.981701000000e-01 5.293321000000e-02 1.717540000000e+01 -7.934781000000e-01 5.537751000000e-02 -6.060741000000e-01 -4.193157000000e+02
-6.080761000000e-01 -2.619893000000e-02 7.934464000000e-01 7.410479000000e+02 2.721968000000e-02 9.981796000000e-01 5.381948000000e-02 1.727242000000e+01 -7.934120000000e-01 5.432368000000e-02 -6.062560000000e-01 -4.209340000000e+02
-6.082645000000e-01 -2.631943000000e-02 7.932980000000e-01 7.431419000000e+02 2.598236000000e-02 9.982542000000e-01 5.304138000000e-02 1.737146000000e+01 -7.933090000000e-01 5.287493000000e-02 -6.065187000000e-01 -4.225508000000e+02
-6.081614000000e-01 -2.464044000000e-02 7.934309000000e-01 7.452354000000e+02 2.571500000000e-02 9.983820000000e-01 5.071575000000e-02 1.746720000000e+01 -7.933968000000e-01 5.124643000000e-02 -6.065437000000e-01 -4.241692000000e+02
-6.077041000000e-01 -2.493766000000e-02 7.937719000000e-01 7.473289000000e+02 2.681944000000e-02 9.982923000000e-01 5.189571000000e-02 1.755500000000e+01 -7.937105000000e-01 5.282575000000e-02 -6.059975000000e-01 -4.257917000000e+02
-6.070151000000e-01 -2.472784000000e-02 7.943055000000e-01 7.494207000000e+02 2.930458000000e-02 9.981394000000e-01 5.346828000000e-02 1.765191000000e+01 -7.941498000000e-01 5.573283000000e-02 -6.051611000000e-01 -4.274134000000e+02
-6.064594000000e-01 -2.383008000000e-02 7.947573000000e-01 7.515173000000e+02 3.164025000000e-02 9.980358000000e-01 5.406908000000e-02 1.775413000000e+01 -7.944846000000e-01 5.793701000000e-02 -6.045142000000e-01 -4.290362000000e+02
-6.059118000000e-01 -2.210289000000e-02 7.952248000000e-01 7.536116000000e+02 3.317071000000e-02 9.980427000000e-01 5.301413000000e-02 1.785404000000e+01 -7.948400000000e-01 5.850004000000e-02 -6.039926000000e-01 -4.306541000000e+02
-6.053864000000e-01 -1.987480000000e-02 7.956836000000e-01 7.557109000000e+02 3.322671000000e-02 9.981856000000e-01 5.021309000000e-02 1.794006000000e+01 -7.952379000000e-01 5.683625000000e-02 -6.036276000000e-01 -4.322706000000e+02
-6.047465000000e-01 -1.806800000000e-02 7.962131000000e-01 7.578089000000e+02 3.349565000000e-02 9.982810000000e-01 4.809431000000e-02 1.802205000000e+01 -7.957133000000e-01 5.575453000000e-02 -6.031017000000e-01 -4.338840000000e+02
-6.037548000000e-01 -1.753328000000e-02 7.969773000000e-01 7.599091000000e+02 3.433796000000e-02 9.982581000000e-01 4.797432000000e-02 1.809594000000e+01 -7.964302000000e-01 5.633129000000e-02 -6.021010000000e-01 -4.354976000000e+02
-6.028142000000e-01 -1.885826000000e-02 7.976587000000e-01 7.620181000000e+02 3.464792000000e-02 9.981589000000e-01 4.978294000000e-02 1.817308000000e+01 -7.971289000000e-01 5.764707000000e-02 -6.010509000000e-01 -4.371125000000e+02
-6.020180000000e-01 -1.978524000000e-02 7.982374000000e-01 7.641249000000e+02 3.417750000000e-02 9.981383000000e-01 5.051613000000e-02 1.825478000000e+01 -7.977507000000e-01 5.769337000000e-02 -6.002209000000e-01 -4.387221000000e+02
-6.011824000000e-01 -1.958408000000e-02 7.988719000000e-01 7.662346000000e+02 3.373856000000e-02 9.981862000000e-01 4.985979000000e-02 1.833932000000e+01 -7.983993000000e-01 5.692760000000e-02 -5.994312000000e-01 -4.403295000000e+02
-6.004185000000e-01 -2.003886000000e-02 7.994349000000e-01 7.683468000000e+02 3.292078000000e-02 9.982191000000e-01 4.974691000000e-02 1.842281000000e+01 -7.990080000000e-01 5.618697000000e-02 -5.986895000000e-01 -4.419355000000e+02
-5.996115000000e-01 -2.043146000000e-02 8.000304000000e-01 7.704571000000e+02 3.264030000000e-02 9.982179000000e-01 4.995629000000e-02 1.850284000000e+01 -7.996253000000e-01 5.606759000000e-02 -5.978760000000e-01 -4.435378000000e+02
-5.987543000000e-01 -1.969439000000e-02 8.006906000000e-01 7.725730000000e+02 3.265637000000e-02 9.982660000000e-01 4.897443000000e-02 1.858489000000e+01 -8.002667000000e-01 5.547129000000e-02 -5.970729000000e-01 -4.451404000000e+02
-5.979070000000e-01 -1.961354000000e-02 8.013255000000e-01 7.746901000000e+02 3.156589000000e-02 9.983490000000e-01 4.798876000000e-02 1.866585000000e+01 -8.009437000000e-01 5.398735000000e-02 -5.963006000000e-01 -4.467409000000e+02
-5.974378000000e-01 -1.903383000000e-02 8.016893000000e-01 7.768050000000e+02 3.277318000000e-02 9.983035000000e-01 4.812521000000e-02 1.874823000000e+01 -8.012452000000e-01 5.502572000000e-02 -5.958004000000e-01 -4.483389000000e+02
-5.969748000000e-01 -1.940370000000e-02 8.020253000000e-01 7.789176000000e+02 3.276996000000e-02 9.982833000000e-01 4.854363000000e-02 1.882798000000e+01 -8.015904000000e-01 5.526165000000e-02 -5.953141000000e-01 -4.499322000000e+02
-5.969038000000e-01 -2.058569000000e-02 8.020487000000e-01 7.810382000000e+02 3.201801000000e-02 9.982632000000e-01 4.945037000000e-02 1.891026000000e+01 -8.016737000000e-01 5.519710000000e-02 -5.952079000000e-01 -4.515290000000e+02
-5.971140000000e-01 -2.216649000000e-02 8.018501000000e-01 7.831553000000e+02 3.051299000000e-02 9.982670000000e-01 5.031838000000e-02 1.899428000000e+01 -8.015758000000e-01 5.451264000000e-02 -5.954028000000e-01 -4.531207000000e+02
-5.974656000000e-01 -2.224858000000e-02 8.015859000000e-01 7.852706000000e+02 2.912478000000e-02 9.983534000000e-01 4.941828000000e-02 1.907913000000e+01 -8.013655000000e-01 5.287172000000e-02 -5.958338000000e-01 -4.547110000000e+02
-5.977074000000e-01 -2.169289000000e-02 8.014208000000e-01 7.873866000000e+02 2.831947000000e-02 9.984387000000e-01 4.814671000000e-02 1.916217000000e+01 -8.012140000000e-01 5.147344000000e-02 -5.961599000000e-01 -4.563036000000e+02
-5.981217000000e-01 -2.168296000000e-02 8.011120000000e-01 7.894935000000e+02 2.823897000000e-02 9.984429000000e-01 4.810754000000e-02 1.924372000000e+01 -8.009076000000e-01 5.139672000000e-02 -5.965780000000e-01 -4.578927000000e+02
-5.986519000000e-01 -2.119986000000e-02 8.007288000000e-01 7.916044000000e+02 2.913865000000e-02 9.984117000000e-01 4.821870000000e-02 1.932538000000e+01 -8.004791000000e-01 5.219836000000e-02 -5.970832000000e-01 -4.594876000000e+02
-5.992125000000e-01 -2.052399000000e-02 8.003270000000e-01 7.937097000000e+02 3.030339000000e-02 9.983735000000e-01 4.829123000000e-02 1.940541000000e+01 -8.000163000000e-01 5.318931000000e-02 -5.976158000000e-01 -4.610817000000e+02
-5.997323000000e-01 -2.016021000000e-02 7.999468000000e-01 7.958137000000e+02 3.100145000000e-02 9.983467000000e-01 4.840253000000e-02 1.948576000000e+01 -7.996000000000e-01 5.382806000000e-02 -5.981157000000e-01 -4.626772000000e+02
-6.002782000000e-01 -2.124403000000e-02 7.995091000000e-01 7.979140000000e+02 3.131762000000e-02 9.982561000000e-01 5.003853000000e-02 1.956981000000e+01 -7.991778000000e-01 5.507575000000e-02 -5.985661000000e-01 -4.642714000000e+02
-6.006295000000e-01 -2.189010000000e-02 7.992278000000e-01 8.000123000000e+02 3.066110000000e-02 9.982592000000e-01 5.038357000000e-02 1.965533000000e+01 -7.989393000000e-01 5.476705000000e-02 -5.989127000000e-01 -4.658635000000e+02
-6.006924000000e-01 -2.038464000000e-02 7.992204000000e-01 8.021083000000e+02 2.956262000000e-02 9.984248000000e-01 4.768468000000e-02 1.973792000000e+01 -7.989335000000e-01 5.227086000000e-02 -5.991435000000e-01 -4.674543000000e+02
-6.006100000000e-01 -1.876403000000e-02 7.993219000000e-01 8.042028000000e+02 2.924259000000e-02 9.985402000000e-01 4.541352000000e-02 1.981630000000e+01 -7.990072000000e-01 5.065004000000e-02 -5.991845000000e-01 -4.690448000000e+02
-6.003047000000e-01 -1.760474000000e-02 7.995777000000e-01 8.062987000000e+02 2.964167000000e-02 9.985810000000e-01 4.424059000000e-02 1.988938000000e+01 -7.992219000000e-01 5.025863000000e-02 -5.989310000000e-01 -4.706373000000e+02
-5.999157000000e-01 -1.798477000000e-02 7.998611000000e-01 8.083959000000e+02 3.010632000000e-02 9.985317000000e-01 4.503233000000e-02 1.996249000000e+01 -7.994966000000e-01 5.109646000000e-02 -5.984934000000e-01 -4.722307000000e+02
-5.993871000000e-01 -1.845460000000e-02 8.002466000000e-01 8.104902000000e+02 3.014063000000e-02 9.985049000000e-01 4.560208000000e-02 2.003686000000e+01 -7.998916000000e-01 5.145323000000e-02 -5.979347000000e-01 -4.738196000000e+02
-5.988091000000e-01 -1.841164000000e-02 8.006802000000e-01 8.125910000000e+02 3.084472000000e-02 9.984638000000e-01 4.602768000000e-02 2.011443000000e+01 -8.002976000000e-01 5.225853000000e-02 -5.973213000000e-01 -4.754125000000e+02
-5.979350000000e-01 -1.814869000000e-02 8.013392000000e-01 8.146888000000e+02 3.220231000000e-02 9.983925000000e-01 4.663993000000e-02 2.019413000000e+01 -8.008975000000e-01 5.369261000000e-02 -5.963893000000e-01 -4.770013000000e+02
-5.969630000000e-01 -1.773576000000e-02 8.020727000000e-01 8.167915000000e+02 3.319959000000e-02 9.983531000000e-01 4.678563000000e-02 2.027321000000e+01 -8.015815000000e-01 5.455777000000e-02 -5.953910000000e-01 -4.785905000000e+02
-5.957648000000e-01 -1.758585000000e-02 8.029665000000e-01 8.188949000000e+02 3.362588000000e-02 9.983375000000e-01 4.681356000000e-02 2.035380000000e+01 -8.024547000000e-01 5.489031000000e-02 -5.941829000000e-01 -4.801748000000e+02
-5.946218000000e-01 -1.789188000000e-02 8.038065000000e-01 8.210023000000e+02 3.387370000000e-02 9.983072000000e-01 4.727957000000e-02 2.043563000000e+01 -8.032916000000e-01 5.534135000000e-02 -5.930091000000e-01 -4.817573000000e+02
-5.934821000000e-01 -1.771187000000e-02 8.046523000000e-01 8.231164000000e+02 3.443497000000e-02 9.982836000000e-01 4.737201000000e-02 2.051693000000e+01 -8.041102000000e-01 5.582260000000e-02 -5.918535000000e-01 -4.833404000000e+02
-5.923353000000e-01 -1.795207000000e-02 8.054916000000e-01 8.252301000000e+02 3.449196000000e-02 9.982701000000e-01 4.761293000000e-02 2.059912000000e+01 -8.049529000000e-01 5.598579000000e-02 -5.906914000000e-01 -4.849182000000e+02
-5.912662000000e-01 -1.944743000000e-02 8.062420000000e-01 8.273472000000e+02 3.392734000000e-02 9.982244000000e-01 4.895922000000e-02 2.068385000000e+01 -8.057625000000e-01 5.630156000000e-02 -5.895565000000e-01 -4.864927000000e+02
-5.902021000000e-01 -2.047535000000e-02 8.069959000000e-01 8.294645000000e+02 3.339052000000e-02 9.982035000000e-01 4.974711000000e-02 2.077068000000e+01 -8.065647000000e-01 5.630684000000e-02 -5.884580000000e-01 -4.880614000000e+02
-5.892913000000e-01 -2.045812000000e-02 8.076616000000e-01 8.315909000000e+02 3.198517000000e-02 9.983049000000e-01 4.862434000000e-02 2.085797000000e+01 -8.072872000000e-01 5.448708000000e-02 -5.876380000000e-01 -4.896319000000e+02
-5.885032000000e-01 -2.056920000000e-02 8.082332000000e-01 8.337229000000e+02 3.174578000000e-02 9.983175000000e-01 4.852198000000e-02 2.094602000000e+01 -8.078714000000e-01 5.421332000000e-02 -5.868600000000e-01 -4.912049000000e+02
-5.877450000000e-01 -2.021865000000e-02 8.087936000000e-01 8.358541000000e+02 3.277724000000e-02 9.982718000000e-01 4.877434000000e-02 2.103407000000e+01 -8.083820000000e-01 5.517688000000e-02 -5.860666000000e-01 -4.927761000000e+02
-5.873742000000e-01 -2.061282000000e-02 8.090530000000e-01 8.379860000000e+02 3.284056000000e-02 9.982452000000e-01 4.927531000000e-02 2.112295000000e+01 -8.086489000000e-01 5.551278000000e-02 -5.856665000000e-01 -4.943446000000e+02
-5.874257000000e-01 -2.070708000000e-02 8.090132000000e-01 8.401199000000e+02 3.293225000000e-02 9.982329000000e-01 4.946239000000e-02 2.121212000000e+01 -8.086078000000e-01 5.569809000000e-02 -5.857056000000e-01 -4.959132000000e+02
-5.876351000000e-01 -2.378478000000e-02 8.087764000000e-01 8.422623000000e+02 3.150144000000e-02 9.981375000000e-01 5.224166000000e-02 2.130359000000e+01 -8.085126000000e-01 5.617664000000e-02 -5.857914000000e-01 -4.974854000000e+02
-5.879267000000e-01 -2.452503000000e-02 8.085424000000e-01 8.444038000000e+02 3.016698000000e-02 9.981802000000e-01 5.221293000000e-02 2.139780000000e+01 -8.083515000000e-01 5.508865000000e-02 -5.861169000000e-01 -4.990558000000e+02
-5.881475000000e-01 -2.531938000000e-02 8.083573000000e-01 8.465437000000e+02 2.869503000000e-02 9.982272000000e-01 5.214451000000e-02 2.149439000000e+01 -8.082445000000e-01 5.386448000000e-02 -5.863782000000e-01 -5.006257000000e+02
-5.880676000000e-01 -2.430593000000e-02 8.084466000000e-01 8.486827000000e+02 2.797456000000e-02 9.983391000000e-01 5.036386000000e-02 2.158726000000e+01 -8.083279000000e-01 5.223327000000e-02 -5.864108000000e-01 -5.021964000000e+02
-5.876245000000e-01 -2.492353000000e-02 8.087498000000e-01 8.508213000000e+02 2.758645000000e-02 9.983273000000e-01 5.080966000000e-02 2.167907000000e+01 -8.086633000000e-01 5.216753000000e-02 -5.859540000000e-01 -5.037670000000e+02
-5.871744000000e-01 -2.662307000000e-02 8.090226000000e-01 8.529722000000e+02 2.690961000000e-02 9.982645000000e-01 5.238110000000e-02 2.177339000000e+01 -8.090130000000e-01 5.252731000000e-02 -5.854389000000e-01 -5.053431000000e+02
-5.868245000000e-01 -2.557033000000e-02 8.093104000000e-01 8.551147000000e+02 2.658898000000e-02 9.983537000000e-01 5.082265000000e-02 2.186598000000e+01 -8.092775000000e-01 5.134270000000e-02 -5.851784000000e-01 -5.069135000000e+02
-5.864304000000e-01 -2.422785000000e-02 8.096372000000e-01 8.572619000000e+02 2.689668000000e-02 9.984189000000e-01 4.935861000000e-02 2.195643000000e+01 -8.095529000000e-01 5.072193000000e-02 -5.848515000000e-01 -5.084874000000e+02
-5.860720000000e-01 -2.386218000000e-02 8.099075000000e-01 8.594084000000e+02 2.870361000000e-02 9.983274000000e-01 5.018431000000e-02 2.204762000000e+01 -8.097504000000e-01 5.265888000000e-02 -5.844068000000e-01 -5.100613000000e+02
-5.858605000000e-01 -2.526315000000e-02 8.100181000000e-01 8.615570000000e+02 2.936743000000e-02 9.981957000000e-01 5.237264000000e-02 2.214020000000e+01 -8.098796000000e-01 5.447120000000e-02 -5.840615000000e-01 -5.116370000000e+02
-5.857699000000e-01 -2.664137000000e-02 8.100395000000e-01 8.637104000000e+02 2.993255000000e-02 9.980666000000e-01 5.447074000000e-02 2.223641000000e+01 -8.099245000000e-01 5.615385000000e-02 -5.838399000000e-01 -5.132137000000e+02
-5.855253000000e-01 -2.740359000000e-02 8.101909000000e-01 8.658589000000e+02 2.941737000000e-02 9.980519000000e-01 5.501766000000e-02 2.233432000000e+01 -8.101202000000e-01 5.604790000000e-02 -5.835784000000e-01 -5.147848000000e+02
-5.850150000000e-01 -2.910390000000e-02 8.105002000000e-01 8.680116000000e+02 2.882214000000e-02 9.979786000000e-01 5.663965000000e-02 2.243636000000e+01 -8.105102000000e-01 5.649538000000e-02 -5.829935000000e-01 -5.163554000000e+02
-5.842077000000e-01 -2.789300000000e-02 8.111248000000e-01 8.701571000000e+02 2.951821000000e-02 9.980178000000e-01 5.558019000000e-02 2.253588000000e+01 -8.110672000000e-01 5.641332000000e-02 -5.822263000000e-01 -5.179222000000e+02
-5.830875000000e-01 -2.604763000000e-02 8.119917000000e-01 8.722938000000e+02 3.142991000000e-02 9.980143000000e-01 5.458467000000e-02 2.263292000000e+01 -8.118011000000e-01 5.734845000000e-02 -5.811110000000e-01 -5.194836000000e+02
-5.816662000000e-01 -2.466697000000e-02 8.130536000000e-01 8.744419000000e+02 3.378701000000e-02 9.979448000000e-01 5.444786000000e-02 2.272987000000e+01 -8.127256000000e-01 5.914111000000e-02 -5.796373000000e-01 -5.210493000000e+02
-5.801933000000e-01 -2.464661000000e-02 8.141059000000e-01 8.765885000000e+02 3.495258000000e-02 9.978678000000e-01 5.511975000000e-02 2.282659000000e+01 -8.137285000000e-01 6.043520000000e-02 -5.780946000000e-01 -5.226080000000e+02
-5.788923000000e-01 -2.588364000000e-02 8.149931000000e-01 8.787368000000e+02 3.523110000000e-02 9.977687000000e-01 5.671323000000e-02 2.292504000000e+01 -8.146425000000e-01 6.154394000000e-02 -5.766887000000e-01 -5.241609000000e+02
-5.777592000000e-01 -2.630999000000e-02 8.157832000000e-01 8.808822000000e+02 3.565396000000e-02 9.977127000000e-01 5.742850000000e-02 2.302388000000e+01 -8.154282000000e-01 6.226573000000e-02 -5.754996000000e-01 -5.257065000000e+02
-5.765635000000e-01 -2.716794000000e-02 8.166006000000e-01 8.830323000000e+02 3.590484000000e-02 9.976390000000e-01 5.854173000000e-02 2.312541000000e+01 -8.162630000000e-01 6.307292000000e-02 -5.742267000000e-01 -5.272479000000e+02
-5.754862000000e-01 -2.817993000000e-02 8.173259000000e-01 8.852001000000e+02 3.502889000000e-02 9.976396000000e-01 5.906097000000e-02 2.322957000000e+01 -8.170609000000e-01 6.261878000000e-02 -5.731407000000e-01 -5.287963000000e+02
-5.744051000000e-01 -2.847432000000e-02 8.180758000000e-01 8.873238000000e+02 3.381906000000e-02 9.977160000000e-01 5.847272000000e-02 2.332974000000e+01 -8.178723000000e-01 6.125357000000e-02 -5.721301000000e-01 -5.303079000000e+02
-5.732515000000e-01 -2.867449000000e-02 8.188776000000e-01 8.894706000000e+02 3.329040000000e-02 9.977472000000e-01 5.824273000000e-02 2.343087000000e+01 -8.187029000000e-01 6.064848000000e-02 -5.710055000000e-01 -5.318310000000e+02
-5.721907000000e-01 -2.890800000000e-02 8.196110000000e-01 8.916091000000e+02 3.355917000000e-02 9.977162000000e-01 5.861832000000e-02 2.353263000000e+01 -8.194337000000e-01 6.104631000000e-02 -5.699138000000e-01 -5.333456000000e+02
-5.709912000000e-01 -2.870008000000e-02 8.204544000000e-01 8.937550000000e+02 3.395848000000e-02 9.977077000000e-01 5.853376000000e-02 2.363418000000e+01 -8.202535000000e-01 6.128363000000e-02 -5.687077000000e-01 -5.348619000000e+02
-5.699506000000e-01 -2.781134000000e-02 8.212082000000e-01 8.958952000000e+02 3.468735000000e-02 9.977217000000e-01 5.786358000000e-02 2.373415000000e+01 -8.209465000000e-01 6.146490000000e-02 -5.676873000000e-01 -5.363697000000e+02
-5.690353000000e-01 -2.909090000000e-02 8.217984000000e-01 8.980347000000e+02 3.454584000000e-02 9.976460000000e-01 5.923622000000e-02 2.383529000000e+01 -8.215871000000e-01 6.209720000000e-02 -5.666908000000e-01 -5.378732000000e+02
-5.682635000000e-01 -2.932919000000e-02 8.223238000000e-01 9.001742000000e+02 3.565867000000e-02 9.975479000000e-01 6.022055000000e-02 2.394138000000e+01 -8.220736000000e-01 6.354410000000e-02 -5.658242000000e-01 -5.393743000000e+02
-5.674666000000e-01 -2.987107000000e-02 8.228544000000e-01 9.023079000000e+02 3.527361000000e-02 9.975424000000e-01 6.053835000000e-02 2.404861000000e+01 -8.226405000000e-01 6.337853000000e-02 -5.650183000000e-01 -5.408662000000e+02
-5.667491000000e-01 -3.057614000000e-02 8.233229000000e-01 9.044565000000e+02 3.453723000000e-02 9.975510000000e-01 6.082085000000e-02 2.415887000000e+01 -8.231662000000e-01 6.290544000000e-02 -5.643051000000e-01 -5.423632000000e+02
-5.660981000000e-01 -3.034901000000e-02 8.237791000000e-01 9.065910000000e+02 3.419117000000e-02 9.975976000000e-01 6.024874000000e-02 2.426707000000e+01 -8.236285000000e-01 6.227265000000e-02 -5.637004000000e-01 -5.438481000000e+02
-5.655556000000e-01 -3.067740000000e-02 8.241394000000e-01 9.087272000000e+02 3.299448000000e-02 9.976662000000e-01 5.977874000000e-02 2.437286000000e+01 -8.240499000000e-01 6.100024000000e-02 -5.632235000000e-01 -5.453321000000e+02
-5.650646000000e-01 -3.086228000000e-02 8.244693000000e-01 9.108623000000e+02 3.262427000000e-02 9.976827000000e-01 5.970578000000e-02 2.447974000000e+01 -8.244014000000e-01 6.063531000000e-02 -5.627483000000e-01 -5.468143000000e+02
-5.646629000000e-01 -2.991198000000e-02 8.247795000000e-01 9.129899000000e+02 3.330632000000e-02 9.977030000000e-01 5.898560000000e-02 2.458493000000e+01 -8.246493000000e-01 6.077733000000e-02 -5.623696000000e-01 -5.482919000000e+02
-5.642681000000e-01 -2.785301000000e-02 8.251217000000e-01 9.151230000000e+02 3.442717000000e-02 9.977676000000e-01 5.722426000000e-02 2.468802000000e+01 -8.248735000000e-01 6.069641000000e-02 -5.620495000000e-01 -5.497727000000e+02
-5.639883000000e-01 -2.826633000000e-02 8.252989000000e-01 9.172617000000e+02 3.514762000000e-02 9.976866000000e-01 5.818957000000e-02 2.478905000000e+01 -8.250344000000e-01 6.182552000000e-02 -5.616901000000e-01 -5.512578000000e+02
-5.636683000000e-01 -3.042815000000e-02 8.254406000000e-01 9.194006000000e+02 3.603064000000e-02 9.974643000000e-01 6.137366000000e-02 2.489471000000e+01 -8.252150000000e-01 6.433553000000e-02 -5.611426000000e-01 -5.527312000000e+02
-5.635347000000e-01 -3.195231000000e-02 8.254742000000e-01 9.215445000000e+02 3.447316000000e-02 9.974716000000e-01 6.214409000000e-02 2.501399000000e+01 -8.253727000000e-01 6.347705000000e-02 -5.610084000000e-01 -5.542024000000e+02
-5.634154000000e-01 -2.712992000000e-02 8.257282000000e-01 9.236762000000e+02 3.179125000000e-02 9.980085000000e-01 5.448229000000e-02 2.512190000000e+01 -8.255619000000e-01 5.694708000000e-02 -5.614308000000e-01 -5.556621000000e+02
-5.633396000000e-01 -2.350582000000e-02 8.258911000000e-01 9.258066000000e+02 3.081412000000e-02 9.983021000000e-01 4.943112000000e-02 2.521008000000e+01 -8.256507000000e-01 5.329560000000e-02 -5.616587000000e-01 -5.571257000000e+02
-5.632295000000e-01 -2.787898000000e-02 8.258301000000e-01 9.279450000000e+02 2.946396000000e-02 9.981175000000e-01 5.379008000000e-02 2.530080000000e+01 -8.257750000000e-01 5.462837000000e-02 -5.613477000000e-01 -5.585951000000e+02
-5.630537000000e-01 -3.359089000000e-02 8.257374000000e-01 9.300863000000e+02 2.975654000000e-02 9.977016000000e-01 6.087675000000e-02 2.541005000000e+01 -8.258844000000e-01 5.884795000000e-02 -5.607600000000e-01 -5.600649000000e+02
-5.628334000000e-01 -3.494786000000e-02 8.258313000000e-01 9.322263000000e+02 3.062719000000e-02 9.975379000000e-01 6.308772000000e-02 2.552985000000e+01 -8.260027000000e-01 6.080075000000e-02 -5.603772000000e-01 -5.615352000000e+02
-5.624224000000e-01 -3.384311000000e-02 8.261572000000e-01 9.343539000000e+02 3.197187000000e-02 9.975246000000e-01 6.262855000000e-02 2.565168000000e+01 -8.262317000000e-01 6.163748000000e-02 -5.599481000000e-01 -5.629959000000e+02
-5.618793000000e-01 -3.279564000000e-02 8.265689000000e-01 9.364928000000e+02 3.331943000000e-02 9.975056000000e-01 6.222751000000e-02 2.577269000000e+01 -8.265479000000e-01 6.250514000000e-02 -5.593850000000e-01 -5.644662000000e+02
-5.613193000000e-01 -3.387633000000e-02 8.269057000000e-01 9.386325000000e+02 3.342527000000e-02 9.974186000000e-01 6.355154000000e-02 2.589232000000e+01 -8.269240000000e-01 6.331224000000e-02 -5.587380000000e-01 -5.659327000000e+02
-5.606886000000e-01 -3.528829000000e-02 8.272745000000e-01 9.407719000000e+02 3.256962000000e-02 9.973784000000e-01 6.461844000000e-02 2.601411000000e+01 -8.273860000000e-01 6.317482000000e-02 -5.580693000000e-01 -5.673969000000e+02
-5.600649000000e-01 -3.610179000000e-02 8.276618000000e-01 9.429158000000e+02 3.199557000000e-02 9.973621000000e-01 6.515481000000e-02 2.613759000000e+01 -8.278306000000e-01 6.297242000000e-02 -5.574323000000e-01 -5.688595000000e+02
-5.591300000000e-01 -3.379536000000e-02 8.283910000000e-01 9.450575000000e+02 3.244663000000e-02 9.975114000000e-01 6.259500000000e-02 2.626007000000e+01 -8.284448000000e-01 6.187722000000e-02 -5.566420000000e-01 -5.703220000000e+02
-5.582337000000e-01 -3.325722000000e-02 8.290170000000e-01 9.472049000000e+02 3.304581000000e-02 9.975122000000e-01 6.226864000000e-02 2.638159000000e+01 -8.290254000000e-01 6.215598000000e-02 -5.557459000000e-01 -5.717862000000e+02
-5.571162000000e-01 -3.320684000000e-02 8.297704000000e-01 9.493532000000e+02 3.399055000000e-02 9.974510000000e-01 6.273890000000e-02 2.650083000000e+01 -8.297386000000e-01 6.315719000000e-02 -5.545673000000e-01 -5.732481000000e+02
-5.561817000000e-01 -3.341497000000e-02 8.303887000000e-01 9.515077000000e+02 3.423518000000e-02 9.974219000000e-01 6.306662000000e-02 2.662079000000e+01 -8.303552000000e-01 6.350499000000e-02 -5.536039000000e-01 -5.747102000000e+02
-5.553392000000e-01 -3.263775000000e-02 8.309833000000e-01 9.536604000000e+02 3.456643000000e-02 9.974601000000e-01 6.227676000000e-02 2.674228000000e+01 -8.309052000000e-01 6.330884000000e-02 -5.528005000000e-01 -5.761661000000e+02
-5.543396000000e-01 -3.248722000000e-02 8.316563000000e-01 9.558153000000e+02 3.432931000000e-02 9.974950000000e-01 6.184758000000e-02 2.686169000000e+01 -8.315823000000e-01 6.283473000000e-02 -5.518357000000e-01 -5.776191000000e+02
-5.535517000000e-01 -3.450245000000e-02 8.320999000000e-01 9.579804000000e+02 3.366854000000e-02 9.973975000000e-01 6.375429000000e-02 2.698219000000e+01 -8.321340000000e-01 6.330686000000e-02 -5.509494000000e-01 -5.790749000000e+02
-5.528544000000e-01 -3.437076000000e-02 8.325688000000e-01 9.601378000000e+02 3.448732000000e-02 9.973490000000e-01 6.407411000000e-02 2.709965000000e+01 -8.325639000000e-01 6.413671000000e-02 -5.502034000000e-01 -5.805258000000e+02
-5.520804000000e-01 -3.611249000000e-02 8.330085000000e-01 9.623019000000e+02 3.443755000000e-02 9.972215000000e-01 6.605508000000e-02 2.722009000000e+01 -8.330794000000e-01 6.515447000000e-02 -5.493028000000e-01 -5.819778000000e+02
-5.513720000000e-01 -3.997975000000e-02 8.333010000000e-01 9.644640000000e+02 3.437589000000e-02 9.969139000000e-01 7.057506000000e-02 2.734830000000e+01 -8.335509000000e-01 6.755856000000e-02 -5.482961000000e-01 -5.834246000000e+02
-5.507354000000e-01 -4.295808000000e-02 8.335737000000e-01 9.666368000000e+02 3.245409000000e-02 9.968174000000e-01 7.281296000000e-02 2.748447000000e+01 -8.340487000000e-01 6.715354000000e-02 -5.475885000000e-01 -5.848741000000e+02
